problem_04_0422,13414.896249771118,1.0,1
problem_04_0423,12226.692914962769,1.0,1
problem_04_0424,10001.22356414795,1.0,1
problem_04_0425,13435.16445159912,1.0,1
problem_04_0426,10033.719301223757,1.0,1
problem_04_0427,10050.864934921265,1.0,1
problem_04_0428,11989.33172225952,1.0,1
problem_04_0429,11152.68611907959,1.0,1
problem_04_0430,11318.48692893982,1.0,1
problem_04_0431,10230.602741241457,1.0,1
problem_04_0432,11042.339563369753,1.0,1
problem_04_0433,11250.76389312744,1.0,1
problem_04_0434,9733.86836051941,1.0,1
problem_04_0435,12036.95583343506,1.0,1
problem_04_0436,6615.633487701416,1.0,1
problem_04_0437,9014.33038711548,1.0,1
problem_04_0438,12167.72484779358,1.0,1
problem_04_0439,9958.282947540283,1.0,1
problem_04_0440,8772.838830947876,1.0,1
problem_04_0441,12152.25338935852,1.0,1
problem_04_0442,12169.463157653809,1.0,1
problem_04_0443,11136.93356513977,1.0,1
problem_04_0444,12079.675912857056,1.0,1
problem_04_0445,9826.95484161377,1.0,1
problem_04_0446,12158.546686172484,1.0,1
problem_04_0447,0.0,1.0,2
problem_04_0448,10032.95612335205,1.0,1
problem_04_0449,11425.965070724487,1.0,1
problem_04_0450,12039.965629577637,1.0,1
problem_04_0451,11032.093286514282,1.0,1
problem_04_0452,12257.354259490969,1.0,1
problem_04_0453,11846.621751785278,1.0,1
problem_04_0454,11204.35380935669,1.0,1
problem_04_0455,11233.182907104492,1.0,1
problem_04_0456,9928.16162109375,1.0,1
problem_04_0457,9968.285322189333,1.0,1
problem_04_0458,11126.421451568604,1.0,1
problem_04_0459,11124.431848526,1.0,1
problem_04_0460,8663.01703453064,1.0,1
problem_04_0461,12316.638708114624,1.0,1
problem_04_0462,10760.73932647705,1.0,1
problem_04_0463,8844.763040542603,1.0,1
problem_04_0464,12010.203123092651,1.0,1
problem_04_0465,11886.903285980225,1.0,1
problem_04_0466,9905.197858810425,1.0,1
problem_04_0467,10850.068092346191,1.0,1
problem_04_0468,10879.68921661377,1.0,1
problem_04_0469,11035.067558288574,1.0,1
problem_04_0470,10918.580293655396,1.0,1
problem_04_0471,9990.597248077393,1.0,1
problem_04_0472,7775.521755218506,1.0,1
problem_04_0473,0.0,1.0,2
problem_04_0474,10970.919370651243,1.0,1
problem_04_0475,11978.734970092772,1.0,1
problem_04_0476,10192.211866378784,1.0,1
problem_04_0477,8697.651624679565,1.0,1
problem_04_0478,10909.00206565857,1.0,1
problem_04_0479,10837.597608566284,1.0,1
problem_04_0480,9967.355728149414,1.0,1
problem_04_0481,9836.650133132936,1.0,1
problem_04_0482,10563.13180923462,1.0,1
problem_04_0483,10654.868125915527,1.0,1
problem_04_0484,9786.64755821228,1.0,1
problem_04_0485,9623.037576675417,1.0,1
problem_04_0486,10788.23709487915,1.0,1
problem_04_0487,9611.937522888184,1.0,1
problem_04_0488,9813.675165176392,1.0,1
problem_04_0489,9842.7894115448,1.0,1
problem_04_0490,10896.875381469728,1.0,1
problem_04_0491,10738.28935623169,1.0,1
problem_04_0492,10906.753301620483,1.0,1
problem_04_0493,10922.688007354736,1.0,1
problem_04_0494,11818.90344619751,1.0,1
problem_04_0495,10953.5014629364,1.0,1
problem_04_0496,9806.859970092772,1.0,1
problem_04_0497,7759.456872940063,1.0,1
problem_04_0498,9017.092227935793,1.0,1
problem_04_0499,10088.16647529602,1.0,1
problem_04_0500,11199.652194976808,1.0,1
problem_04_0501,11021.955728530884,1.0,1
problem_04_0502,10055.01413345337,1.0,1
problem_04_0503,8958.601951599121,1.0,1
problem_04_0504,10128.199577331545,1.0,1
problem_04_0505,10046.749591827393,1.0,1
problem_04_0506,11174.196243286133,1.0,1
problem_04_0507,12066.456317901611,1.0,1
problem_04_0508,8916.502714157104,1.0,1
problem_04_0509,7853.856563568115,1.0,1
problem_04_0510,11082.249879837036,1.0,1
problem_04_0511,0.0,1.0,2
problem_04_0512,9898.282289505005,1.0,1
problem_04_0513,11455.222845077516,1.0,1
problem_04_0514,12157.4969291687,1.0,1
problem_04_0515,11012.415409088137,1.0,1
problem_04_0516,12131.508827209473,1.0,1
problem_04_0517,8908.8454246521,1.0,1
problem_04_0518,12190.30237197876,1.0,1
problem_04_0519,0.0,1.0,2
problem_04_0520,8924.642086029053,1.0,1
problem_04_0521,10945.563554763794,1.0,1
problem_04_0522,12020.017623901367,1.0,1
problem_04_0523,9981.333017349243,1.0,1
problem_04_0524,11018.429517745972,1.0,1
problem_04_0525,10936.001539230348,1.0,1
problem_04_0526,10001.66153907776,1.0,1
problem_04_0527,11093.43957901001,1.0,1
problem_04_0528,11092.75770187378,1.0,1
problem_04_0529,9856.430768966677,1.0,1
problem_04_0530,12088.635683059692,1.0,1
problem_04_0531,12378.944635391235,1.0,1
problem_04_0532,10253.022909164429,1.0,1
problem_04_0533,11100.138902664185,1.0,1
problem_04_0534,11251.7409324646,1.0,1
problem_04_0535,6715.411424636841,1.0,1
problem_04_0536,12331.857204437256,1.0,1
problem_04_0537,12052.80303955078,1.0,1
problem_04_0538,9853.991985321043,1.0,1
problem_04_0539,10060.57858467102,1.0,1
problem_04_0540,11301.850318908691,1.0,1
problem_04_0541,11183.591842651367,1.0,1
problem_04_0542,11180.7119846344,1.0,1
problem_04_0543,11005.953311920166,1.0,1
problem_04_0544,8986.862421035767,1.0,1
problem_04_0545,9874.871015548706,1.0,1
problem_04_0546,12145.683526992798,1.0,1
problem_04_0547,12047.498226165771,1.0,1
problem_04_0548,11037.609100341797,1.0,1
problem_04_0549,9125.221967697144,1.0,1
problem_04_0550,9952.764511108398,1.0,1
problem_04_0551,9877.50267982483,1.0,1
problem_04_0552,7768.367528915405,1.0,1
problem_04_0553,11479.639768600464,1.0,1
problem_04_0554,10110.203504562378,1.0,1
problem_04_0555,11232.85746574402,0.5,1
problem_04_0556,9987.658977508543,0.7142857142857143,1
problem_04_0557,10031.400442123411,1.0,1
problem_04_0558,10024.336338043213,1.0,1
problem_04_0559,10068.49217414856,1.0,1
problem_04_0560,8985.767126083374,1.0,1
problem_04_0561,10946.999073028564,1.0,1
problem_04_0562,11265.946626663208,1.0,1
problem_04_0563,10230.73697090149,1.0,1
problem_04_0564,10987.043619155884,1.0,1
problem_04_0565,9717.119455337524,1.0,1
problem_04_0566,11937.045812606812,1.0,1
problem_04_0567,12043.1489944458,1.0,1
problem_04_0568,11040.49515724182,1.0,1
problem_04_0569,7733.17289352417,1.0,1
problem_04_0570,9810.784101486206,1.0,1
problem_04_0571,9925.093650817871,1.0,1
problem_04_0572,12556.131601333618,1.0,1
problem_04_0573,11249.207258224487,1.0,1
problem_04_0574,10916.467905044556,1.0,1
problem_04_0575,10119.736433029177,1.0,1
problem_04_0576,10992.775917053224,1.0,1
problem_04_0577,9815.786600112917,1.0,1
problem_04_0578,7761.408567428589,1.0,1
problem_04_0579,14181.978464126589,1.0,1
problem_04_0580,7783.821821212769,1.0,1
problem_04_0581,8950.275659561157,1.0,1
problem_04_0582,11963.134050369265,1.0,1
problem_04_0583,8655.498743057251,1.0,1
problem_04_0584,0.0,1.0,2
problem_04_0585,10919.737100601196,1.0,1
problem_04_0586,8646.751403808594,1.0,1
problem_04_0587,10107.184410095217,1.0,1
problem_04_0588,9748.702764511108,1.0,1
problem_04_0589,9634.088039398192,1.0,1
problem_04_0590,9848.19722175598,1.0,1
problem_04_0591,0.0,1.0,2
problem_04_0592,9021.90399169922,1.0,1
problem_04_0593,9720.781564712524,1.0,1
problem_04_0594,9730.391025543213,1.0,1
problem_04_0595,8941.73264503479,1.0,1
problem_04_0596,10784.905910491943,1.0,1
problem_04_0597,10737.505674362184,1.0,1
problem_04_0598,9935.346603393557,1.0,1
problem_04_0599,9926.326274871826,1.0,1
problem_04_0600,8837.555170059204,1.0,1
problem_04_0601,7888.865232467651,1.0,1
problem_04_0602,7740.701198577881,1.0,1
problem_04_0603,9802.634239196776,1.0,1
problem_04_0604,6687.673091888428,1.0,1
problem_04_0605,10851.1643409729,1.0,1
problem_04_0606,8803.268671035767,1.0,1
problem_04_0607,9293.480634689333,1.0,1
problem_04_0608,11100.231170654297,1.0,1
problem_04_0609,9836.01689338684,1.0,1
problem_04_0610,6674.5765209198,1.0,1
problem_04_0611,0.0,1.0,2
problem_04_0612,9110.034465789797,1.0,1
problem_04_0613,8741.516590118408,1.0,1
problem_04_0614,10024.27101135254,1.0,1
problem_04_0615,8947.892904281616,1.0,1
problem_04_0616,6691.279172897339,1.0,1
problem_04_0617,8797.610521316528,1.0,1
problem_04_0618,9714.697122573853,0.8,1
problem_04_0619,10536.145687103271,1.0,1
problem_04_0620,6725.012302398682,1.0,1
problem_04_0621,7936.582565307617,1.0,1
problem_04_0622,9830.13367652893,1.0,1
problem_04_0623,9850.74520111084,1.0,1
problem_04_0624,10033.860683441162,1.0,1
problem_04_0625,8751.04022026062,1.0,1
problem_04_0626,10877.661943435667,1.0,1
problem_04_0627,8843.952894210815,1.0,1
problem_04_0628,7832.927703857422,1.0,1
problem_04_0629,8631.36887550354,1.0,1
problem_04_0630,8598.139762878418,1.0,1
problem_04_0631,8730.467319488525,1.0,1
problem_04_0632,8807.888269424438,1.0,1
problem_04_0633,7815.391540527344,1.0,1
problem_04_0634,8841.467142105103,1.0,1
problem_04_0635,9702.23832130432,1.0,1
problem_04_0636,8766.799688339233,1.0,1
problem_04_0637,8651.782035827637,1.0,1
problem_04_0638,10768.04494857788,1.0,1
problem_04_0639,9730.89361190796,1.0,1
problem_04_0640,8781.90279006958,1.0,1
problem_04_0641,8790.47417640686,1.0,1
problem_04_0642,7758.812665939331,1.0,1
problem_04_0643,8749.720335006714,1.0,1
problem_04_0644,9749.64427947998,1.0,1
problem_04_0645,7609.8432540893555,1.0,1
problem_04_0646,8584.139823913574,1.0,1
problem_04_0647,7732.53321647644,1.0,1
problem_04_0648,8551.99122428894,1.0,1
problem_04_0649,10747.46799468994,1.0,1
problem_04_0650,11890.352725982666,1.0,1
problem_04_0651,11753.017902374268,1.0,1
problem_04_0652,11035.762786865234,1.0,1
problem_04_0653,8772.125244140625,1.0,1
problem_04_0654,11075.82950592041,1.0,1
problem_04_0655,11863.883018493652,1.0,1
problem_04_0656,0.0,1.0,2
problem_04_0657,10945.176124572754,1.0,1
problem_04_0658,11846.702575683594,1.0,1
problem_04_0659,10726.455211639404,1.0,1
problem_04_0660,12159.188508987429,1.0,1
problem_04_0661,9708.3101272583,1.0,1
problem_04_0662,12065.64736366272,1.0,1
problem_04_0663,11007.906198501589,1.0,1
problem_04_0664,8807.113647460938,1.0,1
problem_04_0665,10825.12617111206,1.0,1
problem_04_0666,11810.200929641724,1.0,1
problem_04_0667,7701.521635055542,1.0,1
problem_04_0668,11958.36329460144,1.0,1
problem_04_0669,9657.175302505491,1.0,1
problem_04_0670,9866.073608398438,1.0,1
problem_04_0671,10768.998384475708,1.0,1
problem_04_0672,11000.072956085203,1.0,1
problem_04_0673,8747.103929519653,1.0,1
problem_04_0674,12002.94280052185,1.0,1
problem_04_0675,10697.954177856443,1.0,1
problem_04_0676,10795.814037322998,1.0,1
problem_04_0677,10876.221656799316,1.0,1
problem_04_0678,10799.774885177612,1.0,1
problem_04_0679,9762.171745300291,1.0,1
problem_04_0680,11763.7357711792,1.0,1
problem_04_0681,9657.206058502195,1.0,1
problem_04_0682,9847.917556762695,1.0,1
problem_04_0683,9749.369144439695,1.0,1
problem_04_0684,0.0,1.0,2
problem_04_0685,8671.640157699585,1.0,1
problem_04_0686,10717.308044433594,1.0,1
problem_04_0687,11869.712352752686,1.0,1
problem_04_0688,9755.215406417848,1.0,1
problem_04_0689,9897.279739379885,1.0,1
problem_04_0690,10781.281232833862,1.0,1
problem_04_0691,13159.128904342651,1.0,1
problem_04_0692,10672.075271606443,1.0,1
problem_04_0693,8835.573434829712,1.0,1
problem_04_0694,6623.021841049194,1.0,1
problem_04_0695,8716.749668121338,1.0,1
problem_04_0696,9849.069833755491,1.0,1
problem_04_0697,9645.565748214722,1.0,1
problem_04_0698,10704.10180091858,1.0,1
problem_04_0699,10840.801477432253,1.0,1
problem_04_0700,9805.367469787598,1.0,1
problem_04_0701,8601.44329071045,1.0,1
problem_04_0702,9743.7584400177,1.0,1
problem_04_0703,9562.488555908203,1.0,1
problem_04_0704,7608.3056926727295,1.0,1
problem_04_0705,10860.559463500977,1.0,1
problem_04_0706,9728.423833847046,1.0,1
problem_04_0707,9700.732469558716,1.0,1
problem_04_0708,10802.87218093872,1.0,1
problem_04_0709,9736.536502838137,1.0,1
problem_04_0710,12147.56178855896,1.0,1
problem_04_0711,10738.415241241457,1.0,1
problem_04_0712,10662.899494171144,1.0,1
problem_04_0713,9783.348083496094,1.0,1
problem_04_0714,9777.090549468994,1.0,1
problem_04_0715,9649.163007736206,1.0,1
problem_04_0716,11403.685808181765,1.0,1
problem_04_0717,10912.08004951477,1.0,1
problem_04_0718,9823.299646377563,1.0,1
problem_04_0719,9857.237577438354,1.0,1
problem_04_0720,10855.399131774902,1.0,1
problem_04_0721,9837.379693984984,1.0,1
problem_04_0722,10820.0364112854,1.0,1
problem_04_0723,11878.100395202637,1.0,1
problem_04_0724,10826.592922210692,1.0,1
problem_04_0725,9705.946922302246,1.0,1
problem_04_0726,11919.670581817629,1.0,1
problem_04_0727,16310.824871063232,1.0,1
problem_04_0728,0.0,1.0,2
problem_04_0729,8785.990476608276,1.0,1
problem_04_0730,11884.316682815552,1.0,1
problem_04_0731,10678.59959602356,1.0,1
problem_04_0732,9751.104831695557,1.0,1
problem_04_0733,9743.72935295105,1.0,1
problem_04_0734,10680.700778961182,1.0,1
problem_04_0735,10994.312286376951,1.0,1
problem_04_0736,0.0,1.0,2
problem_04_0737,10789.52956199646,1.0,1
problem_04_0738,10738.538265228271,1.0,1
problem_04_0739,15.625,1.0,2
problem_04_0740,10840.776205062866,1.0,1
problem_04_0741,11793.557167053224,1.0,1
problem_04_0742,10636.210441589355,1.0,1
problem_04_0743,10861.2859249115,1.0,1
problem_04_0744,10659.76095199585,1.0,1
problem_04_0745,8724.021434783936,1.0,1
problem_04_0746,9921.706438064575,1.0,1
problem_04_0747,12194.976329803469,1.0,1
problem_04_0748,10003.37815284729,1.0,1
problem_04_0749,11882.704496383669,1.0,1
problem_04_0750,9714.89930152893,1.0,1
problem_04_0751,10652.37832069397,1.0,1
problem_04_0752,11979.943990707396,1.0,1
problem_04_0753,10743.76368522644,1.0,1
problem_04_0754,7651.793479919434,1.0,1
problem_04_0755,10989.235401153564,1.0,1
problem_04_0756,9697.364807128906,1.0,1
problem_04_0757,9806.402921676636,1.0,1
problem_04_0758,10701.143503189089,1.0,1
problem_04_0759,10899.74069595337,1.0,1
problem_04_0760,9849.67017173767,1.0,1
problem_04_0761,10039.670944213867,1.0,1
problem_04_0762,12168.728590011597,1.0,1
problem_04_0763,12034.945011138916,1.0,1
problem_04_0764,8530.50971031189,1.0,1
problem_04_0765,8818.541288375854,1.0,1
problem_04_0766,10643.558263778688,1.0,1
problem_04_0767,10384.570837020874,1.0,1
problem_04_0768,10861.782550811768,1.0,1
problem_04_0769,10802.396297454834,1.0,1
problem_04_0770,11877.397060394287,1.0,1
problem_04_0771,9697.468996047974,1.0,1
problem_04_0772,8637.617588043213,1.0,1
problem_04_0773,9801.624298095703,1.0,1
problem_04_0774,9706.18200302124,1.0,1
problem_04_0775,8765.46573638916,1.0,1
problem_04_0776,9663.150310516356,1.0,1
problem_04_0777,7708.43243598938,1.0,1
problem_04_0778,10825.03056526184,1.0,1
problem_04_0779,10923.565864562988,1.0,1
problem_04_0780,8565.372943878174,1.0,1
problem_04_0781,9623.457670211792,1.0,1
problem_04_0782,11850.175619125366,1.0,1
problem_04_0783,12994.652509689333,1.0,1
problem_04_0784,9817.424297332764,1.0,1
problem_04_0785,10894.95038986206,1.0,1
problem_04_0786,9758.358001708984,1.0,1
problem_04_0787,9900.145530700684,1.0,1
problem_04_0788,13021.06547355652,1.0,1
problem_04_0789,8700.97827911377,1.0,1
problem_04_0790,11026.013612747192,1.0,1
problem_04_0791,9908.472776412964,1.0,1
problem_04_0792,10869.06623840332,1.0,1
problem_04_0793,9787.64510154724,1.0,1
problem_04_0794,10946.797132492064,1.0,1
problem_04_0795,9930.132150650024,1.0,1
problem_04_0796,10058.788776397703,1.0,1
problem_04_0797,8910.655736923218,1.0,1
problem_04_0798,11359.790325164797,1.0,1
problem_04_0799,11174.873113632202,1.0,1
problem_04_0800,0.0,1.0,2
problem_04_0801,10022.672176361084,1.0,1
problem_04_0802,11025.539875030518,1.0,1
problem_04_0803,11086.549520492554,1.0,1
problem_04_0804,9929.076194763184,1.0,1
problem_04_0805,8768.635034561157,1.0,1
problem_04_0806,13239.642143249512,1.0,1
problem_04_0807,8961.739301681519,1.0,1
problem_04_0808,8826.391220092773,1.0,1
problem_04_0809,8818.587303161621,1.0,1
problem_04_0810,11261.480569839478,1.0,1
problem_04_0811,8901.578187942505,1.0,1
problem_04_0812,10236.87481880188,1.0,1
problem_04_0813,11289.410591125488,1.0,1
problem_04_0814,10099.902868270874,1.0,1
problem_04_0815,8901.969194412231,1.0,1
problem_04_0816,10062.70980834961,1.0,1
problem_04_0817,7902.689695358276,1.0,1
problem_04_0818,11194.843292236328,1.0,1
problem_04_0819,10105.720281600952,1.0,1
problem_04_0820,9865.658044815063,1.0,1
problem_04_0821,11256.247520446776,1.0,1
problem_04_0822,10075.10256767273,1.0,1
problem_04_0823,10203.397035598757,1.0,1
problem_04_0824,6590.07716178894,1.0,1
problem_04_0825,10076.339960098268,1.0,1
problem_04_0826,8955.079078674316,1.0,1
problem_04_0827,8792.310237884521,1.0,1
problem_04_0828,7838.1383419036865,1.0,1
problem_04_0829,8960.009813308716,1.0,1
problem_04_0830,7827.908039093018,1.0,1
problem_04_0831,7870.5153465271,1.0,1
problem_04_0832,8928.176641464233,1.0,1
problem_04_0833,7832.12685585022,1.0,1
problem_04_0834,11262.940883636476,1.0,1
problem_04_0835,9888.938903808594,1.0,1
problem_04_0836,10215.131521224976,1.0,1
problem_04_0837,7886.574029922485,1.0,1
problem_04_0838,9913.236856460571,1.0,1
problem_04_0839,10110.800981521606,1.0,1
problem_04_0840,10018.760681152344,1.0,1
problem_04_0841,0.0,1.0,2
problem_04_0842,10896.084308624268,1.0,1
problem_04_0843,9798.136472702026,1.0,1
problem_04_0844,9006.943225860596,1.0,1
problem_04_0845,10172.990798950195,1.0,1
problem_04_0846,6949.701309204102,1.0,1
problem_04_0847,7857.751846313477,1.0,1
problem_04_0848,9249.600410461426,1.0,1
problem_04_0849,11081.049919128418,1.0,1
problem_04_0850,8704.573631286621,1.0,1
problem_04_0851,9807.926416397097,1.0,1
problem_04_0852,9907.335042953491,1.0,1
problem_04_0853,11614.763736724854,1.0,1
problem_04_0854,10113.82818222046,1.0,1
problem_04_0855,11534.271478652954,1.0,1
problem_04_0856,9885.14256477356,1.0,1
problem_04_0857,10076.551675796509,1.0,1
problem_04_0858,8850.802183151245,1.0,1
problem_04_0859,6680.009841918945,1.0,1
problem_04_0860,10883.652210235596,1.0,1
problem_04_0861,9994.433641433716,1.0,1
problem_04_0862,9984.084606170654,1.0,1
problem_04_0863,8780.193328857422,1.0,1
problem_04_0864,8926.702499389648,1.0,1
problem_04_0865,10055.903911590576,1.0,1
problem_04_0866,12173.420429229736,1.0,1
problem_04_0867,11162.837028503418,1.0,1
problem_04_0868,11007.75122642517,1.0,1
problem_04_0869,10136.045217514038,1.0,1
problem_04_0870,12100.0018119812,1.0,1
problem_04_0871,0.0,1.0,2
problem_04_0872,12004.886627197266,1.0,1
problem_04_0873,0.0,1.0,2
problem_04_0874,0.0,1.0,2
problem_04_0875,0.0,1.0,2
problem_04_0876,9983.914852142334,1.0,1
problem_04_0877,8735.957145690918,1.0,1
problem_04_0878,12224.265098571776,1.0,1
problem_04_0879,13458.802700042725,1.0,1
problem_04_0880,11034.547805786133,1.0,1
problem_04_0881,11582.194805145264,1.0,1
problem_04_0882,12156.1439037323,1.0,1
problem_04_0883,11160.897016525269,1.0,1
problem_04_0884,9897.416114807129,1.0,1
problem_04_0885,12406.5842628479,1.0,1
problem_04_0886,10480.33356666565,1.0,1
problem_04_0887,9656.470537185667,1.0,1
problem_04_0888,12742.70224571228,1.0,1
problem_04_0889,11333.360433578491,1.0,1
problem_04_0890,11664.997339248655,1.0,1
problem_04_0891,11914.20078277588,1.0,1
problem_04_0892,11075.466394424438,1.0,1
problem_04_0893,12196.805715560911,1.0,1
problem_04_0894,10959.743976593018,1.0,1
problem_04_0895,11296.624422073364,1.0,1
problem_04_0896,10974.533081054688,1.0,1
problem_04_0897,12260.347366333008,1.0,1
problem_04_0898,8883.325576782227,1.0,1
problem_04_0899,9967.194080352783,1.0,1
problem_04_0900,11074.694395065308,1.0,1
problem_04_0901,11281.410932540894,1.0,1
problem_04_0902,10108.683109283447,1.0,1
problem_04_0903,9892.175912857056,1.0,1
problem_04_0904,10048.789501190186,1.0,1
problem_04_0905,9113.211631774902,1.0,1
problem_04_0906,12023.66542816162,1.0,1
problem_04_0907,11018.864393234251,1.0,1
problem_04_0908,9926.229476928713,1.0,1
problem_04_0909,8993.427753448486,1.0,1
problem_04_0910,11225.02589225769,1.0,1
problem_04_0911,10920.838356018066,0.5,1
problem_04_0912,10121.587753295898,1.0,1
problem_04_0913,11237.686157226562,1.0,1
problem_04_0914,11244.173288345335,1.0,1
problem_04_0915,11330.03306388855,1.0,1
problem_04_0916,10046.597480773926,1.0,1
problem_04_0917,11093.018770217896,1.0,1
problem_04_0918,10239.41445350647,1.0,1
problem_04_0919,7844.799041748047,1.0,1
problem_04_0920,9949.795722961426,1.0,1
problem_04_0921,7767.76123046875,1.0,1
problem_04_0922,12201.685428619385,1.0,1
problem_04_0923,11189.98098373413,1.0,1
problem_04_0924,6761.670351028442,1.0,1
problem_04_0925,10904.942989349363,1.0,1
problem_04_0926,11027.454137802124,1.0,1
problem_04_0927,11896.232604980469,1.0,1
problem_04_0928,10929.011821746826,1.0,1
problem_04_0929,10986.129760742188,1.0,1
problem_04_0930,10091.813802719116,0.7142857142857143,1
problem_04_0931,8907.960891723633,1.0,1
problem_04_0932,12008.923292160034,1.0,1
problem_04_0933,8927.88052558899,1.0,1
problem_04_0934,11021.732568740845,1.0,1
problem_04_0935,9872.891902923584,1.0,1
problem_04_0936,11735.231637954712,1.0,1
problem_04_0937,6710.25276184082,1.0,1
problem_04_0938,10863.206386566162,1.0,1
problem_04_0939,9827.379703521729,1.0,1
problem_04_0940,8869.27318572998,1.0,1
problem_04_0941,6680.37486076355,1.0,1
problem_04_0942,9864.036083221436,1.0,1
problem_04_0943,0.0,1.0,2
problem_04_0944,8726.394176483154,1.0,1
problem_04_0945,0.0,1.0,2
problem_04_0946,0.0,1.0,2
problem_04_0947,0.0,1.0,2
problem_04_0948,8853.282451629639,1.0,1
problem_04_0949,9211.948871612549,1.0,1
problem_04_0950,14635.664224624634,1.0,1
problem_04_0951,11023.557424545288,1.0,1
problem_04_0952,7756.751537322998,1.0,1
problem_04_0953,8862.832307815552,1.0,1
problem_04_0954,10985.704898834229,1.0,1
problem_04_0955,8877.28762626648,1.0,1
problem_04_0956,7793.373346328735,1.0,1
problem_04_0957,9984.304428100586,0.8,1
problem_04_0958,8906.383037567139,1.0,1
problem_04_0959,8752.755403518677,1.0,1
problem_04_0960,9939.692974090576,1.0,1
problem_04_0961,8912.909746170044,1.0,1
problem_04_0962,10892.371654510498,1.0,1
problem_04_0963,10936.031103134155,1.0,1
problem_04_0964,10113.698959350586,1.0,1
problem_04_0965,10158.995628356934,1.0,1
problem_04_0966,9876.049041748049,1.0,1
problem_04_0967,7760.76865196228,1.0,1
problem_04_0968,9990.959405899048,0.8,1
problem_04_0969,10932.32488632202,1.0,1
problem_04_0970,8951.274394989014,1.0,1
problem_04_0971,8913.079977035522,1.0,1
problem_04_0972,9989.249229431152,1.0,1
problem_04_0973,9892.496585845947,1.0,1
problem_04_0974,8967.664003372192,1.0,1
problem_04_0975,8933.221817016602,1.0,1
problem_04_0976,8826.790571212769,1.0,1
problem_04_0977,7793.833494186401,1.0,1
problem_04_0978,10996.476888656616,1.0,1
problem_04_0979,9907.749891281128,1.0,1
problem_04_0980,9833.56785774231,1.0,1
problem_04_0981,7917.581796646118,1.0,1
problem_04_0982,8716.671705245972,1.0,1
problem_04_0983,8694.262266159058,1.0,1
problem_04_0984,6704.699754714966,1.0,1
problem_04_0985,9814.555644989014,1.0,1
problem_04_0986,7756.590843200684,1.0,1
problem_04_0987,9936.404943466188,1.0,1
problem_04_0988,8881.016254425049,1.0,1
problem_04_0989,9118.289709091188,1.0,1
problem_04_0990,8887.22562789917,1.0,1
problem_04_0991,6766.521215438843,1.0,1
problem_04_0992,7807.038307189941,1.0,1
problem_04_0993,7628.965616226196,1.0,1
problem_04_0994,8688.384771347046,1.0,1
problem_04_0995,8832.801103591919,1.0,1
problem_04_0996,7797.15633392334,1.0,1
problem_04_0997,8805.419921875,1.0,1
problem_04_0998,9841.531038284302,1.0,1
problem_04_0999,10892.476797103882,1.0,1
problem_04_1000,9496.3059425354,1.0,1
problem_04_1001,7724.340438842773,1.0,1
problem_04_1002,8630.347490310669,1.0,1
problem_04_1003,7512.84122467041,1.0,1
problem_04_1004,10664.738178253174,1.0,1
problem_04_1005,8600.621461868286,1.0,1
problem_04_1006,9538.257122039797,1.0,1
problem_04_1007,8594.149589538574,1.0,1
problem_04_1008,9311.898946762083,1.0,1
problem_04_1009,10551.889419555664,1.0,1
problem_04_1010,11329.521417617798,1.0,1
problem_04_1011,11441.754579544067,1.0,1
problem_04_1012,10659.120559692385,1.0,1
problem_04_1013,9556.604385375977,1.0,1
problem_04_1014,9483.90245437622,1.0,1
problem_04_1015,11569.474458694458,1.0,1
problem_04_1016,11826.560735702516,1.0,1
problem_04_1017,12913.795471191406,1.0,1
problem_04_1018,11586.939096450806,1.0,1
problem_04_1019,10653.238296508787,1.0,1
problem_04_1020,10461.088180541992,1.0,1
problem_04_1021,11654.008388519287,1.0,1
problem_04_1022,10566.985368728638,1.0,1
problem_04_1023,10701.120138168337,1.0,1
problem_04_1024,8653.1503200531,1.0,1
problem_04_1025,10456.46905899048,1.0,1
problem_04_1026,9511.7084980011,1.0,1
problem_04_1027,9431.527376174929,1.0,1
problem_04_1028,11452.889680862429,1.0,1
problem_04_1029,11579.159259796144,1.0,1
problem_04_1030,9700.242519378662,1.0,1
problem_04_1031,10537.126064300535,1.0,1
problem_04_1032,9698.173999786375,1.0,1
problem_04_1033,8722.671508789062,1.0,1
problem_04_1034,10569.293975830078,1.0,1
problem_04_1035,11749.347686767578,1.0,1
problem_04_1036,10532.326459884644,1.0,1
problem_04_1037,10642.68159866333,1.0,1
problem_04_1038,6511.421680450439,1.0,1
problem_04_1039,10712.335348129272,1.0,1
problem_04_1040,11537.029027938845,1.0,1
problem_04_1041,10619.815111160278,1.0,1
problem_04_1042,8601.307153701782,1.0,1
problem_04_1043,9573.18663597107,1.0,1
problem_04_1044,9431.366920471191,1.0,1
problem_04_1045,9697.316408157349,1.0,1
problem_04_1046,10394.4673538208,1.0,1
problem_04_1047,10902.261972427368,1.0,1
problem_04_1048,9679.436683654783,1.0,1
problem_04_1049,9764.468669891356,1.0,1
problem_04_1050,11716.745853424072,1.0,1
problem_04_1051,11508.425235748293,1.0,1
problem_04_1052,9394.455194473268,1.0,1
problem_04_1053,8648.231983184814,1.0,1
problem_04_1054,10364.348649978638,1.0,1
problem_04_1055,10691.431999206545,1.0,1
problem_04_1056,10632.433652877808,1.0,1
problem_04_1057,10612.593650817871,1.0,1
problem_04_1058,11731.168508529665,1.0,1
problem_04_1059,8524.225950241089,1.0,1
problem_04_1060,7700.230360031128,1.0,1
problem_04_1061,10414.83235359192,1.0,1
problem_04_1062,9684.146165847778,1.0,1
problem_04_1063,15.625,1.0,2
problem_04_1064,9484.55786705017,1.0,1
problem_04_1065,9499.202966690063,1.0,1
problem_04_1066,10582.45587348938,1.0,1
problem_04_1067,8584.142923355103,1.0,1
problem_04_1068,10716.27116203308,1.0,1
problem_04_1069,7501.323223114014,1.0,1
problem_04_1070,11580.287456512451,1.0,1
problem_04_1071,11644.341707229614,1.0,1
problem_04_1072,8521.654844284058,1.0,1
problem_04_1073,10764.992713928224,1.0,1
problem_04_1074,9548.85721206665,1.0,1
problem_04_1075,9910.670518875122,1.0,1
problem_04_1076,10642.504930496216,1.0,1
problem_04_1077,9764.938116073608,1.0,1
problem_04_1078,10500.935316085815,1.0,1
problem_04_1079,9569.854497909546,1.0,1
problem_04_1080,10444.96774673462,1.0,1
problem_04_1081,10604.16340827942,1.0,1
problem_04_1082,11695.24621963501,1.0,1
problem_04_1083,11525.017976760864,1.0,1
problem_04_1084,10662.275791168213,1.0,1
problem_04_1085,9643.624544143677,1.0,1
problem_04_1086,11663.307189941406,0.8,1
problem_04_1087,11452.53586769104,1.0,1
problem_04_1088,11647.187948226929,1.0,1
problem_04_1089,9463.042497634888,1.0,1
problem_04_1090,10537.860631942747,1.0,1
problem_04_1091,10504.218816757202,1.0,1
problem_04_1092,8552.133560180664,1.0,1
problem_04_1093,12792.31595993042,1.0,1
problem_04_1094,10512.40301132202,1.0,1
problem_04_1095,0.0,1.0,2
problem_04_1096,9676.636219024658,1.0,1
problem_04_1097,10638.882160186768,1.0,1
problem_04_1098,10647.706270217896,1.0,1
problem_04_1099,8502.284288406372,1.0,1
problem_04_1100,11792.691230773926,1.0,1
problem_04_1101,11596.359968185425,1.0,1
problem_04_1102,10577.648401260376,1.0,1
problem_04_1103,10589.129209518433,1.0,1
problem_04_1104,10771.832466125488,1.0,1
problem_04_1105,7674.701929092407,1.0,1
problem_04_1106,10740.452766418455,1.0,1
problem_04_1107,11461.404085159302,1.0,1
problem_04_1108,10611.191749572754,1.0,1
problem_04_1109,11715.346813201904,1.0,1
problem_04_1110,9501.1785030365,1.0,1
problem_04_1111,10860.391616821287,1.0,1
problem_04_1112,9618.571281433104,1.0,1
problem_04_1113,9566.28131866455,1.0,1
problem_04_1114,8603.791236877441,1.0,1
problem_04_1115,10931.005954742432,1.0,1
problem_04_1116,8616.14465713501,1.0,1
problem_04_1117,8517.656564712524,1.0,1
problem_04_1118,9814.129114151,1.0,1
problem_04_1119,9866.64056777954,1.0,1
problem_04_1120,9678.258419036863,1.0,1
problem_04_1121,9559.246301651,1.0,1
problem_04_1122,11648.847341537476,1.0,1
problem_04_1123,11651.105880737305,1.0,1
problem_04_1124,9764.12558555603,1.0,1
problem_04_1125,8564.948558807373,1.0,1
problem_04_1126,9641.534805297852,1.0,1
problem_04_1127,11743.809700012209,1.0,1
problem_04_1128,10518.415927886965,1.0,1
problem_04_1129,10508.04328918457,1.0,1
problem_04_1130,13820.787191390991,1.0,1
problem_04_1131,9605.462074279783,1.0,1
problem_04_1132,8543.769598007202,1.0,1
problem_04_1133,10759.42349433899,1.0,1
problem_04_1134,7659.709692001343,1.0,1
problem_04_1135,9647.367000579834,1.0,1
problem_04_1136,9457.75032043457,1.0,1
problem_04_1137,9638.123512268066,1.0,1
problem_04_1138,10687.790155410768,1.0,1
problem_04_1139,10690.06848335266,1.0,1
problem_04_1140,10544.331789016724,1.0,1
problem_04_1141,9752.995491027832,1.0,1
problem_04_1142,10557.17706680298,1.0,1
problem_04_1143,11395.054578781128,1.0,1
problem_04_1144,10749.974012374878,1.0,1
problem_04_1145,10727.1089553833,1.0,1
problem_04_1146,12153.38921546936,1.0,1
problem_04_1147,8554.361343383789,1.0,1
problem_04_1148,11495.933294296265,1.0,1
problem_04_1149,9948.51040840149,1.0,1
problem_04_1150,10607.16962814331,1.0,1
problem_04_1151,9605.21650314331,1.0,1
problem_04_1152,10866.139650344849,1.0,1
problem_04_1153,8525.785684585571,1.0,1
problem_04_1154,9493.424654006958,1.0,1
problem_04_1155,9664.615869522097,1.0,1
problem_04_1156,8518.684148788452,1.0,1
problem_04_1157,6655.242919921875,1.0,1
problem_04_1158,7452.6872634887695,1.0,1
problem_04_1159,9593.114376068115,1.0,1
problem_04_1160,8610.925912857056,1.0,1
problem_04_1161,8449.57184791565,1.0,1
problem_04_1162,8460.926055908203,1.0,1
problem_04_1163,9458.264112472534,1.0,1
problem_04_1164,8495.103120803833,1.0,1
problem_04_1165,9516.999006271362,1.0,1
problem_04_1166,7470.19624710083,1.0,1
problem_04_1167,8469.200849533081,1.0,1
problem_04_1168,9483.980178833008,1.0,1
problem_04_1169,8609.074354171753,1.0,1
problem_04_1170,9401.921510696411,1.0,1
problem_04_1171,7514.456033706665,1.0,1
problem_04_1172,9531.328678131104,1.0,1
problem_04_1173,8442.482233047485,1.0,1
problem_04_1174,6637.763023376465,1.0,1
problem_04_1175,7681.300401687622,1.0,1
problem_04_1176,8467.203855514526,1.0,1
problem_04_1177,7563.408851623535,1.0,1
problem_04_1178,9460.394382476808,1.0,1
problem_04_1179,9357.882261276243,1.0,1
problem_04_1180,8565.221071243286,1.0,1
problem_04_1181,7383.2690715789795,1.0,1
problem_04_1182,7512.202978134155,1.0,1
problem_04_1183,7492.794275283813,1.0,1
problem_04_1184,9473.83165359497,1.0,1
problem_04_1185,9474.732160568235,1.0,1
problem_04_1186,7851.6845703125,1.0,1
problem_04_1187,6583.761930465698,1.0,1
problem_04_1188,8566.46728515625,1.0,1
problem_04_1189,8436.301708221436,1.0,1
problem_04_1190,8574.503660202026,1.0,1
problem_04_1191,8581.293821334839,1.0,1
problem_04_1192,7740.52357673645,1.0,1
problem_04_1193,7466.488361358643,1.0,1
problem_04_1194,10147.019624710085,1.0,1
problem_04_1195,8563.25912475586,1.0,1
problem_04_1196,8574.503183364868,1.0,1
problem_04_1197,6592.4272537231445,1.0,1
problem_04_1198,7511.690616607666,1.0,1
problem_04_1199,7613.593339920044,1.0,1
problem_04_1200,7447.013854980469,1.0,1
problem_04_1201,8519.964218139648,1.0,1
problem_04_1202,8780.152320861816,1.0,1
problem_04_1203,8501.885414123535,1.0,1
problem_04_1204,7684.223651885986,1.0,1
problem_04_1205,7681.077480316162,1.0,1
problem_04_1206,8839.560747146606,1.0,1
problem_04_1207,7704.626798629761,1.0,1
problem_04_1208,6717.803716659546,1.0,1
problem_04_1209,8704.322576522827,1.0,1
problem_04_1210,9769.135236740112,1.0,1
problem_04_1211,6597.678661346436,1.0,1
problem_04_1212,8760.826110839844,1.0,1
problem_05_0001,12411.089897155762,1.0,1
problem_05_0002,14586.289644241331,1.0,1
problem_05_0003,18150.29001235962,1.0,1
problem_05_0004,19520.97463607788,0.8571428571428571,1
problem_05_0005,15541.00227355957,1.0,1
problem_05_0006,14332.72933959961,1.0,1
problem_05_0007,13048.498630523682,1.0,1
problem_05_0008,19496.77276611328,1.0,1
problem_05_0009,12041.442155838013,1.0,1
problem_05_0010,12042.872667312622,1.0,1
problem_05_0011,14468.791246414185,1.0,1
problem_05_0012,16864.352703094482,1.0,1
problem_05_0013,13307.607650756836,1.0,1
problem_05_0014,12321.443796157835,1.0,1
problem_05_0015,13503.70955467224,1.0,1
problem_05_0016,13323.297023773192,1.0,1
problem_05_0017,13814.78214263916,1.0,1
problem_05_0018,12245.651483535768,1.0,1
problem_05_0019,13332.612991333008,1.0,1
problem_05_0020,14837.875127792358,1.0,1
problem_05_0021,13486.51123046875,1.0,1
problem_05_0022,13319.146633148192,1.0,1
problem_05_0023,15655.330419540403,1.0,1
problem_05_0024,12121.66428565979,1.0,1
problem_05_0025,18912.27769851685,1.0,1
problem_05_0026,15525.314331054688,1.0,1
problem_05_0027,13362.683773040771,1.0,1
problem_05_0028,13197.288274765016,1.0,1
problem_05_0029,15815.524101257324,1.0,1
problem_05_0030,12207.39722251892,1.0,1
problem_05_0031,12065.213441848757,1.0,1
problem_05_0032,15651.226043701172,1.0,1
problem_05_0033,14507.713317871094,1.0,1
problem_05_0034,11040.952920913696,1.0,1
problem_05_0035,14662.21523284912,1.0,1
problem_05_0036,13219.31767463684,1.0,1
problem_05_0037,14330.140829086304,1.0,1
problem_05_0038,16647.69697189331,1.0,1
problem_05_0039,11168.59745979309,1.0,1
problem_05_0040,15785.043716430664,1.0,1
problem_05_0041,12303.735494613647,1.0,1
problem_05_0042,13438.649892807009,1.0,1
problem_05_0043,13255.350351333618,1.0,1
problem_05_0044,16946.523189544678,1.0,1
problem_05_0045,20329.58388328552,1.0,1
problem_05_0046,12142.754793167114,1.0,1
problem_05_0047,13079.939126968384,1.0,1
problem_05_0048,14195.261001586914,1.0,1
problem_05_0049,13251.53636932373,1.0,1
problem_05_0050,13107.948064804075,1.0,1
problem_05_0051,12184.824228286743,0.8333333333333334,1
problem_05_0052,12298.90513420105,1.0,1
problem_05_0053,12317.827224731443,1.0,1
problem_05_0054,12049.79395866394,1.0,1
problem_05_0055,14109.071731567385,1.0,1
problem_05_0056,14764.416217803957,1.0,1
problem_05_0057,13434.892416000366,1.0,1
problem_05_0058,13185.193061828611,1.0,1
problem_05_0059,12273.051977157593,1.0,1
problem_05_0060,12159.02590751648,1.0,1
problem_05_0061,12290.517568588257,0.8333333333333334,1
problem_05_0062,12739.69316482544,1.0,1
problem_05_0063,13124.11880493164,1.0,1
problem_05_0064,11983.757257461548,1.0,1
problem_05_0065,12908.865928649902,1.0,1
problem_05_0066,12983.32929611206,1.0,1
problem_05_0067,15150.30837059021,1.0,1
problem_05_0068,14155.194520950316,1.0,1
problem_05_0069,10922.265768051147,1.0,1
problem_05_0070,11927.445650100708,1.0,1
problem_05_0071,13531.817197799684,0.8571428571428571,1
problem_05_0072,13547.20902442932,1.0,1
problem_05_0073,13324.806690216064,1.0,1
problem_05_0074,18766.957759857178,1.0,1
problem_05_0075,13066.215753555298,1.0,1
problem_05_0076,12185.755252838137,1.0,1
problem_05_0077,13092.37813949585,1.0,1
problem_05_0078,13245.063066482544,1.0,1
problem_05_0079,15527.348041534424,1.0,1
problem_05_0080,10872.35403060913,1.0,1
problem_05_0081,13145.567655563354,1.0,1
problem_05_0082,12171.382427215576,1.0,1
problem_05_0083,14869.007349014282,1.0,1
problem_05_0084,21175.782680511475,1.0,1
problem_05_0085,11916.515827178957,1.0,1
problem_05_0086,13162.514448165894,1.0,1
problem_05_0087,12016.47138595581,1.0,1
problem_05_0088,11003.000497817991,1.0,1
problem_05_0089,13377.94280052185,1.0,1
problem_05_0090,16475.35014152527,0.8333333333333334,1
problem_05_0091,13583.195686340332,1.0,1
problem_05_0092,13161.008358001707,1.0,1
problem_05_0093,11019.210577011108,1.0,1
problem_05_0094,11029.877662658691,1.0,1
problem_05_0095,12296.952962875366,1.0,1
problem_05_0096,11097.341537475586,1.0,1
problem_05_0097,14270.965337753296,1.0,1
problem_05_0098,12959.974527359009,1.0,1
problem_05_0099,16696.518421173096,1.0,1
problem_05_0100,12148.255586624146,1.0,1
problem_05_0101,11036.092042922974,1.0,1
problem_05_0102,11189.206838607788,1.0,1
problem_05_0103,14483.520984649658,1.0,1
problem_05_0104,17808.3233833313,1.0,1
problem_05_0105,12106.725692749023,1.0,1
problem_05_0106,12127.315759658812,1.0,1
problem_05_0107,14364.798307418823,1.0,1
problem_05_0108,14261.23857498169,1.0,1
problem_05_0109,13665.319204330444,1.0,1
problem_05_0110,12322.563409805298,1.0,1
problem_05_0111,14815.407276153564,1.0,1
problem_05_0112,12324.79166984558,1.0,1
problem_05_0113,12246.57678604126,1.0,1
problem_05_0114,12492.664337158203,1.0,1
problem_05_0115,13437.122344970703,1.0,1
problem_05_0116,13585.712194442747,1.0,1
problem_05_0117,13426.499128341677,1.0,1
problem_05_0118,12241.22142791748,1.0,1
problem_05_0119,12414.785861968994,1.0,1
problem_05_0120,12366.371154785156,1.0,1
problem_05_0121,14661.25774383545,1.0,1
problem_05_0122,9081.156015396118,1.0,1
problem_05_0123,11166.2278175354,1.0,1
problem_05_0124,13375.504732131958,1.0,1
problem_05_0125,13665.656328201294,1.0,1
problem_05_0126,13436.834573745728,1.0,1
problem_05_0127,17997.889041900635,1.0,1
problem_05_0128,12364.007949829102,1.0,1
problem_05_0129,8979.67791557312,1.0,1
problem_05_0130,12041.459321975708,1.0,1
problem_05_0131,11128.53717803955,1.0,1
problem_05_0132,16815.369844436646,1.0,1
problem_05_0133,15936.399221420288,0.8571428571428571,1
problem_05_0134,12251.83629989624,1.0,1
problem_05_0135,16984.61890220642,1.0,1
problem_05_0136,14708.266258239746,1.0,1
problem_05_0137,18197.556495666504,1.0,1
problem_05_0138,14240.681171417236,1.0,1
problem_05_0139,13486.210823059082,1.0,1
problem_05_0140,15786.513090133669,1.0,1
problem_05_0141,8980.477809906006,1.0,1
problem_05_0142,12542.690992355348,1.0,1
problem_05_0143,13379.597425460815,1.0,1
problem_05_0144,11103.550672531128,1.0,1
problem_05_0145,13737.17737197876,1.0,1
problem_05_0146,12403.223991394045,1.0,1
problem_05_0147,11369.036436080933,1.0,1
problem_05_0148,12374.5379447937,1.0,1
problem_05_0149,12236.391067504885,1.0,1
problem_05_0150,12539.213180541992,1.0,1
problem_05_0151,12421.24891281128,1.0,1
problem_05_0152,12375.765800476074,1.0,1
problem_05_0153,12363.86775970459,1.0,1
problem_05_0154,12310.611724853516,1.0,1
problem_05_0155,12148.213624954224,1.0,1
problem_05_0156,12542.190790176392,1.0,1
problem_05_0157,12293.675422668455,1.0,1
problem_05_0158,13381.865501403809,1.0,1
problem_05_0159,17158.151388168335,1.0,1
problem_05_0160,12228.552103042604,1.0,1
problem_05_0161,14505.211114883425,1.0,1
problem_05_0162,12240.788221359251,1.0,1
problem_05_0163,12189.23044204712,1.0,1
problem_05_0164,12260.66517829895,1.0,1
problem_05_0165,17139.326810836792,1.0,1
problem_05_0166,15070.533275604248,1.0,1
problem_05_0167,10087.213277816772,1.0,1
problem_05_0168,13360.430717468262,1.0,1
problem_05_0169,14153.621673583984,1.0,1
problem_05_0170,12603.74140739441,1.0,1
problem_05_0171,12364.989519119265,1.0,1
problem_05_0172,15644.730567932129,1.0,1
problem_05_0173,19866.44673347473,1.0,1
problem_05_0174,13881.332397460938,1.0,1
problem_05_0175,14553.435802459717,1.0,1
problem_05_0176,14025.482416152954,1.0,1
problem_05_0177,11415.086030960085,1.0,1
problem_05_0178,12188.701868057253,1.0,1
problem_05_0179,13886.79265975952,1.0,1
problem_05_0180,13369.848728179932,1.0,1
problem_05_0181,13272.03392982483,1.0,1
problem_05_0182,12258.376359939575,1.0,1
problem_05_0183,11220.786571502686,1.0,1
problem_05_0184,12465.875387191772,1.0,1
problem_05_0185,10976.75108909607,1.0,1
problem_05_0186,11268.709897994995,1.0,1
problem_05_0187,22635.45227050781,1.0,1
problem_05_0188,13390.0465965271,1.0,1
problem_05_0189,18059.54623222351,1.0,1
problem_05_0190,16056.354761123655,1.0,1
problem_05_0191,13463.629007339478,1.0,1
problem_05_0192,11112.751245498655,1.0,1
problem_05_0193,12304.263830184937,1.0,1
problem_05_0194,15811.95878982544,1.0,1
problem_05_0195,11248.44741821289,0.8333333333333334,1
problem_05_0196,18136.7301940918,1.0,1
problem_05_0197,11256.18314743042,1.0,1
problem_05_0198,12488.328218460085,1.0,1
problem_05_0199,12213.263511657717,1.0,1
problem_05_0200,13619.529485702516,1.0,1
problem_05_0201,15381.052255630491,1.0,1
problem_05_0202,12242.637395858765,1.0,1
problem_05_0203,17257.42220878601,1.0,1
problem_05_0204,17031.02397918701,1.0,1
problem_05_0205,11087.560415267944,1.0,1
problem_05_0206,16841.83669090271,1.0,1
problem_05_0207,13388.13018798828,1.0,1
problem_05_0208,12306.229591369629,1.0,1
problem_05_0209,19477.920293807983,1.0,1
problem_05_0210,15677.62565612793,1.0,1
problem_05_0211,12368.018627166748,1.0,1
problem_05_0212,11256.44826889038,1.0,1
problem_05_0213,14056.80251121521,1.0,1
problem_05_0214,14551.008224487305,1.0,1
problem_05_0215,11355.211973190308,1.0,1
problem_05_0216,21110.68344116211,1.0,1
problem_05_0217,17215.049505233765,0.8333333333333334,1
problem_05_0218,12151.997327804564,1.0,1
problem_05_0219,20007.960081100464,1.0,1
problem_05_0220,17751.062154769897,1.0,1
problem_05_0221,14253.587245941162,1.0,1
problem_05_0222,14681.15210533142,1.0,1
problem_05_0223,12545.889377593994,1.0,1
problem_05_0224,11089.555740356443,1.0,1
problem_05_0225,10971.608877182009,0.8333333333333334,1
problem_05_0226,13238.183736801147,1.0,1
problem_05_0227,14410.457611083984,1.0,1
problem_05_0228,17989.87340927124,1.0,1
problem_05_0229,11307.971715927124,1.0,1
problem_05_0230,11082.289218902588,1.0,1
problem_05_0231,11232.422351837158,0.8571428571428571,1
problem_05_0232,13292.097806930542,1.0,1
problem_05_0233,14633.190870285034,1.0,1
problem_05_0234,12330.861806869509,1.0,1
problem_05_0235,13436.774492263794,1.0,1
problem_05_0236,9984.400510787964,1.0,1
problem_05_0237,13411.54956817627,1.0,1
problem_05_0238,14400.370836257936,1.0,1
problem_05_0239,13434.481620788574,1.0,1
problem_05_0240,11140.045642852783,1.0,1
problem_05_0241,18346.7481136322,1.0,1
problem_05_0242,13325.170278549194,1.0,1
problem_05_0243,13252.02775001526,1.0,1
problem_05_0244,12188.107967376707,1.0,1
problem_05_0245,12145.388126373293,1.0,1
problem_05_0246,13205.38067817688,1.0,1
problem_05_0247,14139.922618865969,1.0,1
problem_05_0248,12214.377641677856,1.0,1
problem_05_0249,12131.450891494753,0.8571428571428571,1
problem_05_0250,12096.109867095947,1.0,1
problem_05_0251,13011.319398880005,1.0,1
problem_05_0252,11125.540733337402,1.0,1
problem_05_0253,19258.1889629364,1.0,1
problem_05_0254,13029.421091079712,1.0,1
problem_05_0255,12212.224245071411,1.0,1
problem_05_0256,15697.012424468994,1.0,1
problem_05_0257,13691.582679748535,1.0,1
problem_05_0258,12065.827131271362,1.0,1
problem_05_0259,14378.411531448364,1.0,1
problem_05_0260,14552.333354949951,1.0,1
problem_05_0261,12291.238069534302,1.0,1
problem_05_0262,11165.606260299684,1.0,1
problem_05_0263,13377.76494026184,1.0,1
problem_05_0264,13349.283456802368,1.0,1
problem_05_0265,14015.101671218872,1.0,1
problem_05_0266,13201.138734817505,1.0,1
problem_05_0267,14335.680484771729,1.0,1
problem_05_0268,11227.47278213501,1.0,1
problem_05_0269,13207.162857055664,1.0,1
problem_05_0270,14844.797134399414,1.0,1
problem_05_0271,12198.75454902649,1.0,1
problem_05_0272,13249.115943908691,1.0,1
problem_05_0273,12251.14107131958,1.0,1
problem_05_0274,7745.487213134766,1.0,1
problem_05_0275,11976.255178451538,1.0,1
problem_05_0276,12079.451084136965,1.0,1
problem_05_0277,12334.50961112976,0.8571428571428571,1
problem_05_0278,13282.98282623291,1.0,1
problem_05_0279,11188.02809715271,1.0,1
problem_05_0280,12192.390203475952,1.0,1
problem_05_0281,13077.936172485352,1.0,1
problem_05_0282,13493.02625656128,1.0,1
problem_05_0283,12091.969966888428,1.0,1
problem_05_0284,14343.26720237732,1.0,1
problem_05_0285,12536.906719207764,1.0,1
problem_05_0286,12238.678693771362,1.0,1
problem_05_0287,13338.291883468628,1.0,1
problem_05_0288,19249.10593032837,1.0,1
problem_05_0289,15638.129949569702,1.0,1
problem_05_0290,18457.49068260193,1.0,1
problem_05_0291,13185.9610080719,1.0,1
problem_05_0292,13403.456449508669,1.0,1
problem_05_0293,13344.921112060549,1.0,1
problem_05_0294,15837.090253829956,1.0,1
problem_05_0295,17330.34896850586,1.0,1
problem_05_0296,19310.91570854187,0.75,1
problem_05_0297,12162.755012512209,1.0,1
problem_05_0298,15509.562492370604,1.0,1
problem_05_0299,14822.368144989014,1.0,1
problem_05_0300,12100.73471069336,1.0,1
problem_05_0301,10960.026502609251,1.0,1
problem_05_0302,14720.464706420898,1.0,1
problem_05_0303,12245.224714279177,1.0,1
problem_05_0304,14674.583911895752,1.0,1
problem_05_0305,11053.171873092651,1.0,1
problem_05_0306,13423.130989074709,1.0,1
problem_05_0307,15680.57942390442,0.8333333333333334,1
problem_05_0308,21378.087043762207,1.0,1
problem_05_0309,11099.18236732483,1.0,1
problem_05_0310,12265.196323394775,1.0,1
problem_05_0311,11217.710971832275,1.0,1
problem_05_0312,14499.125242233276,1.0,1
problem_05_0313,11436.508417129517,1.0,1
problem_05_0314,16540.475606918335,1.0,1
problem_05_0315,10958.714485168455,1.0,1
problem_05_0316,11242.34390258789,1.0,1
problem_05_0317,17280.620098114014,0.875,1
problem_05_0318,16573.59528541565,1.0,1
problem_05_0319,13117.684841156006,1.0,1
problem_05_0320,8803.261518478394,1.0,1
problem_05_0321,12158.49757194519,1.0,1
problem_05_0322,12208.599090576172,1.0,1
problem_05_0323,13523.300170898438,1.0,1
problem_05_0324,15719.366788864136,1.0,1
problem_05_0325,14659.510135650637,1.0,1
problem_05_0326,13235.613107681274,1.0,1
problem_05_0327,11283.711433410645,1.0,1
problem_05_0328,13227.493524551392,1.0,1
problem_05_0329,13390.888452529907,1.0,1
problem_05_0330,12296.670198440552,1.0,1
problem_05_0331,12178.837776184082,1.0,1
problem_05_0332,12259.118795394896,1.0,1
problem_05_0333,16872.432708740234,1.0,1
problem_05_0334,13568.602323532104,1.0,1
problem_05_0335,13734.567642211914,1.0,1
problem_05_0336,16639.490604400635,0.8333333333333334,1
problem_05_0337,11154.748916625977,1.0,1
problem_05_0338,13431.824207305908,1.0,1
problem_05_0339,11058.438777923584,1.0,1
problem_05_0340,13257.571697235107,1.0,1
problem_05_0341,9763.259172439575,1.0,1
problem_05_0342,12166.57257080078,1.0,1
problem_05_0445,14482.6078414917,1.0,1
problem_05_0446,11480.241298675535,1.0,1
problem_05_0447,17932.19017982483,1.0,1
problem_05_0448,11045.81594467163,1.0,1
problem_05_0449,11294.223546981812,1.0,1
problem_05_0450,12145.711421966553,1.0,1
problem_10_0001,27718.06573867798,1.0,1
problem_10_0002,20450.31452178955,0.9166666666666666,1
problem_10_0003,19324.39947128296,1.0,1
problem_10_0004,16054.06618118286,1.0,1
problem_10_0005,23054.229259490967,1.0,1
problem_10_0006,6046.88,1.0,2
problem_10_0007,23410.991430282596,1.0,1
problem_10_0008,18860.09407043457,0.9230769230769232,1
problem_10_0009,17635.871648788452,0.8571428571428571,1
problem_10_0010,1437.5,1.0,2
problem_10_0011,15.625,1.0,2
problem_10_0012,25378.48734855652,0.9090909090909092,1
problem_10_0013,17592.732906341553,0.8461538461538461,1
problem_10_0014,18451.855182647705,0.9166666666666666,1
problem_10_0015,16022.598505020142,0.9166666666666666,1
problem_10_0016,21110.461950302124,0.9166666666666666,1
problem_10_0017,22329.753160476685,0.9090909090909092,1
problem_10_0019,20810.2605342865,0.9166666666666666,1
problem_10_0020,21518.7783241272,0.9090909090909092,1
problem_10_0021,18266.78228378296,0.9230769230769232,1
problem_10_0022,17971.67158126831,0.9166666666666666,1
problem_10_0023,21844.1002368927,0.9230769230769232,1
problem_10_0024,22052.35981941223,1.0,1
problem_10_0025,20955.86657524109,0.8333333333333334,1
problem_10_0026,22522.56679534912,0.9090909090909092,1
problem_10_0027,24718.775510787964,0.8333333333333334,1
problem_10_0028,15882.302522659302,1.0,1
problem_10_0029,22917.43111610413,0.9230769230769232,1
problem_10_0030,20145.02191543579,1.0,1
problem_10_0031,25461.81273460388,1.0,1
problem_10_0033,14892.828941345217,0.9333333333333332,1
problem_10_0034,15862.184524536133,0.8333333333333334,1
problem_10_0035,18059.584140777588,0.9166666666666666,1
problem_10_0036,21731.93907737732,0.6666666666666666,1
problem_10_0037,14714.415311813354,0.9230769230769232,1
problem_10_0038,22503.83424758911,0.9166666666666666,1
problem_10_0039,19536.357879638672,0.9285714285714286,1
problem_10_0040,19490.50092697144,1.0,1
problem_10_0041,21834.06686782837,1.0,1
problem_10_0042,4906.25,1.0,2
problem_10_0043,19481.28342628479,0.9230769230769232,1
problem_10_0044,19591.201305389404,1.0,1
problem_10_0045,15960.450172424316,0.9230769230769232,1
problem_10_0046,21797.63555526733,0.9166666666666666,1
problem_10_0047,18460.02244949341,0.7692307692307693,1
problem_10_0048,21807.32297897339,0.9166666666666666,1
problem_10_0049,23118.53408813477,0.8461538461538461,1
problem_10_0050,4859.38,1.0,2
problem_10_0051,1328.12,1.0,2
problem_10_0052,10593.8,1.0,2
problem_10_0053,20452.58116722107,0.9166666666666666,1
problem_10_0054,24594.2325592041,1.0,1
problem_10_0055,31546.9,1.0,2
problem_10_0056,19552.973747253414,0.8461538461538461,1
problem_10_0057,1281.25,1.0,2
problem_10_0058,23493.359327316284,1.0,1
problem_10_0059,359.375,1.0,2
problem_10_0060,20343.78147125244,0.8333333333333334,1
problem_10_0061,18362.374305725098,0.8333333333333334,1
problem_10_0062,27045.430898666385,0.8181818181818182,1
problem_10_0063,19141.47114753723,0.9166666666666666,1
problem_10_0064,21657.638549804688,0.9166666666666666,1
problem_10_0065,35593.8,1.0,2
problem_10_0066,22050.13418197632,0.9285714285714286,1
problem_10_0067,6593.75,1.0,2
problem_10_0068,15803.964138031006,0.9166666666666666,1
problem_10_0069,23884.34934616089,1.0,1
problem_10_0070,20368.81375312805,0.8333333333333334,1
problem_10_0071,19302.63090133667,0.9166666666666666,1
problem_10_0072,1140.62,1.0,2
problem_10_0073,25987.73002624512,0.9090909090909092,1
problem_10_0074,23236.11259460449,0.8181818181818182,1
problem_10_0075,21800.40669441223,0.7692307692307693,1
problem_10_0076,20703.583240509037,0.9230769230769232,1
problem_10_0077,13638.940572738647,0.75,1
problem_10_0078,20343.42646598816,1.0,1
problem_10_0079,13664.079666137695,0.7692307692307693,1
problem_10_0080,18042.00911521912,0.9230769230769232,1
problem_10_0081,93.75,1.0,2
problem_10_0082,21255.367040634155,0.9090909090909092,1
problem_10_0083,18802.80041694641,1.0,1
problem_10_0084,562.5,1.0,2
problem_10_0085,17772.878646850586,0.9285714285714286,1
problem_10_0086,19776.87788009644,0.8333333333333334,1
problem_10_0087,19913.292169570923,0.8333333333333334,1
problem_10_0088,23808.21776390076,0.9166666666666666,1
problem_10_0089,20373.19564819336,1.0,1
problem_10_0090,17867.291688919067,0.7857142857142857,1
problem_10_0091,3890.62,1.0,2
problem_10_0092,23323.208570480347,1.0,1
problem_10_0093,24041.091442108154,0.8181818181818182,1
problem_10_0094,17716.310501098633,0.9230769230769232,1
problem_10_0095,22522.430896759037,0.9166666666666666,1
problem_10_0096,734.375,1.0,2
problem_10_0097,16520.53141593933,0.9230769230769232,1
problem_10_0098,26312.21294403076,1.0,1
problem_10_0099,18784.433126449585,1.0,1
problem_10_0100,17848.68335723877,0.8333333333333334,1
problem_11_0001,22328.192234039307,0.9166666666666666,1
problem_11_0002,23343.05715560913,1.0,1
problem_11_0003,23466.801643371586,0.9285714285714286,1
problem_11_0004,23190.919876098636,1.0,1
problem_11_0005,18669.97528076172,0.8666666666666667,1
problem_11_0006,23416.9704914093,0.75,1
problem_11_0007,21015.580415725708,1.0,1
problem_11_0008,21121.67501449585,1.0,1
problem_11_0009,23130.704879760742,0.7857142857142857,1
problem_11_0010,22775.01082420349,0.8571428571428571,1
problem_11_0011,16823.1999874115,1.0,1
problem_11_0012,18776.012420654297,0.9285714285714286,1
problem_11_0013,26073.538541793823,0.7857142857142857,1
problem_11_0014,17653.326511383057,0.9230769230769232,1
problem_11_0015,60000.0,0.0,-1
problem_11_0016,26772.019147872925,0.9230769230769232,1
problem_11_0017,8687.5,1.0,2
problem_11_0018,16786.78798675537,0.9285714285714286,1
problem_11_0019,22260.374069213867,0.9285714285714286,1
problem_11_0020,20721.990823745728,0.6923076923076923,1
problem_11_0021,25837.059020996094,0.9166666666666666,1
problem_11_0022,20583.216428756718,0.9230769230769232,1
problem_11_0023,27808.98118019104,0.75,1
problem_11_0024,20587.334156036377,0.9285714285714286,1
problem_11_0025,60000.0,0.0,-1
problem_11_0026,20977.03194618225,0.9285714285714286,1
problem_11_0027,18530.622005462646,0.9375,1
problem_11_0028,23064.443349838257,0.8461538461538461,1
problem_11_0029,20870.01585960388,0.8461538461538461,1
problem_11_0030,60000.0,0.0,-1
problem_11_0031,28351.232051849365,0.9230769230769232,1
problem_11_0032,22686.30433082581,1.0,1
problem_11_0033,25749.69744682312,0.9230769230769232,1
problem_11_0034,11140.6,1.0,2
problem_11_0035,20894.31667327881,0.8571428571428571,1
problem_11_0036,12937.5,1.0,2
problem_11_0037,22014.684438705444,0.9230769230769232,1
problem_11_0038,25911.857843399048,0.9285714285714286,1
problem_11_0039,13782.246351242064,0.8666666666666667,1
problem_11_0040,21820.16348838806,0.9285714285714286,1
problem_11_0041,25507.50422477722,0.9230769230769232,1
problem_11_0042,23510.41865348816,0.8571428571428571,1
problem_11_0043,21514.562368392944,0.9285714285714286,1
problem_11_0044,25626.639127731323,1.0,1
problem_11_0045,21042.49334335327,1.0,1
problem_11_0046,22176.140546798702,1.0,1
problem_11_0047,18218.800000000003,1.0,2
problem_11_0048,25250.86545944214,0.9230769230769232,1
problem_11_0049,28544.94833946228,0.9166666666666666,1
problem_11_0050,18250.74553489685,0.8461538461538461,1
problem_11_0051,25930.7804107666,0.6666666666666666,1
problem_11_0052,19531.2,1.0,2
problem_11_0053,16829.601049423218,1.0,1
problem_11_0054,17374.398708343506,0.9230769230769232,1
problem_11_0055,21548.585176467896,0.9285714285714286,1
problem_11_0056,19957.38649368286,0.5833333333333334,1
problem_11_0057,23645.896673202515,1.0,1
problem_11_0058,20269.523859024048,0.875,1
problem_11_0059,19856.08434677124,1.0,1
problem_11_0060,16170.660257339478,0.9230769230769232,1
problem_11_0061,1140.62,1.0,2
problem_11_0062,27144.837617874146,0.5833333333333334,1
problem_11_0063,24458.93669128418,0.7692307692307693,1
problem_11_0064,25697.18170166016,1.0,1
problem_11_0065,19233.0265045166,0.7692307692307693,1
problem_11_0066,23350.98147392273,1.0,1
problem_11_0067,19964.73217010498,0.9285714285714286,1
problem_11_0068,23146.827459335327,0.8461538461538461,1
problem_11_0069,1171.88,1.0,2
problem_11_0070,21760.470390319824,1.0,1
problem_11_0071,437.5,1.0,2
problem_11_0072,19838.647603988647,1.0,1
problem_11_0073,21997.95889854431,0.9230769230769232,1
problem_11_0074,26667.95825958252,0.6923076923076923,1
problem_11_0075,60000.0,0.0,-1
problem_11_0076,60000.0,0.0,-1
problem_11_0077,22669.63243484497,0.8461538461538461,1
problem_11_0078,921.875,1.0,2
problem_11_0079,25059.057235717773,0.9230769230769232,1
problem_11_0080,23817.96741485596,0.9230769230769232,1
problem_11_0081,5078.12,1.0,2
problem_11_0082,21490.54360389709,1.0,1
problem_11_0083,25026.339054107662,0.9285714285714286,1
problem_11_0084,22294.75736618042,0.9285714285714286,1
problem_11_0085,953.125,1.0,2
problem_11_0086,22588.53816986084,0.8571428571428571,1
problem_11_0087,24992.75517463684,1.0,1
problem_11_0088,22708.77194404602,0.9230769230769232,1
problem_11_0089,14373.802900314333,0.8461538461538461,1
problem_11_0090,20164.63327407837,0.8571428571428571,1
problem_11_0091,22792.45114326477,0.75,1
problem_11_0092,20208.202362060547,1.0,1
problem_11_0093,17972.519159317017,0.9375,1
problem_11_0094,23411.68165206909,0.9230769230769232,1
problem_11_0095,22629.168033599854,0.9285714285714286,1
problem_11_0096,17609.717845916748,0.6153846153846154,1
problem_11_0097,21093.51897239685,0.7857142857142857,1
problem_11_0098,17596.429347991943,0.9375,1
problem_11_0099,22591.19987487793,0.9230769230769232,1
problem_11_0100,22469.908952713013,1.0,1
problem_12_0001,25956.604719161987,0.9230769230769232,1
problem_12_0002,25220.34478187561,0.7692307692307693,1
problem_12_0003,26374.626636505127,0.8571428571428571,1
problem_12_0004,25924.285888671875,0.8571428571428571,1
problem_12_0005,24660.53533554077,0.8571428571428571,1
problem_12_0006,24074.51057434082,1.0,1
problem_12_0007,24397.162914276123,0.8571428571428571,1
problem_12_0008,28922.520875930782,0.9285714285714286,1
problem_12_0009,28162.97149658203,1.0,1
problem_12_0010,19158.467769622803,0.8666666666666667,1
problem_12_0011,60000.0,0.0,-1
problem_12_0012,24700.169563293457,0.8571428571428571,1
problem_12_0013,16453.1,1.0,2
problem_12_0014,22755.16366958618,0.9333333333333332,1
problem_12_0015,23275.440454483032,0.9333333333333332,1
problem_12_0016,20654.298305511475,0.9285714285714286,1
problem_12_0017,28636.205673217773,0.8571428571428571,1
problem_12_0018,26294.59857940674,0.7142857142857143,1
problem_12_0019,27579.76222038269,0.6923076923076923,1
problem_12_0020,20979.209661483765,0.8461538461538461,1
problem_12_0021,23573.890447616577,0.8125,1
problem_12_0022,24867.902040481567,0.7692307692307693,1
problem_12_0023,25283.239364624023,0.8571428571428571,1
problem_12_0024,25493.699073791504,0.7857142857142857,1
problem_12_0025,24498.58260154724,0.8,1
problem_12_0026,24364.04657363892,0.9285714285714286,1
problem_12_0027,24749.154329299927,0.8571428571428571,1
problem_12_0028,23037.7299785614,0.9285714285714286,1
problem_12_0029,28823.77004623413,0.7692307692307693,1
problem_12_0030,21264.03021812439,1.0,1
problem_12_0031,21970.65544128418,0.9285714285714286,1
problem_12_0032,26687.5,1.0,2
problem_12_0033,60000.0,0.0,-1
problem_12_0034,22213.236808776852,0.9375,1
problem_12_0035,60000.0,0.0,-1
problem_12_0036,22816.42723083496,0.8571428571428571,1
problem_12_0037,26047.48773574829,0.6923076923076923,1
problem_12_0038,23199.053287506104,0.9333333333333332,1
problem_12_0039,27343.175649642944,0.8571428571428571,1
problem_12_0040,17179.200410842896,0.7333333333333333,1
problem_12_0041,4406.25,1.0,2
problem_12_0042,19357.22923278809,0.9333333333333332,1
problem_12_0043,18999.7615814209,0.9333333333333332,1
problem_12_0044,22873.77333641052,0.8666666666666667,1
problem_12_0045,26227.18811035156,1.0,1
problem_12_0046,19040.23623466492,0.875,1
problem_12_0047,23419.347524642944,0.8571428571428571,1
problem_12_0048,60000.0,0.0,-1
problem_12_0049,21253.104209899902,0.8461538461538461,1
problem_12_0050,25381.5860748291,0.9230769230769232,1
problem_12_0051,19286.44752502441,0.9333333333333332,1
problem_12_0052,25476.643800735477,0.8666666666666667,1
problem_12_0053,60000.0,0.0,-1
problem_12_0054,21269.831895828247,0.7692307692307693,1
problem_12_0055,60000.0,0.0,-1
problem_12_0056,24346.8759059906,0.8666666666666667,1
problem_12_0057,22320.28818130493,0.8461538461538461,1
problem_12_0058,17814.396381378174,0.8823529411764706,1
problem_12_0059,22437.237977981567,1.0,1
problem_12_0060,20610.30960083008,0.8125,1
problem_12_0061,27249.887943267822,0.8571428571428571,1
problem_12_0062,21404.831409454346,0.7333333333333333,1
problem_12_0063,20602.637767791748,0.8571428571428571,1
problem_12_0064,22257.63320922852,0.7857142857142857,1
problem_12_0065,26659.974336624146,0.7692307692307693,1
problem_12_0066,16188.1844997406,0.9411764705882352,1
problem_12_0067,23076.88879966736,0.875,1
problem_12_0068,27335.410833358765,0.8571428571428571,1
problem_12_0069,22614.3581867218,0.7857142857142857,1
problem_12_0070,20531.459093093872,0.7857142857142857,1
problem_12_0071,22664.09206390381,0.6666666666666666,1
problem_12_0072,21890.6,1.0,2
problem_12_0073,21477.26035118103,0.8571428571428571,1
problem_12_0074,26472.44095802307,0.8571428571428571,1
problem_12_0075,26604.788541793823,0.7857142857142857,1
problem_12_0076,21244.53067779541,0.8666666666666667,1
problem_12_0077,23515.83313941956,0.8461538461538461,1
problem_12_0078,21496.9961643219,0.8666666666666667,1
problem_12_0079,60000.0,0.0,-1
problem_12_0080,21059.345245361328,0.7857142857142857,1
problem_12_0081,25817.60025024414,0.8571428571428571,1
problem_12_0082,22302.425861358643,1.0,1
problem_12_0083,60000.0,0.0,-1
problem_12_0084,23514.890909194943,0.8461538461538461,1
problem_12_0085,28115.70835113525,0.7692307692307693,1
problem_12_0086,24566.77746772766,0.7142857142857143,1
problem_12_0087,25969.768285751343,0.9333333333333332,1
problem_12_0088,28932.170629501343,0.7857142857142857,1
problem_12_0089,24409.0473651886,0.8,1
problem_12_0090,640.625,1.0,2
problem_12_0091,671.875,1.0,2
problem_12_0092,22181.617498397827,0.8,1
problem_12_0093,26464.625358581543,1.0,1
problem_12_0094,10343.8,1.0,2
problem_12_0095,20384.57608222961,0.8,1
problem_12_0096,21303.486585617065,0.8571428571428571,1
problem_12_0097,22704.61797714233,1.0,1
problem_12_0098,23391.732692718502,0.9375,1
problem_12_0099,22461.05194091797,0.8571428571428571,1
problem_12_0100,28510.34045219421,0.6923076923076923,1
problem_13_0001,11875.0,1.0,2
problem_13_0003,25261.996507644653,0.9375,1
problem_13_0004,23931.269884109497,0.75,1
problem_13_0005,20778.541803359985,0.8823529411764706,1
problem_13_0006,24652.559995651245,0.8125,1
problem_13_0007,20950.532913208008,0.7647058823529411,1
problem_13_0008,27712.912797927856,0.8571428571428571,1
problem_13_0009,60000.0,0.0,-1
problem_13_0010,22964.425802230835,0.875,1
problem_13_0011,1796.88,1.0,2
problem_13_0012,26764.00995254517,0.8666666666666667,1
problem_13_0013,18884.099006652832,0.8235294117647058,1
problem_13_0014,24086.03858947754,0.8,1
problem_13_0015,22661.396265029907,0.6,1
problem_13_0016,28132.861137390137,0.7333333333333333,1
problem_13_0017,21675.300359725952,0.7333333333333333,1
problem_13_0018,28264.675617218018,0.5714285714285714,1
problem_13_0019,22925.1446723938,0.9375,1
problem_13_0020,28660.71629524231,0.5714285714285714,1
problem_13_0021,21890.210151672363,0.7333333333333333,1
problem_13_0022,13656.2,1.0,2
problem_13_0023,60000.0,0.0,-1
problem_13_0024,23062.196731567383,0.8,1
problem_13_0025,30569.042205810547,0.8571428571428571,1
problem_13_0026,25515.599966049194,0.6428571428571429,1
problem_13_0027,28336.771488189697,0.8666666666666667,1
problem_13_0028,23874.298810958862,1.0,1
problem_13_0029,25244.662284851074,0.8666666666666667,1
problem_13_0030,60000.0,0.0,-1
problem_13_0031,24985.174417495728,0.8666666666666667,1
problem_13_0032,60000.0,0.0,-1
problem_13_0033,60000.0,0.0,-1
problem_13_0034,60000.0,0.0,-1
problem_13_0035,20970.094680786133,0.875,1
problem_13_0036,26812.21055984497,0.7333333333333333,1
problem_13_0037,18250.0,1.0,2
problem_13_0038,60000.0,0.0,-1
problem_13_0039,22864.22371864319,0.8823529411764706,1
problem_13_0040,26511.648893356323,0.8666666666666667,1
problem_13_0042,21914.21175003052,0.7647058823529411,1
problem_13_0043,60000.0,0.0,-1
problem_13_0044,24110.691785812374,0.8235294117647058,1
problem_13_0045,60000.0,0.0,-1
problem_13_0047,25461.98296546936,0.6666666666666666,1
problem_13_0048,26617.85197257996,0.8125,1
problem_13_0049,23968.345642089844,0.875,1
problem_13_0050,22914.158582687374,0.875,1
problem_13_0051,27036.34762763977,0.7142857142857143,1
problem_13_0052,17018.40090751648,0.75,1
problem_13_0053,30145.17903327942,0.8571428571428571,1
problem_13_0054,27748.09145927429,0.5714285714285714,1
problem_13_0055,21332.04698562622,0.875,1
problem_13_0056,25196.38466835022,1.0,1
problem_13_0057,21875.0,1.0,2
problem_13_0058,24383.017539978027,0.875,1
problem_13_0059,25969.99216079712,0.8666666666666667,1
problem_13_0060,50234.4,1.0,2
problem_13_0061,22330.90829849243,0.6,1
problem_13_0062,26995.163679122925,0.8666666666666667,1
problem_13_0063,25001.624584198,0.8125,1
problem_13_0064,23759.67621803284,0.8,1
problem_13_0065,26625.698566436768,0.8125,1
problem_13_0066,29000.49352645874,0.7857142857142857,1
problem_13_0067,30328.25207710266,0.9285714285714286,1
problem_13_0068,22886.667251586918,0.8666666666666667,1
problem_13_0069,39156.2,1.0,2
problem_13_0070,27712.751388549805,0.875,1
problem_13_0071,27101.614475250244,0.75,1
problem_13_0072,21061.150789260864,0.8,1
problem_13_0073,24826.794385910038,0.8571428571428571,1
problem_13_0074,25471.2347984314,0.8,1
problem_13_0076,6593.75,1.0,2
problem_13_0077,21843.91570091248,0.8125,1
problem_13_0078,24644.264936447144,0.7857142857142857,1
problem_13_0079,18241.36233329773,0.6875,1
problem_13_0080,24936.33794784546,0.6666666666666666,1
problem_13_0081,26226.67002677917,0.6666666666666666,1
problem_13_0082,22809.04984474182,0.8888888888888888,1
problem_13_0083,19183.009147644043,0.8125,1
problem_13_0084,22932.382583618164,0.8,1
problem_13_0085,20471.14610671997,0.7894736842105263,1
problem_13_0086,25298.79212379456,0.8,1
problem_13_0087,28330.873012542725,0.5,1
problem_13_0088,27090.4552936554,0.875,1
problem_13_0089,21849.87854957581,0.8666666666666667,1
problem_13_0090,22810.70637702942,0.75,1
problem_13_0091,24404.123067855835,0.8666666666666667,1
problem_13_0092,27778.541326522827,0.6428571428571429,1
problem_13_0093,25417.645931243896,0.9333333333333332,1
problem_13_0094,30261.54947280884,0.8666666666666667,1
problem_13_0095,21243.284463882446,0.8125,1
problem_13_0096,26638.90314102173,0.7857142857142857,1
problem_13_0097,60000.0,0.0,-1
problem_13_0098,27021.42643928528,0.7857142857142857,1
problem_13_0099,24497.96295166016,0.6875,1
problem_13_0100,22399.393796920776,0.75,1
