Name,Time-SOFAI-PF-FDxLPG,Corr-SOFAI-PF-FDxLPG,Opt-SOFAI-PF-FDxLPG,Sys-SOFAI-PF-FDxLPG,Planner-SOFAI-PF-FDxLPG
BW-rand-10__0,59317.665576934814,0.0,-1.0,-1,-1
BW-rand-10__1,32691.24555587769,1.0,0.0,2,1
BW-rand-10__10,17336.599349975586,1.0,0.0,2,1
BW-rand-10__11,59325.70934295654,0.0,-1.0,-1,-1
BW-rand-10__12,59309.35263633728,0.0,-1.0,-1,-1
BW-rand-10__13,59596.19402885437,0.0,-1.0,-1,-1
BW-rand-10__14,59213.75203132629,0.0,-1.0,-1,-1
BW-rand-10__15,19211.459398269653,1.0,0.0,2,1
BW-rand-10__16,59413.46526145935,0.0,-1.0,-1,-1
BW-rand-10__17,59278.03063392639,0.0,-1.0,-1,-1
BW-rand-10__18,59505.29408454895,0.0,-1.0,-1,-1
BW-rand-10__19,10364.117860794067,1.0,0.0,2,1
BW-rand-10__2,8813.721895217896,1.0,0.0,2,1
BW-rand-10__20,17301.901817321777,1.0,0.0,2,1
BW-rand-10__21,12121.844291687012,1.0,0.0,2,1
BW-rand-10__22,59492.4054145813,0.0,-1.0,-1,-1
BW-rand-10__23,59157.95588493347,0.0,-1.0,-1,-1
BW-rand-10__24,59264.44411277771,0.0,-1.0,-1,-1
BW-rand-10__25,43295.57251930237,1.0,0.0,2,1
BW-rand-10__26,32900.261878967285,1.0,0.0,2,1
BW-rand-10__27,35005.2170753479,1.0,0.0,2,1
BW-rand-10__28,59325.29091835022,0.0,-1.0,-1,-1
BW-rand-10__29,53965.29269218445,1.0,0.0,2,1
BW-rand-10__3,59578.81879806519,0.0,-1.0,-1,-1
BW-rand-10__30,8686.568021774292,1.0,0.0,2,1
BW-rand-10__31,59394.90509033203,0.0,-1.0,-1,-1
BW-rand-10__32,36342.94652938843,1.0,0.0,2,1
BW-rand-10__33,59111.54127120972,0.0,-1.0,-1,-1
BW-rand-10__34,5301.053047180176,1.0,0.0,2,1
BW-rand-10__35,5457.360744476318,1.0,0.0,2,1
BW-rand-10__36,45486.61804199219,1.0,0.0,2,1
BW-rand-10__37,27687.957763671875,1.0,0.0,2,1
BW-rand-10__38,59772.59016036987,0.0,-1.0,-1,-1
BW-rand-10__39,41570.28555870056,1.0,0.0,2,1
BW-rand-10__4,35606.449604034424,1.0,0.0,2,1
BW-rand-10__40,11559.771537780762,1.0,0.0,2,1
BW-rand-10__41,59168.78795623779,0.0,-1.0,-1,-1
BW-rand-10__42,6297.139406204224,1.0,0.0,2,1
BW-rand-10__43,59239.00890350342,0.0,-1.0,-1,-1
BW-rand-10__44,59012.4888420105,0.0,-1.0,-1,-1
BW-rand-10__45,44206.81142807007,1.0,0.0,2,1
BW-rand-10__46,59492.15984344482,0.0,-1.0,-1,-1
BW-rand-10__47,59237.05840110779,0.0,-1.0,-1,-1
BW-rand-10__48,59162.67919540405,0.0,-1.0,-1,-1
BW-rand-10__49,13621.55556678772,1.0,0.0,2,1
BW-rand-10__5,27596.91691398621,1.0,0.0,2,1
BW-rand-10__50,36333.77861976624,1.0,0.0,2,1
BW-rand-10__51,59232.36894607544,0.0,-1.0,-1,-1
BW-rand-10__52,4166.141510009766,1.0,0.0,2,1
BW-rand-10__53,59354.02750968933,0.0,-1.0,-1,-1
BW-rand-10__54,59308.73155593872,0.0,-1.0,-1,-1
BW-rand-10__55,59404.02317047119,0.0,-1.0,-1,-1
BW-rand-10__56,59301.84817314148,0.0,-1.0,-1,-1
BW-rand-10__57,13967.14210510254,1.0,0.0,2,1
BW-rand-10__58,15961.633443832396,1.0,0.0,2,1
BW-rand-10__59,38628.16405296326,1.0,0.0,2,1
BW-rand-10__6,31664.794206619263,1.0,0.0,2,1
BW-rand-10__60,32218.61457824707,1.0,0.0,2,1
BW-rand-10__61,26299.82304573059,1.0,0.0,2,1
BW-rand-10__62,59368.4446811676,0.0,-1.0,-1,-1
BW-rand-10__63,59208.234786987305,0.0,-1.0,-1,-1
BW-rand-10__64,56675.49967765808,1.0,0.0,2,1
BW-rand-10__65,7455.793380737305,1.0,0.0,2,1
BW-rand-10__66,48042.65999794006,1.0,0.0,2,1
BW-rand-10__67,59293.692111968994,0.0,-1.0,-1,-1
BW-rand-10__68,59144.69790458679,0.0,-1.0,-1,-1
BW-rand-10__69,59180.62710762024,0.0,-1.0,-1,-1
BW-rand-10__7,59220.00813484192,0.0,-1.0,-1,-1
BW-rand-10__70,59312.10041046143,0.0,-1.0,-1,-1
BW-rand-10__71,59625.22292137146,0.0,-1.0,-1,-1
BW-rand-10__72,27269.132137298584,1.0,0.0,2,1
BW-rand-10__73,26206.790685653687,1.0,0.0,2,1
BW-rand-10__74,2531.019926071167,1.0,0.0,2,1
BW-rand-10__75,47380.09309768677,1.0,0.0,2,1
BW-rand-10__76,43305.209159851074,1.0,0.0,2,1
BW-rand-10__77,59761.10601425171,0.0,-1.0,-1,-1
BW-rand-10__78,21137.41111755371,1.0,0.0,2,1
BW-rand-10__8,26683.915853500366,1.0,0.0,2,1
BW-rand-10__9,21698.721408843998,1.0,0.0,2,1
BW-rand-11__0,59185.39786338806,0.0,-1.0,-1,-1
BW-rand-11__1,59152.17971801758,0.0,-1.0,-1,-1
BW-rand-11__10,59349.85542297363,0.0,-1.0,-1,-1
BW-rand-11__11,59178.72595787048,0.0,-1.0,-1,-1
BW-rand-11__12,59123.25048446655,0.0,-1.0,-1,-1
BW-rand-11__13,59707.71288871765,0.0,-1.0,-1,-1
BW-rand-11__14,25943.15505027771,1.0,0.0,2,1
BW-rand-11__15,59274.42979812622,0.0,-1.0,-1,-1
BW-rand-11__16,24719.06590461731,1.0,0.0,2,1
BW-rand-11__17,28163.024187088013,1.0,0.0,2,1
BW-rand-11__18,6125.649929046631,1.0,0.0,2,1
BW-rand-11__19,9602.28705406189,1.0,0.0,2,1
BW-rand-11__2,59741.339445114136,0.0,-1.0,-1,-1
BW-rand-11__20,59404.43468093872,0.0,-1.0,-1,-1
BW-rand-11__3,59125.438928604126,0.0,-1.0,-1,-1
BW-rand-11__4,44252.11596488953,1.0,0.0,2,1
BW-rand-11__5,59117.990016937256,0.0,-1.0,-1,-1
BW-rand-11__6,59552.38890647888,0.0,-1.0,-1,-1
BW-rand-11__7,59118.39199066162,0.0,-1.0,-1,-1
BW-rand-11__8,59139.27674293518,0.0,-1.0,-1,-1
BW-rand-11__9,59294.97838020325,0.0,-1.0,-1,-1
ferry-l4-c3__0,1965.059757232666,1.0,0.0,1,
ferry-l4-c3__1,1962.1860980987549,1.0,0.0,1,
ferry-l4-c3__2,1905.041217803955,1.0,0.0,1,
ferry-l4-c3__3,1958.153486251831,1.0,0.0,1,
ferry-l4-c3__4,1880.7032108306885,1.0,0.0,1,
ferry-l4-c3__5,1862.0944023132324,1.0,0.0,1,
ferry-l4-c3__6,1909.0440273284912,1.0,0.0,1,
ferry-l4-c3__7,1800.9922504425049,1.0,0.0,1,
ferry-l4-c3__8,1873.586177825928,1.0,0.0,1,
ferry-l4-c3__9,1870.1364994049072,1.0,0.0,1,
ferry-l4-c4__0,1929.37445640564,1.0,0.0,1,
ferry-l4-c4__1,1955.118417739868,1.0,0.0,1,
ferry-l4-c4__2,1808.6729049682615,1.0,0.0,1,
ferry-l4-c4__3,1889.8265361785889,1.0,0.0,1,
ferry-l4-c4__4,1970.6032276153564,1.0,0.0,1,
ferry-l4-c4__5,2042.0591831207275,1.0,0.0,1,
ferry-l4-c4__6,1895.0936794281008,1.0,0.0,1,
ferry-l4-c4__7,1960.68811416626,1.0,0.0,1,
ferry-l4-c4__8,1895.6451416015625,1.0,0.0,1,
ferry-l4-c5__0,2092.7860736846924,1.0,0.0,1,
ferry-l4-c5__1,2077.6209831237798,1.0,0.0,1,
ferry-l4-c5__2,2131.799697875977,1.0,0.0,1,
ferry-l4-c5__3,2039.8919582366943,1.0,0.0,1,
ferry-l4-c5__4,2102.9937267303467,1.0,0.0,1,
ferry-l4-c5__5,1973.6104011535645,1.0,0.0,1,
ferry-l4-c5__6,2016.145944595337,1.0,0.0,1,
ferry-l4-c5__7,2160.6478691101074,1.0,0.0,1,
ferry-l4-c6__0,2013.545036315918,1.0,0.0,1,
ferry-l4-c6__1,2098.684787750244,1.0,0.0,1,
ferry-l4-c6__2,2050.6997108459477,1.0,0.0,1,
ferry-l4-c6__3,1945.5187320709229,1.0,0.0,1,
ferry-l4-c6__4,2148.2138633728027,1.0,0.0,1,
ferry-l4-c6__5,2190.486192703247,1.0,0.0,1,
ferry-l4-c6__6,2033.030986785889,1.0,0.0,1,
ferry-l4-c6__7,2125.562191009521,1.0,0.0,1,
ferry-l4-c6__8,2107.677936553955,1.0,0.0,1,
ferry-l4-c6__9,2115.4584884643555,1.0,0.0,1,
ferry-l5-c3__0,1802.2496700286863,1.0,0.0,1,
ferry-l5-c3__1,1866.1673069000244,1.0,0.0,1,
ferry-l5-c3__2,1967.2763347625728,1.0,0.0,1,
ferry-l5-c3__3,1952.1992206573489,1.0,0.0,1,
ferry-l5-c3__4,1984.908103942871,1.0,0.0,1,
ferry-l5-c4__0,2235.4421615600586,1.0,0.0,2,3
ferry-l5-c4__1,1995.3064918518064,1.0,0.0,1,
ferry-l5-c4__2,2047.2757816314695,1.0,0.0,1,
ferry-l5-c4__3,2060.06932258606,1.0,0.0,1,
ferry-l5-c4__4,1899.5909690856931,1.0,0.0,1,
ferry-l5-c4__5,2055.405855178833,1.0,0.0,1,
ferry-l5-c4__6,1962.7454280853271,1.0,0.0,1,
ferry-l5-c4__7,2039.0608310699463,1.0,0.0,1,
ferry-l5-c5__0,2003.4866333007808,1.0,0.0,1,
ferry-l5-c5__1,2104.8529148101807,1.0,6.666666666666667,1,
ferry-l5-c5__2,2069.2920684814453,1.0,7.6923076923076925,1,
ferry-l5-c5__3,1790.947198867798,1.0,0.0,1,
ferry-l5-c5__4,2164.273500442505,1.0,0.0,1,
ferry-l5-c6__0,2227.792739868164,1.0,0.0,1,
ferry-l5-c6__1,2063.8957023620605,1.0,0.0,1,
ferry-l5-c6__2,2238.875389099121,1.0,0.0,1,
ferry-l5-c6__3,2088.54603767395,1.0,0.0,1,
ferry-l5-c6__4,2208.805084228516,1.0,5.263157894736842,1,
ferry-l5-c6__5,2228.6481857299805,1.0,0.0,1,
ferry-l5-c6__6,2126.150608062744,1.0,0.0,1,
ferry-l5-c6__7,2032.534122467041,1.0,0.0,1,
ferry-l5-c6__8,2182.288646697998,1.0,0.0,1,
ferry-l6-c3__0,1953.005313873291,1.0,0.0,1,
ferry-l6-c3__1,1969.3892002105715,1.0,0.0,1,
ferry-l6-c3__2,1891.1480903625488,1.0,0.0,1,
ferry-l6-c3__3,1981.602430343628,1.0,0.0,1,
ferry-l6-c3__4,1812.3881816864011,1.0,0.0,1,
ferry-l6-c3__5,1991.567850112915,1.0,0.0,1,
ferry-l6-c3__6,1991.934299468994,1.0,0.0,1,
ferry-l6-c3__7,1970.1368808746336,1.0,0.0,1,
ferry-l6-c4__0,2067.75450706482,1.0,0.0,1,
ferry-l6-c4__1,1989.262342453003,1.0,0.0,1,
ferry-l6-c4__10,1972.834587097168,1.0,0.0,1,
ferry-l6-c4__2,1980.976104736328,1.0,0.0,1,
ferry-l6-c4__3,2007.6689720153809,1.0,0.0,1,
ferry-l6-c4__4,2079.9121856689453,1.0,0.0,1,
ferry-l6-c4__5,1949.7666358947756,1.0,0.0,1,
ferry-l6-c4__6,1892.162561416626,1.0,0.0,1,
ferry-l6-c4__7,2083.355188369751,1.0,0.0,1,
ferry-l6-c4__8,2040.2452945709229,1.0,0.0,1,
ferry-l6-c4__9,2053.694248199463,1.0,0.0,1,
ferry-l6-c5__0,2051.57732963562,1.0,0.0,1,
ferry-l6-c5__1,2128.581285476685,1.0,0.0,1,
ferry-l6-c5__2,2086.245059967041,1.0,0.0,1,
ferry-l6-c5__3,2063.514232635498,1.0,0.0,1,
ferry-l6-c5__4,2185.271739959717,1.0,0.0,1,
ferry-l6-c5__5,1925.0292778015137,1.0,0.0,1,
ferry-l6-c5__6,2085.814952850342,1.0,0.0,1,
ferry-l6-c5__7,2097.6555347442627,1.0,0.0,1,
ferry-l6-c5__8,2090.3022289276123,1.0,6.666666666666667,1,
ferry-l6-c6__0,2273.6401557922363,1.0,0.0,1,
ferry-l6-c6__1,2053.7421703338623,1.0,0.0,1,
ferry-l6-c6__2,2176.046371459961,1.0,0.0,1,
ferry-l6-c6__3,2093.942642211914,1.0,0.0,1,
ferry-l6-c6__4,2085.4508876800537,1.0,0.0,1,
ferry-l6-c6__5,2191.460132598877,1.0,0.0,1,
ferry-l6-c6__6,2148.5135555267334,1.0,0.0,1,
ferry-l6-c6__7,2213.123559951782,1.0,0.0,1,
gripperproblem_3_2_2_102__0,1947.1979141235352,1.0,0.0,1,
gripperproblem_3_2_2_11__0,2065.107583999634,1.0,0.0,1,
gripperproblem_3_2_2_18__0,1906.4397811889648,1.0,0.0,1,
gripperproblem_3_2_2_44__0,1817.655086517334,1.0,0.0,1,
gripperproblem_3_2_2_46__0,1813.1096363067627,1.0,0.0,1,
gripperproblem_3_2_2_54__0,1934.814691543579,1.0,0.0,1,
gripperproblem_3_2_2_95__0,2029.7327041625977,1.0,0.0,1,
gripperproblem_3_2_3_122__0,1938.6224746704104,1.0,0.0,1,
gripperproblem_3_2_3_125__0,1852.0729541778564,1.0,0.0,1,
gripperproblem_3_2_3_126__0,1939.4292831420896,1.0,0.0,1,
gripperproblem_3_2_3_31__0,1951.2817859649656,1.0,0.0,1,
gripperproblem_3_2_3_89__0,1824.4774341583247,1.0,0.0,1,
gripperproblem_3_2_4_123__0,1839.6387100219729,1.0,0.0,1,
gripperproblem_3_2_4_131__0,1933.783769607544,1.0,0.0,1,
gripperproblem_3_2_4_134__0,2067.570686340332,1.0,0.0,1,
gripperproblem_3_2_4_140__0,1931.8830966949463,1.0,0.0,1,
gripperproblem_3_2_4_142__0,2091.346979141236,1.0,0.0,1,
gripperproblem_3_2_4_15__0,2084.052562713623,1.0,0.0,1,
gripperproblem_3_2_4_40__0,1969.672679901123,1.0,0.0,1,
gripperproblem_3_2_4_61__0,2072.702407836914,1.0,0.0,1,
gripperproblem_3_2_4_74__0,1955.392837524414,1.0,0.0,1,
gripperproblem_3_2_4_83__0,2061.159133911133,1.0,0.0,1,
gripperproblem_3_2_5_107__0,2103.7604808807373,1.0,0.0,1,
gripperproblem_3_2_5_110__0,1847.649335861206,1.0,0.0,1,
gripperproblem_3_2_5_149__0,2093.6949253082275,1.0,0.0,1,
gripperproblem_3_2_5_25__0,2103.421688079834,1.0,0.0,1,
gripperproblem_3_2_5_27__0,1903.6383628845213,1.0,0.0,1,
gripperproblem_3_2_5_64__0,2081.1734199523926,1.0,0.0,1,
gripperproblem_3_3_2_10__0,1925.650119781494,1.0,0.0,1,
gripperproblem_3_3_2_130__0,1813.6391639709475,1.0,0.0,1,
gripperproblem_3_3_2_144__0,1926.3646602630613,1.0,0.0,1,
gripperproblem_3_3_2_1__0,1851.0515689849851,1.0,0.0,1,
gripperproblem_3_3_2_20__0,2035.0923538208008,1.0,0.0,1,
gripperproblem_3_3_2_37__0,1813.3161067962649,1.0,0.0,1,
gripperproblem_3_3_2_60__0,1928.990364074707,1.0,0.0,1,
gripperproblem_3_3_2_63__0,1944.3271160125728,1.0,0.0,1,
gripperproblem_3_3_2_99__0,1809.8385334014893,1.0,0.0,1,
gripperproblem_3_3_3_132__0,1951.521635055542,1.0,0.0,1,
gripperproblem_3_3_3_19__0,2020.2140808105469,1.0,0.0,2,3
gripperproblem_3_3_3_33__0,2082.1011066436768,1.0,0.0,1,
gripperproblem_3_3_3_56__0,2054.8391342163086,1.0,0.0,1,
gripperproblem_3_3_3_59__0,1938.4028911590576,1.0,0.0,1,
gripperproblem_3_3_3_65__0,2083.9555263519287,1.0,0.0,1,
gripperproblem_3_3_3_68__0,1818.678617477417,1.0,0.0,1,
gripperproblem_3_3_3_94__0,2025.94256401062,1.0,0.0,1,
gripperproblem_4_2_2_34__0,1864.4814491271973,1.0,0.0,1,
gripperproblem_4_2_2_43__0,2034.7404479980469,1.0,0.0,1,
gripperproblem_4_2_2_69__0,2187.380790710449,1.0,0.0,1,
gripperproblem_4_2_2_90__0,1923.877000808716,1.0,0.0,1,
gripperproblem_4_2_3_129__0,2146.8348503112798,1.0,0.0,1,
gripperproblem_4_2_3_62__0,1947.8840827941892,1.0,0.0,1,
gripperproblem_4_2_3_70__0,2160.065174102783,1.0,0.0,1,
gripperproblem_4_2_4_105__0,1939.709186553955,1.0,0.0,1,
gripperproblem_4_2_4_128__0,2095.993757247925,1.0,0.0,1,
gripperproblem_4_2_4_137__0,2056.361436843872,1.0,0.0,1,
gripperproblem_4_2_4_42__0,2158.8077545166016,1.0,-8.333333333333332,1,
gripperproblem_4_2_4_45__0,2063.0042552948,1.0,0.0,1,
gripperproblem_4_2_5_146__0,2104.323387145996,1.0,0.0,1,
gripperproblem_4_2_5_32__0,2132.8976154327397,1.0,0.0,1,
gripperproblem_4_2_5_71__0,2080.801725387573,1.0,0.0,1,
gripperproblem_4_2_5_77__0,1942.0762062072756,1.0,0.0,1,
gripperproblem_4_3_2_117__0,1954.9636840820312,1.0,0.0,1,
gripperproblem_4_3_2_73__0,1821.054220199585,1.0,0.0,1,
gripperproblem_4_3_2_92__0,2052.544593811035,1.0,0.0,1,
gripperproblem_5_2_2_103__0,1815.440654754639,1.0,0.0,1,
gripperproblem_5_2_2_112__0,1945.845603942871,1.0,0.0,1,
gripperproblem_5_2_2_138__0,1908.2937240600584,1.0,0.0,1,
gripperproblem_5_2_2_150__0,1969.3140983581543,1.0,0.0,1,
gripperproblem_5_2_2_28__0,1907.3233604431152,1.0,0.0,1,
gripperproblem_5_2_2_35__0,2058.168172836304,1.0,0.0,1,
gripperproblem_5_2_2_47__0,2039.0493869781492,1.0,0.0,1,
gripperproblem_5_2_2_67__0,1860.2471351623533,1.0,0.0,1,
gripperproblem_5_2_3_104__0,1943.2806968688965,1.0,0.0,1,
gripperproblem_5_2_3_124__0,1937.1840953826904,1.0,0.0,1,
gripperproblem_5_2_3_17__0,2217.552423477173,1.0,-7.142857142857142,1,
gripperproblem_5_2_3_23__0,2282.6101779937744,1.0,0.0,1,
gripperproblem_5_2_3_38__0,2461.3037109375,1.0,0.0,2,3
gripperproblem_5_2_3_57__0,1827.7921676635744,1.0,0.0,1,
gripperproblem_5_2_3_75__0,2078.565835952759,1.0,0.0,1,
gripperproblem_5_2_3_80__0,2128.835916519165,1.0,0.0,2,3
gripperproblem_5_2_4_109__0,2170.506000518799,1.0,0.0,1,
gripperproblem_5_2_4_116__0,2296.3483333587646,1.0,0.0,1,
gripperproblem_5_2_4_119__0,1942.2807693481443,1.0,0.0,1,
gripperproblem_5_2_4_5__0,2273.188352584839,1.0,0.0,1,
gripperproblem_5_2_5_101__0,2232.248067855835,1.0,0.0,1,
gripperproblem_5_2_5_106__0,2153.441429138184,1.0,0.0,1,
gripperproblem_5_2_5_115__0,2062.4208450317383,1.0,0.0,1,
gripperproblem_5_2_5_14__0,2199.9971866607666,1.0,0.0,1,
gripperproblem_5_2_5_21__0,2283.207893371582,1.0,-6.666666666666667,1,
gripperproblem_5_2_5_53__0,2185.4465007781982,1.0,0.0,1,
gripperproblem_5_2_5_81__0,2155.3351879119878,1.0,-8.333333333333332,1,
gripperproblem_5_2_5_87__0,2222.8732109069824,1.0,-7.142857142857142,1,
gripperproblem_5_2_5_8__0,2114.318609237671,1.0,-16.666666666666664,1,
gripperproblem_5_3_2_113__0,1818.5889720916748,1.0,0.0,1,
gripperproblem_5_3_2_118__0,2052.7822971343994,1.0,0.0,1,
gripperproblem_5_3_2_143__0,2022.3910808563232,1.0,0.0,1,
gripperproblem_5_3_2_26__0,1952.1069526672363,1.0,0.0,1,
gripperproblem_5_3_2_58__0,1949.2900371551516,1.0,0.0,1,
gripperproblem_5_3_2_66__0,2024.8067378997805,1.0,0.0,1,
gripperproblem_5_3_2_78__0,2029.9248695373533,1.0,0.0,1,
hanoiproblem_6_100__0,2435.975790023804,0.0,-1.0,-1,-1
hanoiproblem_6_101__0,5223.848342895508,1.0,0.0,2,3
hanoiproblem_6_102__0,3081.931829452514,1.0,0.0,2,1
mixed-f6-p4-u0-v0-d0-a0-n0-A0-B0-N0-F0__0,2018.150806427002,1.0,0.0,1,
mixed-f6-p4-u0-v0-d0-a0-n0-A0-B0-N0-F0__1,1975.221872329712,1.0,0.0,1,
mixed-f6-p4-u0-v0-d0-a0-n0-A0-B0-N0-F0__10,2005.358457565308,1.0,0.0,1,
mixed-f6-p4-u0-v0-d0-a0-n0-A0-B0-N0-F0__11,2017.9579257965088,1.0,0.0,1,
mixed-f6-p4-u0-v0-d0-a0-n0-A0-B0-N0-F0__12,1986.9160652160645,1.0,0.0,1,
mixed-f6-p4-u0-v0-d0-a0-n0-A0-B0-N0-F0__13,2024.197340011597,1.0,0.0,1,
mixed-f6-p4-u0-v0-d0-a0-n0-A0-B0-N0-F0__14,2024.8827934265137,1.0,0.0,1,
mixed-f6-p4-u0-v0-d0-a0-n0-A0-B0-N0-F0__15,2002.760887145996,1.0,0.0,1,
mixed-f6-p4-u0-v0-d0-a0-n0-A0-B0-N0-F0__16,2024.8496532440183,1.0,0.0,1,
mixed-f6-p4-u0-v0-d0-a0-n0-A0-B0-N0-F0__17,1988.391399383545,1.0,0.0,1,
mixed-f6-p4-u0-v0-d0-a0-n0-A0-B0-N0-F0__18,1994.9836730957031,1.0,0.0,1,
mixed-f6-p4-u0-v0-d0-a0-n0-A0-B0-N0-F0__19,1966.896772384644,1.0,0.0,1,
mixed-f6-p4-u0-v0-d0-a0-n0-A0-B0-N0-F0__2,1998.692750930786,1.0,0.0,1,
mixed-f6-p4-u0-v0-d0-a0-n0-A0-B0-N0-F0__20,1988.403558731079,1.0,0.0,1,
mixed-f6-p4-u0-v0-d0-a0-n0-A0-B0-N0-F0__21,1973.595380783081,1.0,0.0,1,
mixed-f6-p4-u0-v0-d0-a0-n0-A0-B0-N0-F0__22,1995.0871467590327,1.0,0.0,1,
mixed-f6-p4-u0-v0-d0-a0-n0-A0-B0-N0-F0__23,2024.5625972747805,1.0,0.0,1,
mixed-f6-p4-u0-v0-d0-a0-n0-A0-B0-N0-F0__24,1999.8447895050049,1.0,0.0,1,
mixed-f6-p4-u0-v0-d0-a0-n0-A0-B0-N0-F0__25,1993.5863018035889,1.0,0.0,1,
mixed-f6-p4-u0-v0-d0-a0-n0-A0-B0-N0-F0__26,1990.4956817626955,1.0,0.0,1,
mixed-f6-p4-u0-v0-d0-a0-n0-A0-B0-N0-F0__27,1979.433298110962,1.0,0.0,1,
mixed-f6-p4-u0-v0-d0-a0-n0-A0-B0-N0-F0__3,2008.301019668579,1.0,0.0,1,
mixed-f6-p4-u0-v0-d0-a0-n0-A0-B0-N0-F0__4,2010.6642246246336,1.0,0.0,1,
mixed-f6-p4-u0-v0-d0-a0-n0-A0-B0-N0-F0__5,1948.7483501434328,1.0,0.0,1,
mixed-f6-p4-u0-v0-d0-a0-n0-A0-B0-N0-F0__6,1987.4935150146484,1.0,0.0,1,
mixed-f6-p4-u0-v0-d0-a0-n0-A0-B0-N0-F0__7,1989.63475227356,1.0,0.0,1,
mixed-f6-p4-u0-v0-d0-a0-n0-A0-B0-N0-F0__8,1995.741844177246,1.0,0.0,1,
mixed-f6-p4-u0-v0-d0-a0-n0-A0-B0-N0-F0__9,1965.6450748443604,1.0,0.0,1,
mixed-f6-p5-u0-v0-d0-a0-n0-A0-B0-N0-F0__0,2057.5222969055176,1.0,0.0,2,3
mixed-f6-p5-u0-v0-d0-a0-n0-A0-B0-N0-F0__1,2030.151128768921,1.0,0.0,1,
mixed-f6-p5-u0-v0-d0-a0-n0-A0-B0-N0-F0__10,2036.935329437256,1.0,0.0,1,
mixed-f6-p5-u0-v0-d0-a0-n0-A0-B0-N0-F0__11,2049.349784851074,1.0,0.0,1,
mixed-f6-p5-u0-v0-d0-a0-n0-A0-B0-N0-F0__12,2035.4576110839844,1.0,0.0,1,
mixed-f6-p5-u0-v0-d0-a0-n0-A0-B0-N0-F0__13,2076.5223503112798,1.0,0.0,1,
mixed-f6-p5-u0-v0-d0-a0-n0-A0-B0-N0-F0__14,2054.7995567321777,1.0,0.0,1,
mixed-f6-p5-u0-v0-d0-a0-n0-A0-B0-N0-F0__15,2096.3680744171143,1.0,0.0,1,
mixed-f6-p5-u0-v0-d0-a0-n0-A0-B0-N0-F0__16,2055.6657314300537,1.0,0.0,1,
mixed-f6-p5-u0-v0-d0-a0-n0-A0-B0-N0-F0__17,2050.845146179199,1.0,0.0,1,
mixed-f6-p5-u0-v0-d0-a0-n0-A0-B0-N0-F0__18,2017.584562301636,1.0,0.0,1,
mixed-f6-p5-u0-v0-d0-a0-n0-A0-B0-N0-F0__19,2045.2680587768557,1.0,0.0,1,
mixed-f6-p5-u0-v0-d0-a0-n0-A0-B0-N0-F0__2,2054.403066635132,1.0,0.0,1,
mixed-f6-p5-u0-v0-d0-a0-n0-A0-B0-N0-F0__20,2059.612989425659,1.0,0.0,1,
mixed-f6-p5-u0-v0-d0-a0-n0-A0-B0-N0-F0__21,2013.690948486328,1.0,0.0,1,
mixed-f6-p5-u0-v0-d0-a0-n0-A0-B0-N0-F0__22,2097.2940921783447,1.0,0.0,1,
mixed-f6-p5-u0-v0-d0-a0-n0-A0-B0-N0-F0__23,2049.525737762451,1.0,0.0,1,
mixed-f6-p5-u0-v0-d0-a0-n0-A0-B0-N0-F0__3,2058.208703994751,1.0,0.0,1,
mixed-f6-p5-u0-v0-d0-a0-n0-A0-B0-N0-F0__4,2080.8234214782715,1.0,0.0,1,
mixed-f6-p5-u0-v0-d0-a0-n0-A0-B0-N0-F0__5,2040.724277496338,1.0,0.0,1,
mixed-f6-p5-u0-v0-d0-a0-n0-A0-B0-N0-F0__6,2026.9131660461424,1.0,0.0,1,
mixed-f6-p5-u0-v0-d0-a0-n0-A0-B0-N0-F0__7,2067.3999786376958,1.0,0.0,1,
mixed-f6-p5-u0-v0-d0-a0-n0-A0-B0-N0-F0__8,2094.96808052063,1.0,0.0,1,
mixed-f6-p5-u0-v0-d0-a0-n0-A0-B0-N0-F0__9,2048.804521560669,1.0,0.0,1,
mixed-f6-p6-u0-v0-d0-a0-n0-A0-B0-N0-F0__0,2124.1252422332764,1.0,0.0,1,
mixed-f6-p6-u0-v0-d0-a0-n0-A0-B0-N0-F0__1,2143.078088760376,1.0,0.0,1,
mixed-f6-p6-u0-v0-d0-a0-n0-A0-B0-N0-F0__10,2134.256601333618,1.0,0.0,1,
mixed-f6-p6-u0-v0-d0-a0-n0-A0-B0-N0-F0__11,2135.021924972534,1.0,0.0,1,
mixed-f6-p6-u0-v0-d0-a0-n0-A0-B0-N0-F0__12,2126.251220703125,1.0,0.0,1,
mixed-f6-p6-u0-v0-d0-a0-n0-A0-B0-N0-F0__13,2117.8417205810547,1.0,0.0,1,
mixed-f6-p6-u0-v0-d0-a0-n0-A0-B0-N0-F0__14,2099.412441253662,1.0,0.0,1,
mixed-f6-p6-u0-v0-d0-a0-n0-A0-B0-N0-F0__15,2105.7286262512207,1.0,0.0,1,
mixed-f6-p6-u0-v0-d0-a0-n0-A0-B0-N0-F0__16,2092.0329093933105,1.0,0.0,1,
mixed-f6-p6-u0-v0-d0-a0-n0-A0-B0-N0-F0__17,2125.929832458496,1.0,0.0,1,
mixed-f6-p6-u0-v0-d0-a0-n0-A0-B0-N0-F0__18,2131.6399574279785,1.0,0.0,1,
mixed-f6-p6-u0-v0-d0-a0-n0-A0-B0-N0-F0__19,2086.9784355163574,1.0,0.0,1,
mixed-f6-p6-u0-v0-d0-a0-n0-A0-B0-N0-F0__2,2090.472936630249,1.0,0.0,1,
mixed-f6-p6-u0-v0-d0-a0-n0-A0-B0-N0-F0__20,2084.040880203247,1.0,0.0,1,
mixed-f6-p6-u0-v0-d0-a0-n0-A0-B0-N0-F0__21,2110.1698875427246,1.0,0.0,1,
mixed-f6-p6-u0-v0-d0-a0-n0-A0-B0-N0-F0__22,2107.4764728546143,1.0,0.0,1,
mixed-f6-p6-u0-v0-d0-a0-n0-A0-B0-N0-F0__23,2127.01416015625,1.0,0.0,1,
mixed-f6-p6-u0-v0-d0-a0-n0-A0-B0-N0-F0__3,2075.481653213501,1.0,0.0,2,3
mixed-f6-p6-u0-v0-d0-a0-n0-A0-B0-N0-F0__4,2128.514051437378,1.0,0.0,1,
mixed-f6-p6-u0-v0-d0-a0-n0-A0-B0-N0-F0__5,2097.127914428711,1.0,0.0,1,
mixed-f6-p6-u0-v0-d0-a0-n0-A0-B0-N0-F0__6,2079.751253128052,1.0,0.0,1,
mixed-f6-p6-u0-v0-d0-a0-n0-A0-B0-N0-F0__7,2095.2155590057373,1.0,0.0,1,
mixed-f6-p6-u0-v0-d0-a0-n0-A0-B0-N0-F0__8,2113.3337020874023,1.0,0.0,1,
mixed-f6-p6-u0-v0-d0-a0-n0-A0-B0-N0-F0__9,2113.574981689453,1.0,0.0,1,
mixed-f6-p7-u0-v0-d0-a0-n0-A0-B0-N0-F0__0,2146.0468769073486,1.0,0.0,1,
mixed-f6-p7-u0-v0-d0-a0-n0-A0-B0-N0-F0__1,2196.5785026550293,1.0,0.0,1,
mixed-f6-p7-u0-v0-d0-a0-n0-A0-B0-N0-F0__10,2138.775587081909,1.0,0.0,1,
mixed-f6-p7-u0-v0-d0-a0-n0-A0-B0-N0-F0__11,2178.547143936157,1.0,0.0,1,
mixed-f6-p7-u0-v0-d0-a0-n0-A0-B0-N0-F0__12,2168.120861053467,1.0,0.0,1,
mixed-f6-p7-u0-v0-d0-a0-n0-A0-B0-N0-F0__13,2147.3729610443115,1.0,0.0,1,
mixed-f6-p7-u0-v0-d0-a0-n0-A0-B0-N0-F0__14,2168.8570976257324,1.0,0.0,1,
mixed-f6-p7-u0-v0-d0-a0-n0-A0-B0-N0-F0__15,2167.752504348755,1.0,0.0,1,
mixed-f6-p7-u0-v0-d0-a0-n0-A0-B0-N0-F0__16,2158.3855152130127,1.0,0.0,1,
mixed-f6-p7-u0-v0-d0-a0-n0-A0-B0-N0-F0__17,2164.641857147217,1.0,0.0,1,
mixed-f6-p7-u0-v0-d0-a0-n0-A0-B0-N0-F0__18,2155.0397872924805,1.0,0.0,1,
mixed-f6-p7-u0-v0-d0-a0-n0-A0-B0-N0-F0__19,2135.33091545105,1.0,0.0,1,
mixed-f6-p7-u0-v0-d0-a0-n0-A0-B0-N0-F0__2,2161.0121726989746,1.0,0.0,1,
mixed-f6-p7-u0-v0-d0-a0-n0-A0-B0-N0-F0__20,2182.667732238769,1.0,0.0,1,
mixed-f6-p7-u0-v0-d0-a0-n0-A0-B0-N0-F0__21,2167.954921722412,1.0,-4.761904761904762,1,
mixed-f6-p7-u0-v0-d0-a0-n0-A0-B0-N0-F0__22,2151.938199996948,1.0,0.0,1,
mixed-f6-p7-u0-v0-d0-a0-n0-A0-B0-N0-F0__23,2230.937957763672,1.0,0.0,1,
mixed-f6-p7-u0-v0-d0-a0-n0-A0-B0-N0-F0__3,2162.470817565918,1.0,0.0,1,
mixed-f6-p7-u0-v0-d0-a0-n0-A0-B0-N0-F0__4,2197.011709213257,1.0,5.0,1,
mixed-f6-p7-u0-v0-d0-a0-n0-A0-B0-N0-F0__5,2161.927461624145,1.0,0.0,1,
mixed-f6-p7-u0-v0-d0-a0-n0-A0-B0-N0-F0__6,2197.506666183472,1.0,5.0,1,
mixed-f6-p7-u0-v0-d0-a0-n0-A0-B0-N0-F0__7,2179.157018661499,1.0,0.0,1,
mixed-f6-p7-u0-v0-d0-a0-n0-A0-B0-N0-F0__8,2163.7020111083984,1.0,0.0,1,
mixed-f6-p7-u0-v0-d0-a0-n0-A0-B0-N0-F0__9,2191.725730895996,1.0,5.0,1,
zBWproblem_2_15__0,1743.7448501586914,1.0,0.0,1,
zBWproblem_2_17__0,1786.623477935791,1.0,0.0,2,3
zBWproblem_2_35__0,1750.7438659667969,1.0,0.0,1,
zBWproblem_2_37__0,1761.3563537597656,1.0,0.0,2,3
zBWproblem_2_42__0,1785.1274013519287,1.0,0.0,1,
zBWproblem_2_5__0,1757.34281539917,1.0,0.0,1,
zBWproblem_2_67__0,1753.07297706604,1.0,0.0,2,3
zBWproblem_2_69__0,1789.3872261047363,1.0,0.0,2,3
zBWproblem_2_6__0,1845.0212478637693,1.0,0.0,2,3
zBWproblem_2_74__0,1775.190830230713,1.0,0.0,1,
zBWproblem_2_77__0,1787.1172428131104,1.0,0.0,1,
zBWproblem_2_88__0,1747.5647926330566,1.0,0.0,1,
zBWproblem_2_93__0,1755.9096813201904,1.0,0.0,1,
zBWproblem_3_10__0,1854.5823097229004,1.0,0.0,1,
zBWproblem_3_11__0,1776.456594467163,1.0,0.0,2,3
zBWproblem_3_19__0,1899.7681140899656,1.0,0.0,1,
zBWproblem_3_20__0,1783.32257270813,1.0,0.0,2,3
zBWproblem_3_22__0,1852.2353172302248,1.0,0.0,1,
zBWproblem_3_25__0,1815.732717514038,1.0,0.0,2,3
zBWproblem_3_27__0,1803.3206462860107,1.0,0.0,1,
zBWproblem_3_28__0,1829.716444015503,1.0,0.0,1,
zBWproblem_3_39__0,1818.490743637085,1.0,0.0,2,3
zBWproblem_3_46__0,1826.801061630249,1.0,0.0,1,
zBWproblem_3_53__0,1800.703763961792,1.0,0.0,2,3
zBWproblem_3_54__0,1828.7129402160645,1.0,0.0,2,3
zBWproblem_3_63__0,1838.0165100097656,1.0,0.0,1,
zBWproblem_3_64__0,1868.5665130615237,1.0,0.0,1,
zBWproblem_3_66__0,1819.4737434387207,1.0,0.0,1,
zBWproblem_3_76__0,1866.840124130249,1.0,0.0,1,
zBWproblem_3_81__0,1883.5139274597168,1.0,0.0,1,
zBWproblem_3_82__0,1832.5729370117188,1.0,0.0,1,
zBWproblem_3_87__0,1766.7810916900637,1.0,0.0,2,3
zBWproblem_3_91__0,2049.598455429077,1.0,0.0,2,3
zBWproblem_4_23__0,1871.2317943573,1.0,0.0,2,3
zBWproblem_4_24__0,2146.9826698303223,1.0,0.0,1,
zBWproblem_4_29__0,2000.2830028533936,1.0,0.0,1,
zBWproblem_4_30__0,2079.5531272888184,1.0,0.0,1,
zBWproblem_4_33__0,2185.357093811035,1.0,0.0,2,3
zBWproblem_4_3__0,1836.479663848877,1.0,0.0,2,3
zBWproblem_4_41__0,1953.763008117676,1.0,0.0,2,3
zBWproblem_4_48__0,1849.062442779541,1.0,0.0,1,
zBWproblem_4_49__0,1953.9012908935547,1.0,0.0,1,
zBWproblem_4_50__0,1904.0074348449707,1.0,0.0,2,3
zBWproblem_4_52__0,1914.581060409546,1.0,0.0,2,3
zBWproblem_4_59__0,1857.5892448425293,1.0,0.0,2,3
zBWproblem_4_60__0,2121.060848236084,1.0,0.0,1,
zBWproblem_4_75__0,1835.6568813323972,1.0,0.0,2,3
zBWproblem_4_79__0,1775.24995803833,1.0,0.0,2,3
zBWproblem_4_80__0,1828.545331954956,1.0,0.0,2,3
zBWproblem_4_84__0,1864.745855331421,1.0,0.0,2,3
zBWproblem_4_86__0,2008.2037448883057,1.0,0.0,1,
zBWproblem_4_8__0,1855.2134037017825,1.0,0.0,2,3
zBWproblem_4_95__0,2111.0401153564453,1.0,0.0,2,3
zBWproblem_4_98__0,1936.0101222991943,1.0,0.0,1,
zBWproblem_5_12__0,1921.5023517608645,1.0,0.0,2,3
zBWproblem_5_16__0,1914.405345916748,1.0,0.0,2,3
zBWproblem_5_18__0,3795.900344848633,1.0,30.76923076923077,2,3
zBWproblem_5_1__0,1811.009407043457,1.0,0.0,2,3
zBWproblem_5_21__0,1984.9839210510252,1.0,0.0,2,3
zBWproblem_5_26__0,2184.272766113281,1.0,0.0,1,
zBWproblem_5_32__0,2432.811975479126,1.0,0.0,1,
zBWproblem_5_34__0,2592.4723148345947,1.0,11.538461538461538,1,
zBWproblem_5_40__0,2394.8657512664795,1.0,0.0,2,3
zBWproblem_5_43__0,2050.055980682373,1.0,0.0,2,3
zBWproblem_5_44__0,2391.606569290161,1.0,0.0,1,
zBWproblem_5_45__0,2105.612277984619,1.0,0.0,2,3
zBWproblem_5_56__0,2838.545322418213,1.0,0.0,2,1
zBWproblem_5_57__0,1951.401948928833,1.0,0.0,2,3
zBWproblem_5_58__0,2382.094144821167,1.0,0.0,1,
zBWproblem_5_62__0,2228.764772415161,1.0,0.0,1,
zBWproblem_5_65__0,2519.3347930908203,1.0,0.0,1,
zBWproblem_5_68__0,2400.430679321289,1.0,0.0,1,
zBWproblem_5_78__0,2371.4282512664795,1.0,0.0,1,
zBWproblem_5_7__0,2123.624563217163,1.0,0.0,2,3
zBWproblem_5_90__0,2323.006629943848,1.0,0.0,1,
zBWproblem_5_94__0,1828.053951263428,1.0,0.0,2,3
zBWproblem_5_97__0,2807.692289352417,1.0,0.0,2,1
zBWproblem_5_99__0,4071.542978286743,1.0,0.0,2,3
zBWproblem_5_9__0,2401.505708694458,1.0,0.0,1,
zBWproblem_6_13__0,3048.1464862823486,0.0,-1.0,-1,-1
zBWproblem_6_14__0,2529.0603637695312,1.0,164.70588235294116,2,3
zBWproblem_6_2__0,59830.779790878296,0.0,-1.0,-1,-1
zBWproblem_6_31__0,5254.5366287231445,1.0,21.27659574468085,2,3
zBWproblem_6_36__0,5024.401664733887,1.0,18.181818181818183,2,3
zBWproblem_6_38__0,4988.988637924194,1.0,41.935483870967744,2,3
zBWproblem_6_47__0,5161.2067222595215,1.0,13.79310344827586,2,3
zBWproblem_6_51__0,5124.039173126221,1.0,44.11764705882353,2,3
zBWproblem_6_55__0,4977.201461791992,1.0,13.79310344827586,2,3
zBWproblem_6_61__0,4463.00745010376,1.0,4.545454545454546,2,3
zBWproblem_6_70__0,20563.51208686829,1.0,280.0,2,3
zBWproblem_6_72__0,5178.136348724365,1.0,20.75471698113208,2,3
zBWproblem_6_73__0,1806.9381713867188,1.0,0.0,2,3
zBWproblem_6_83__0,4715.669631958008,1.0,43.85964912280701,2,3
zBWproblem_6_85__0,3141.475915908813,0.0,-1.0,-1,-1
zBWproblem_6_89__0,3077.1114826202397,0.0,-1.0,-1,-1
zBWproblem_6_92__0,3081.4414024353027,1.0,0.0,2,1
zBWproblem_6_96__0,3056.835174560547,1.0,0.0,2,1
