Name,Time-SOFAI-PF-FD,Corr-SOFAI-PF-FD,Opt-SOFAI-PF-FD,Sys-SOFAI-PF-FD,Planner-SOFAI-PF-FD
BW-rand-10__0,59275.60615539551,0.0,-1.0,-1,-1
BW-rand-10__1,32616.433143615723,1.0,0.0,2,1
BW-rand-10__10,17370.973825454712,1.0,0.0,2,1
BW-rand-10__11,59071.78258895874,0.0,-1.0,-1,-1
BW-rand-10__12,59254.7345161438,0.0,-1.0,-1,-1
BW-rand-10__13,59511.33728027344,0.0,-1.0,-1,-1
BW-rand-10__14,59266.85094833374,0.0,-1.0,-1,-1
BW-rand-10__15,19336.93099021912,1.0,0.0,2,1
BW-rand-10__16,59183.120250701904,0.0,-1.0,-1,-1
BW-rand-10__17,59275.91419219971,0.0,-1.0,-1,-1
BW-rand-10__18,59755.825996398926,0.0,-1.0,-1,-1
BW-rand-10__19,10254.599332809448,1.0,0.0,2,1
BW-rand-10__2,8794.348239898682,1.0,0.0,2,1
BW-rand-10__20,17302.488565444946,1.0,0.0,2,1
BW-rand-10__21,12040.936946868896,1.0,0.0,2,1
BW-rand-10__22,59352.648973464966,0.0,-1.0,-1,-1
BW-rand-10__23,59138.79752159119,0.0,-1.0,-1,-1
BW-rand-10__24,59289.41202163696,0.0,-1.0,-1,-1
BW-rand-10__25,43456.30168914795,1.0,0.0,2,1
BW-rand-10__26,32914.719343185425,1.0,0.0,2,1
BW-rand-10__27,34948.27103614807,1.0,0.0,2,1
BW-rand-10__28,59318.023443222046,0.0,-1.0,-1,-1
BW-rand-10__29,54084.17630195618,1.0,0.0,2,1
BW-rand-10__3,59132.55763053894,0.0,-1.0,-1,-1
BW-rand-10__30,8450.771808624268,1.0,0.0,2,1
BW-rand-10__31,59396.67296409607,0.0,-1.0,-1,-1
BW-rand-10__32,36443.30048561096,1.0,0.0,2,1
BW-rand-10__33,59220.324754714966,0.0,-1.0,-1,-1
BW-rand-10__34,5290.5213832855225,1.0,0.0,2,1
BW-rand-10__35,5442.324876785278,1.0,0.0,2,1
BW-rand-10__36,45414.79301452637,1.0,0.0,2,1
BW-rand-10__37,27637.734174728397,1.0,0.0,2,1
BW-rand-10__38,59770.10035514832,0.0,-1.0,-1,-1
BW-rand-10__39,41575.644969940186,1.0,0.0,2,1
BW-rand-10__4,35613.74092102051,1.0,0.0,2,1
BW-rand-10__40,11532.79948234558,1.0,0.0,2,1
BW-rand-10__41,59178.53856086731,0.0,-1.0,-1,-1
BW-rand-10__42,6813.760042190552,1.0,0.0,2,1
BW-rand-10__43,59213.92154693604,0.0,-1.0,-1,-1
BW-rand-10__44,59740.3199672699,0.0,-1.0,-1,-1
BW-rand-10__45,44166.133880615234,1.0,0.0,2,1
BW-rand-10__46,59574.27763938904,0.0,-1.0,-1,-1
BW-rand-10__47,59222.34225273132,0.0,-1.0,-1,-1
BW-rand-10__48,59181.46276473999,0.0,-1.0,-1,-1
BW-rand-10__49,13566.410541534424,1.0,0.0,2,1
BW-rand-10__5,27513.13734054565,1.0,0.0,2,1
BW-rand-10__50,36337.72110939026,1.0,0.0,2,1
BW-rand-10__51,59235.543966293335,0.0,-1.0,-1,-1
BW-rand-10__52,4094.2089557647705,1.0,0.0,2,1
BW-rand-10__53,59346.8029499054,0.0,-1.0,-1,-1
BW-rand-10__54,59285.27498245239,0.0,-1.0,-1,-1
BW-rand-10__55,59371.87647819519,0.0,-1.0,-1,-1
BW-rand-10__56,59166.344165802,0.0,-1.0,-1,-1
BW-rand-10__57,13415.133237838743,1.0,0.0,2,1
BW-rand-10__58,16291.472911834717,1.0,0.0,2,1
BW-rand-10__59,38477.32973098755,1.0,0.0,2,1
BW-rand-10__6,31488.758087158203,1.0,0.0,2,1
BW-rand-10__60,32150.325775146484,1.0,0.0,2,1
BW-rand-10__61,26261.215209960938,1.0,0.0,2,1
BW-rand-10__62,59360.16845703125,0.0,-1.0,-1,-1
BW-rand-10__63,59167.54841804504,0.0,-1.0,-1,-1
BW-rand-10__64,57061.63763999939,1.0,0.0,2,1
BW-rand-10__65,7483.196258544922,1.0,0.0,2,1
BW-rand-10__66,48092.994689941406,1.0,0.0,2,1
BW-rand-10__67,59318.35961341858,0.0,-1.0,-1,-1
BW-rand-10__68,59187.78014183045,0.0,-1.0,-1,-1
BW-rand-10__69,60001.521825790405,0.0,-1.0,-1,-1
BW-rand-10__7,59241.55569076538,0.0,-1.0,-1,-1
BW-rand-10__70,59187.80326843262,0.0,-1.0,-1,-1
BW-rand-10__71,59729.804039001465,0.0,-1.0,-1,-1
BW-rand-10__72,27184.441566467285,1.0,0.0,2,1
BW-rand-10__73,26301.937341690063,1.0,0.0,2,1
BW-rand-10__74,2820.9214210510254,1.0,0.0,2,1
BW-rand-10__75,47555.11426925659,1.0,0.0,2,1
BW-rand-10__76,43350.39448738098,1.0,0.0,2,1
BW-rand-10__77,59070.68967819214,0.0,-1.0,-1,-1
BW-rand-10__78,21139.79935646057,1.0,0.0,2,1
BW-rand-10__8,26715.93761444092,1.0,0.0,2,1
BW-rand-10__9,21758.517026901245,1.0,0.0,2,1
BW-rand-11__0,59243.4983253479,0.0,-1.0,-1,-1
BW-rand-11__1,59147.30739593506,0.0,-1.0,-1,-1
BW-rand-11__10,59180.37104606629,0.0,-1.0,-1,-1
BW-rand-11__11,59171.22578620911,0.0,-1.0,-1,-1
BW-rand-11__12,59150.0461101532,0.0,-1.0,-1,-1
BW-rand-11__13,59717.13638305664,0.0,-1.0,-1,-1
BW-rand-11__14,25942.585229873657,1.0,0.0,2,1
BW-rand-11__15,59395.63822746277,0.0,-1.0,-1,-1
BW-rand-11__16,24572.71409034729,1.0,0.0,2,1
BW-rand-11__17,28207.54337310791,1.0,0.0,2,1
BW-rand-11__18,6176.839351654053,1.0,0.0,2,1
BW-rand-11__19,9527.780532836914,1.0,0.0,2,1
BW-rand-11__2,59753.98993492127,0.0,-1.0,-1,-1
BW-rand-11__20,59492.061376571655,0.0,-1.0,-1,-1
BW-rand-11__3,59121.31237983704,0.0,-1.0,-1,-1
BW-rand-11__4,44149.62124824524,1.0,0.0,2,1
BW-rand-11__5,59129.27651405335,0.0,-1.0,-1,-1
BW-rand-11__6,59368.75700950623,0.0,-1.0,-1,-1
BW-rand-11__7,59137.95638084412,0.0,-1.0,-1,-1
BW-rand-11__8,59124.06611442566,0.0,-1.0,-1,-1
BW-rand-11__9,59310.02807617188,0.0,-1.0,-1,-1
ferry-l4-c3__0,1966.852426528931,1.0,0.0,1,
ferry-l4-c3__1,1958.5442543029783,1.0,0.0,1,
ferry-l4-c3__2,1920.311450958252,1.0,0.0,1,
ferry-l4-c3__3,1956.8026065826416,1.0,0.0,1,
ferry-l4-c3__4,1873.568058013916,1.0,0.0,1,
ferry-l4-c3__5,1859.695672988892,1.0,0.0,1,
ferry-l4-c3__6,1908.29873085022,1.0,0.0,1,
ferry-l4-c3__7,1821.6650485992432,1.0,0.0,1,
ferry-l4-c3__8,1873.8582134246824,1.0,0.0,1,
ferry-l4-c3__9,1885.7269287109373,1.0,0.0,1,
ferry-l4-c4__0,1964.1900062561035,1.0,0.0,1,
ferry-l4-c4__1,1939.194679260254,1.0,0.0,1,
ferry-l4-c4__2,1799.731969833374,1.0,0.0,1,
ferry-l4-c4__3,1875.645875930786,1.0,0.0,1,
ferry-l4-c4__4,1989.225149154663,1.0,0.0,1,
ferry-l4-c4__5,2035.696029663086,1.0,0.0,1,
ferry-l4-c4__6,1871.593713760376,1.0,0.0,1,
ferry-l4-c4__7,1947.631597518921,1.0,0.0,1,
ferry-l4-c4__8,1899.679183959961,1.0,0.0,1,
ferry-l4-c5__0,2107.162475585937,1.0,0.0,1,
ferry-l4-c5__1,2095.5374240875244,1.0,0.0,1,
ferry-l4-c5__2,2143.867015838623,1.0,0.0,1,
ferry-l4-c5__3,2037.49680519104,1.0,0.0,1,
ferry-l4-c5__4,2107.229709625244,1.0,0.0,1,
ferry-l4-c5__5,1984.466791152954,1.0,0.0,1,
ferry-l4-c5__6,2019.428253173828,1.0,0.0,1,
ferry-l4-c5__7,2151.775598526001,1.0,0.0,1,
ferry-l4-c6__0,2025.4669189453125,1.0,0.0,1,
ferry-l4-c6__1,2087.1329307556152,1.0,0.0,1,
ferry-l4-c6__2,2045.3782081604004,1.0,0.0,1,
ferry-l4-c6__3,1979.665756225586,1.0,0.0,1,
ferry-l4-c6__4,2128.5946369171143,1.0,0.0,1,
ferry-l4-c6__5,2203.3395767211914,1.0,0.0,1,
ferry-l4-c6__6,2051.9614219665527,1.0,0.0,1,
ferry-l4-c6__7,2145.047664642334,1.0,0.0,1,
ferry-l4-c6__8,2144.9642181396484,1.0,0.0,1,
ferry-l4-c6__9,2128.9639472961426,1.0,0.0,1,
ferry-l5-c3__0,1860.7919216156008,1.0,0.0,1,
ferry-l5-c3__1,1868.628025054932,1.0,0.0,1,
ferry-l5-c3__2,1967.1013355255127,1.0,0.0,1,
ferry-l5-c3__3,1951.690912246704,1.0,0.0,1,
ferry-l5-c3__4,1975.44264793396,1.0,0.0,1,
ferry-l5-c4__0,2007.026195526123,1.0,0.0,2,1
ferry-l5-c4__1,1968.1367874145508,1.0,0.0,1,
ferry-l5-c4__2,2059.403419494629,1.0,0.0,1,
ferry-l5-c4__3,2039.1488075256348,1.0,0.0,1,
ferry-l5-c4__4,1909.581184387207,1.0,0.0,1,
ferry-l5-c4__5,2053.3969402313232,1.0,0.0,1,
ferry-l5-c4__6,1969.977855682373,1.0,0.0,1,
ferry-l5-c4__7,2039.9963855743408,1.0,0.0,1,
ferry-l5-c5__0,1990.4685020446775,1.0,0.0,1,
ferry-l5-c5__1,2104.4633388519287,1.0,6.666666666666667,1,
ferry-l5-c5__2,2053.826332092285,1.0,7.6923076923076925,1,
ferry-l5-c5__3,1795.9277629852295,1.0,0.0,1,
ferry-l5-c5__4,2215.144395828247,1.0,0.0,1,
ferry-l5-c6__0,2232.8591346740723,1.0,0.0,1,
ferry-l5-c6__1,2059.664487838745,1.0,0.0,1,
ferry-l5-c6__2,2235.706567764282,1.0,0.0,1,
ferry-l5-c6__3,2116.987466812134,1.0,0.0,1,
ferry-l5-c6__4,2206.051111221313,1.0,5.263157894736842,1,
ferry-l5-c6__5,2232.605457305908,1.0,0.0,1,
ferry-l5-c6__6,2153.64146232605,1.0,0.0,1,
ferry-l5-c6__7,2027.2483825683596,1.0,0.0,1,
ferry-l5-c6__8,2195.972681045532,1.0,0.0,1,
ferry-l6-c3__0,1964.2915725708008,1.0,0.0,1,
ferry-l6-c3__1,2002.7143955230715,1.0,0.0,1,
ferry-l6-c3__2,1876.657247543335,1.0,0.0,1,
ferry-l6-c3__3,1987.7970218658447,1.0,0.0,1,
ferry-l6-c3__4,1786.2279415130615,1.0,0.0,1,
ferry-l6-c3__5,1994.485855102539,1.0,0.0,1,
ferry-l6-c3__6,1950.6068229675293,1.0,0.0,1,
ferry-l6-c3__7,1967.893362045288,1.0,0.0,1,
ferry-l6-c4__0,2053.973436355591,1.0,0.0,1,
ferry-l6-c4__1,1990.109920501709,1.0,0.0,1,
ferry-l6-c4__10,1980.1836013793943,1.0,0.0,1,
ferry-l6-c4__2,1979.0544509887693,1.0,0.0,1,
ferry-l6-c4__3,1996.801853179932,1.0,0.0,1,
ferry-l6-c4__4,2074.926853179932,1.0,0.0,1,
ferry-l6-c4__5,1964.4229412078855,1.0,0.0,1,
ferry-l6-c4__6,1947.3955631256104,1.0,0.0,1,
ferry-l6-c4__7,2105.4251194000244,1.0,0.0,1,
ferry-l6-c4__8,2038.3784770965576,1.0,0.0,1,
ferry-l6-c4__9,2100.299119949341,1.0,0.0,1,
ferry-l6-c5__0,2049.466609954834,1.0,0.0,1,
ferry-l6-c5__1,2148.223876953125,1.0,0.0,1,
ferry-l6-c5__2,2078.176259994507,1.0,0.0,1,
ferry-l6-c5__3,2060.987949371338,1.0,0.0,1,
ferry-l6-c5__4,2187.1304512023926,1.0,0.0,1,
ferry-l6-c5__5,1905.7328701019287,1.0,0.0,1,
ferry-l6-c5__6,2082.6945304870605,1.0,0.0,1,
ferry-l6-c5__7,2104.3810844421387,1.0,0.0,1,
ferry-l6-c5__8,2133.195161819458,1.0,6.666666666666667,1,
ferry-l6-c6__0,2256.4127445220947,1.0,0.0,1,
ferry-l6-c6__1,2059.5874786376958,1.0,0.0,1,
ferry-l6-c6__2,2135.595321655273,1.0,0.0,1,
ferry-l6-c6__3,2112.727403640747,1.0,0.0,1,
ferry-l6-c6__4,2084.0811729431152,1.0,0.0,1,
ferry-l6-c6__5,2199.0342140197754,1.0,0.0,1,
ferry-l6-c6__6,2188.039541244507,1.0,0.0,1,
ferry-l6-c6__7,2261.627197265625,1.0,0.0,1,
gripperproblem_3_2_2_102__0,1937.3035430908203,1.0,0.0,1,
gripperproblem_3_2_2_11__0,2080.279588699341,1.0,0.0,1,
gripperproblem_3_2_2_18__0,1926.386833190918,1.0,0.0,1,
gripperproblem_3_2_2_44__0,1822.032451629639,1.0,0.0,1,
gripperproblem_3_2_2_46__0,1875.0507831573489,1.0,0.0,1,
gripperproblem_3_2_2_54__0,1941.411256790161,1.0,0.0,1,
gripperproblem_3_2_2_95__0,2046.9646453857424,1.0,0.0,1,
gripperproblem_3_2_3_122__0,1948.4071731567385,1.0,0.0,1,
gripperproblem_3_2_3_125__0,1842.174053192139,1.0,0.0,1,
gripperproblem_3_2_3_126__0,1926.727056503296,1.0,0.0,1,
gripperproblem_3_2_3_31__0,1935.241460800171,1.0,0.0,1,
gripperproblem_3_2_3_89__0,1833.0202102661133,1.0,0.0,1,
gripperproblem_3_2_4_123__0,1854.822397232056,1.0,0.0,1,
gripperproblem_3_2_4_131__0,1930.7482242584229,1.0,0.0,1,
gripperproblem_3_2_4_134__0,2074.1708278656006,1.0,0.0,1,
gripperproblem_3_2_4_140__0,1947.319507598877,1.0,0.0,1,
gripperproblem_3_2_4_142__0,2094.6083068847656,1.0,0.0,1,
gripperproblem_3_2_4_15__0,2100.3189086914062,1.0,0.0,1,
gripperproblem_3_2_4_40__0,1978.2707691192627,1.0,0.0,1,
gripperproblem_3_2_4_61__0,2071.6609954833984,1.0,0.0,1,
gripperproblem_3_2_4_74__0,1961.7979526519773,1.0,0.0,1,
gripperproblem_3_2_4_83__0,2071.6357231140137,1.0,0.0,1,
gripperproblem_3_2_5_107__0,2088.2809162139893,1.0,0.0,1,
gripperproblem_3_2_5_110__0,1870.3138828277588,1.0,0.0,1,
gripperproblem_3_2_5_149__0,2105.5455207824707,1.0,0.0,1,
gripperproblem_3_2_5_25__0,2075.0527381896973,1.0,0.0,1,
gripperproblem_3_2_5_27__0,1909.505605697632,1.0,0.0,1,
gripperproblem_3_2_5_64__0,2112.956285476685,1.0,0.0,1,
gripperproblem_3_3_2_10__0,1901.3512134552,1.0,0.0,1,
gripperproblem_3_3_2_130__0,1831.169605255127,1.0,0.0,1,
gripperproblem_3_3_2_144__0,1913.0034446716309,1.0,0.0,1,
gripperproblem_3_3_2_1__0,1871.5548515319824,1.0,0.0,1,
gripperproblem_3_3_2_20__0,2029.9022197723389,1.0,0.0,1,
gripperproblem_3_3_2_37__0,1832.343339920044,1.0,0.0,1,
gripperproblem_3_3_2_60__0,1935.6026649475095,1.0,0.0,1,
gripperproblem_3_3_2_63__0,1932.546854019165,1.0,0.0,1,
gripperproblem_3_3_2_99__0,1827.051877975464,1.0,0.0,1,
gripperproblem_3_3_3_132__0,1939.976692199707,1.0,0.0,1,
gripperproblem_3_3_3_19__0,2026.702642440796,1.0,0.0,2,1
gripperproblem_3_3_3_33__0,2056.288719177246,1.0,0.0,1,
gripperproblem_3_3_3_56__0,2052.5712966918945,1.0,0.0,1,
gripperproblem_3_3_3_59__0,1915.9810543060305,1.0,0.0,1,
gripperproblem_3_3_3_65__0,2075.3908157348637,1.0,0.0,1,
gripperproblem_3_3_3_68__0,1813.272476196289,1.0,0.0,1,
gripperproblem_3_3_3_94__0,2031.5914154052732,1.0,0.0,1,
gripperproblem_4_2_2_34__0,1863.4848594665527,1.0,0.0,1,
gripperproblem_4_2_2_43__0,2029.1624069213867,1.0,0.0,1,
gripperproblem_4_2_2_69__0,2189.7597312927246,1.0,0.0,1,
gripperproblem_4_2_2_90__0,1932.178258895874,1.0,0.0,1,
gripperproblem_4_2_3_129__0,2165.095567703247,1.0,0.0,1,
gripperproblem_4_2_3_62__0,1948.3861923217771,1.0,0.0,1,
gripperproblem_4_2_3_70__0,2160.130262374878,1.0,0.0,1,
gripperproblem_4_2_4_105__0,1938.7941360473635,1.0,0.0,1,
gripperproblem_4_2_4_128__0,2116.1985397338867,1.0,0.0,1,
gripperproblem_4_2_4_137__0,2062.788963317871,1.0,0.0,1,
gripperproblem_4_2_4_42__0,2148.016452789306,1.0,-8.333333333333332,1,
gripperproblem_4_2_4_45__0,2069.0994262695312,1.0,0.0,1,
gripperproblem_4_2_5_146__0,2111.029863357544,1.0,0.0,1,
gripperproblem_4_2_5_32__0,2164.175510406494,1.0,0.0,1,
gripperproblem_4_2_5_71__0,2061.8765354156494,1.0,0.0,1,
gripperproblem_4_2_5_77__0,1947.8142261505127,1.0,0.0,1,
gripperproblem_4_3_2_117__0,1934.8032474517825,1.0,0.0,1,
gripperproblem_4_3_2_73__0,1849.814176559448,1.0,0.0,1,
gripperproblem_4_3_2_92__0,2058.3066940307617,1.0,0.0,1,
gripperproblem_5_2_2_103__0,1817.289352416992,1.0,0.0,1,
gripperproblem_5_2_2_112__0,1933.4068298339844,1.0,0.0,1,
gripperproblem_5_2_2_138__0,1914.5445823669436,1.0,0.0,1,
gripperproblem_5_2_2_150__0,1910.489797592163,1.0,0.0,1,
gripperproblem_5_2_2_28__0,1918.008089065552,1.0,0.0,1,
gripperproblem_5_2_2_35__0,2056.032180786133,1.0,0.0,1,
gripperproblem_5_2_2_47__0,2036.2839698791504,1.0,0.0,1,
gripperproblem_5_2_2_67__0,1860.6514930725095,1.0,0.0,1,
gripperproblem_5_2_3_104__0,1967.6976203918457,1.0,0.0,1,
gripperproblem_5_2_3_124__0,1955.3680419921875,1.0,0.0,1,
gripperproblem_5_2_3_17__0,2242.908000946045,1.0,-7.142857142857142,1,
gripperproblem_5_2_3_23__0,2290.9250259399414,1.0,0.0,1,
gripperproblem_5_2_3_38__0,2302.412509918213,1.0,0.0,2,1
gripperproblem_5_2_3_57__0,1822.108268737793,1.0,0.0,1,
gripperproblem_5_2_3_75__0,2071.726560592652,1.0,0.0,1,
gripperproblem_5_2_3_80__0,2158.7283611297607,1.0,0.0,2,1
gripperproblem_5_2_4_109__0,2176.474571228028,1.0,0.0,1,
gripperproblem_5_2_4_116__0,2305.840492248535,1.0,0.0,1,
gripperproblem_5_2_4_119__0,1932.6319694519043,1.0,0.0,1,
gripperproblem_5_2_4_5__0,2297.7893352508545,1.0,0.0,1,
gripperproblem_5_2_5_101__0,2211.8701934814453,1.0,0.0,1,
gripperproblem_5_2_5_106__0,2103.66153717041,1.0,0.0,1,
gripperproblem_5_2_5_115__0,2053.3604621887207,1.0,0.0,1,
gripperproblem_5_2_5_14__0,2214.313745498657,1.0,0.0,1,
gripperproblem_5_2_5_21__0,2281.810998916626,1.0,-6.666666666666667,1,
gripperproblem_5_2_5_53__0,2181.5450191497803,1.0,0.0,1,
gripperproblem_5_2_5_81__0,2174.730062484741,1.0,-8.333333333333332,1,
gripperproblem_5_2_5_87__0,2228.082656860352,1.0,-7.142857142857142,1,
gripperproblem_5_2_5_8__0,2119.6727752685547,1.0,-16.666666666666664,1,
gripperproblem_5_3_2_113__0,1825.136661529541,1.0,0.0,1,
gripperproblem_5_3_2_118__0,2031.5630435943604,1.0,0.0,1,
gripperproblem_5_3_2_143__0,2047.9357242584229,1.0,0.0,1,
gripperproblem_5_3_2_26__0,1963.3359909057615,1.0,0.0,1,
gripperproblem_5_3_2_58__0,1950.6585597991943,1.0,0.0,1,
gripperproblem_5_3_2_66__0,2042.80424118042,1.0,0.0,1,
gripperproblem_5_3_2_78__0,2065.6661987304688,1.0,0.0,1,
hanoiproblem_6_100__0,2516.541719436645,1.0,0.0,2,1
hanoiproblem_6_101__0,2410.5117321014404,1.0,0.0,2,1
hanoiproblem_6_102__0,3066.4639472961426,1.0,0.0,2,1
mixed-f6-p4-u0-v0-d0-a0-n0-A0-B0-N0-F0__0,2006.46448135376,1.0,0.0,1,
mixed-f6-p4-u0-v0-d0-a0-n0-A0-B0-N0-F0__1,1973.8142490386963,1.0,0.0,1,
mixed-f6-p4-u0-v0-d0-a0-n0-A0-B0-N0-F0__10,2015.4948234558103,1.0,0.0,1,
mixed-f6-p4-u0-v0-d0-a0-n0-A0-B0-N0-F0__11,2012.4518871307373,1.0,0.0,1,
mixed-f6-p4-u0-v0-d0-a0-n0-A0-B0-N0-F0__12,2002.399444580078,1.0,0.0,1,
mixed-f6-p4-u0-v0-d0-a0-n0-A0-B0-N0-F0__13,2013.2629871368408,1.0,0.0,1,
mixed-f6-p4-u0-v0-d0-a0-n0-A0-B0-N0-F0__14,2038.5417938232424,1.0,0.0,1,
mixed-f6-p4-u0-v0-d0-a0-n0-A0-B0-N0-F0__15,1993.8368797302248,1.0,0.0,1,
mixed-f6-p4-u0-v0-d0-a0-n0-A0-B0-N0-F0__16,2021.3239192962649,1.0,0.0,1,
mixed-f6-p4-u0-v0-d0-a0-n0-A0-B0-N0-F0__17,1972.5542068481443,1.0,0.0,1,
mixed-f6-p4-u0-v0-d0-a0-n0-A0-B0-N0-F0__18,1998.894453048706,1.0,0.0,1,
mixed-f6-p4-u0-v0-d0-a0-n0-A0-B0-N0-F0__19,2025.268316268921,1.0,0.0,1,
mixed-f6-p4-u0-v0-d0-a0-n0-A0-B0-N0-F0__2,1995.66650390625,1.0,0.0,1,
mixed-f6-p4-u0-v0-d0-a0-n0-A0-B0-N0-F0__20,1986.5295886993408,1.0,0.0,1,
mixed-f6-p4-u0-v0-d0-a0-n0-A0-B0-N0-F0__21,1989.6748065948489,1.0,0.0,1,
mixed-f6-p4-u0-v0-d0-a0-n0-A0-B0-N0-F0__22,2053.761482238769,1.0,0.0,1,
mixed-f6-p4-u0-v0-d0-a0-n0-A0-B0-N0-F0__23,2019.5529460906985,1.0,0.0,1,
mixed-f6-p4-u0-v0-d0-a0-n0-A0-B0-N0-F0__24,2017.9800987243648,1.0,0.0,1,
mixed-f6-p4-u0-v0-d0-a0-n0-A0-B0-N0-F0__25,1993.5729503631592,1.0,0.0,1,
mixed-f6-p4-u0-v0-d0-a0-n0-A0-B0-N0-F0__26,1968.778610229492,1.0,0.0,1,
mixed-f6-p4-u0-v0-d0-a0-n0-A0-B0-N0-F0__27,1992.9490089416504,1.0,0.0,1,
mixed-f6-p4-u0-v0-d0-a0-n0-A0-B0-N0-F0__3,1998.251676559448,1.0,0.0,1,
mixed-f6-p4-u0-v0-d0-a0-n0-A0-B0-N0-F0__4,1998.3456134796145,1.0,0.0,1,
mixed-f6-p4-u0-v0-d0-a0-n0-A0-B0-N0-F0__5,1966.0286903381348,1.0,0.0,1,
mixed-f6-p4-u0-v0-d0-a0-n0-A0-B0-N0-F0__6,1994.1365718841555,1.0,0.0,1,
mixed-f6-p4-u0-v0-d0-a0-n0-A0-B0-N0-F0__7,2006.3300132751465,1.0,0.0,1,
mixed-f6-p4-u0-v0-d0-a0-n0-A0-B0-N0-F0__8,2010.92791557312,1.0,0.0,1,
mixed-f6-p4-u0-v0-d0-a0-n0-A0-B0-N0-F0__9,1991.0712242126465,1.0,0.0,1,
mixed-f6-p5-u0-v0-d0-a0-n0-A0-B0-N0-F0__0,2077.251434326172,1.0,0.0,2,1
mixed-f6-p5-u0-v0-d0-a0-n0-A0-B0-N0-F0__1,2082.9455852508545,1.0,0.0,1,
mixed-f6-p5-u0-v0-d0-a0-n0-A0-B0-N0-F0__10,2025.668382644653,1.0,0.0,1,
mixed-f6-p5-u0-v0-d0-a0-n0-A0-B0-N0-F0__11,2078.9897441864014,1.0,0.0,1,
mixed-f6-p5-u0-v0-d0-a0-n0-A0-B0-N0-F0__12,2027.4858474731443,1.0,0.0,1,
mixed-f6-p5-u0-v0-d0-a0-n0-A0-B0-N0-F0__13,2064.530611038208,1.0,0.0,1,
mixed-f6-p5-u0-v0-d0-a0-n0-A0-B0-N0-F0__14,2040.329933166504,1.0,0.0,1,
mixed-f6-p5-u0-v0-d0-a0-n0-A0-B0-N0-F0__15,2117.33078956604,1.0,0.0,1,
mixed-f6-p5-u0-v0-d0-a0-n0-A0-B0-N0-F0__16,2064.0523433685303,1.0,0.0,1,
mixed-f6-p5-u0-v0-d0-a0-n0-A0-B0-N0-F0__17,2076.7297744750977,1.0,0.0,1,
mixed-f6-p5-u0-v0-d0-a0-n0-A0-B0-N0-F0__18,2039.7732257843015,1.0,0.0,1,
mixed-f6-p5-u0-v0-d0-a0-n0-A0-B0-N0-F0__19,2056.6272735595703,1.0,0.0,1,
mixed-f6-p5-u0-v0-d0-a0-n0-A0-B0-N0-F0__2,2054.053783416748,1.0,0.0,1,
mixed-f6-p5-u0-v0-d0-a0-n0-A0-B0-N0-F0__20,2055.680274963379,1.0,0.0,1,
mixed-f6-p5-u0-v0-d0-a0-n0-A0-B0-N0-F0__21,2025.376796722412,1.0,0.0,1,
mixed-f6-p5-u0-v0-d0-a0-n0-A0-B0-N0-F0__22,2099.512815475464,1.0,0.0,1,
mixed-f6-p5-u0-v0-d0-a0-n0-A0-B0-N0-F0__23,2033.7698459625244,1.0,0.0,1,
mixed-f6-p5-u0-v0-d0-a0-n0-A0-B0-N0-F0__3,2032.1440696716309,1.0,0.0,1,
mixed-f6-p5-u0-v0-d0-a0-n0-A0-B0-N0-F0__4,2058.4065914154053,1.0,0.0,1,
mixed-f6-p5-u0-v0-d0-a0-n0-A0-B0-N0-F0__5,2059.123754501343,1.0,0.0,1,
mixed-f6-p5-u0-v0-d0-a0-n0-A0-B0-N0-F0__6,2010.0419521331787,1.0,0.0,1,
mixed-f6-p5-u0-v0-d0-a0-n0-A0-B0-N0-F0__7,2048.4964847564697,1.0,0.0,1,
mixed-f6-p5-u0-v0-d0-a0-n0-A0-B0-N0-F0__8,2066.3297176361084,1.0,0.0,1,
mixed-f6-p5-u0-v0-d0-a0-n0-A0-B0-N0-F0__9,2053.1702041625977,1.0,0.0,1,
mixed-f6-p6-u0-v0-d0-a0-n0-A0-B0-N0-F0__0,2124.184846878052,1.0,0.0,1,
mixed-f6-p6-u0-v0-d0-a0-n0-A0-B0-N0-F0__1,2129.380464553833,1.0,0.0,1,
mixed-f6-p6-u0-v0-d0-a0-n0-A0-B0-N0-F0__10,2157.539129257202,1.0,0.0,1,
mixed-f6-p6-u0-v0-d0-a0-n0-A0-B0-N0-F0__11,2155.407428741455,1.0,0.0,1,
mixed-f6-p6-u0-v0-d0-a0-n0-A0-B0-N0-F0__12,2134.11021232605,1.0,0.0,1,
mixed-f6-p6-u0-v0-d0-a0-n0-A0-B0-N0-F0__13,2089.063882827759,1.0,0.0,1,
mixed-f6-p6-u0-v0-d0-a0-n0-A0-B0-N0-F0__14,2118.8740730285645,1.0,0.0,1,
mixed-f6-p6-u0-v0-d0-a0-n0-A0-B0-N0-F0__15,2169.5480346679688,1.0,0.0,1,
mixed-f6-p6-u0-v0-d0-a0-n0-A0-B0-N0-F0__16,2113.6839389801025,1.0,0.0,1,
mixed-f6-p6-u0-v0-d0-a0-n0-A0-B0-N0-F0__17,2125.7894039154053,1.0,0.0,1,
mixed-f6-p6-u0-v0-d0-a0-n0-A0-B0-N0-F0__18,2160.6364250183105,1.0,0.0,1,
mixed-f6-p6-u0-v0-d0-a0-n0-A0-B0-N0-F0__19,2086.7257118225098,1.0,0.0,1,
mixed-f6-p6-u0-v0-d0-a0-n0-A0-B0-N0-F0__2,2097.30076789856,1.0,0.0,1,
mixed-f6-p6-u0-v0-d0-a0-n0-A0-B0-N0-F0__20,2115.4630184173584,1.0,0.0,1,
mixed-f6-p6-u0-v0-d0-a0-n0-A0-B0-N0-F0__21,2101.2887954711914,1.0,0.0,1,
mixed-f6-p6-u0-v0-d0-a0-n0-A0-B0-N0-F0__22,2114.9795055389404,1.0,0.0,1,
mixed-f6-p6-u0-v0-d0-a0-n0-A0-B0-N0-F0__23,2122.602939605713,1.0,0.0,1,
mixed-f6-p6-u0-v0-d0-a0-n0-A0-B0-N0-F0__3,2081.702947616577,1.0,0.0,2,1
mixed-f6-p6-u0-v0-d0-a0-n0-A0-B0-N0-F0__4,2144.2513465881348,1.0,0.0,1,
mixed-f6-p6-u0-v0-d0-a0-n0-A0-B0-N0-F0__5,2076.404809951782,1.0,0.0,1,
mixed-f6-p6-u0-v0-d0-a0-n0-A0-B0-N0-F0__6,2122.739315032959,1.0,0.0,1,
mixed-f6-p6-u0-v0-d0-a0-n0-A0-B0-N0-F0__7,2103.3997535705566,1.0,0.0,1,
mixed-f6-p6-u0-v0-d0-a0-n0-A0-B0-N0-F0__8,2123.6085891723637,1.0,0.0,1,
mixed-f6-p6-u0-v0-d0-a0-n0-A0-B0-N0-F0__9,2086.765766143799,1.0,0.0,1,
mixed-f6-p7-u0-v0-d0-a0-n0-A0-B0-N0-F0__0,2128.0903816223145,1.0,0.0,1,
mixed-f6-p7-u0-v0-d0-a0-n0-A0-B0-N0-F0__1,2173.1362342834477,1.0,0.0,1,
mixed-f6-p7-u0-v0-d0-a0-n0-A0-B0-N0-F0__10,2147.1736431121826,1.0,0.0,1,
mixed-f6-p7-u0-v0-d0-a0-n0-A0-B0-N0-F0__11,2183.180570602417,1.0,0.0,1,
mixed-f6-p7-u0-v0-d0-a0-n0-A0-B0-N0-F0__12,2167.863607406616,1.0,0.0,1,
mixed-f6-p7-u0-v0-d0-a0-n0-A0-B0-N0-F0__13,2129.417657852173,1.0,0.0,1,
mixed-f6-p7-u0-v0-d0-a0-n0-A0-B0-N0-F0__14,2185.7481002807617,1.0,0.0,1,
mixed-f6-p7-u0-v0-d0-a0-n0-A0-B0-N0-F0__15,2164.435863494873,1.0,0.0,1,
mixed-f6-p7-u0-v0-d0-a0-n0-A0-B0-N0-F0__16,2163.612365722656,1.0,0.0,1,
mixed-f6-p7-u0-v0-d0-a0-n0-A0-B0-N0-F0__17,2162.787437438965,1.0,0.0,1,
mixed-f6-p7-u0-v0-d0-a0-n0-A0-B0-N0-F0__18,2171.283960342407,1.0,0.0,1,
mixed-f6-p7-u0-v0-d0-a0-n0-A0-B0-N0-F0__19,2160.6974601745605,1.0,0.0,1,
mixed-f6-p7-u0-v0-d0-a0-n0-A0-B0-N0-F0__2,2163.8875007629395,1.0,0.0,1,
mixed-f6-p7-u0-v0-d0-a0-n0-A0-B0-N0-F0__20,2216.571807861328,1.0,0.0,1,
mixed-f6-p7-u0-v0-d0-a0-n0-A0-B0-N0-F0__21,2165.966033935547,1.0,-4.761904761904762,1,
mixed-f6-p7-u0-v0-d0-a0-n0-A0-B0-N0-F0__22,2159.766912460327,1.0,0.0,1,
mixed-f6-p7-u0-v0-d0-a0-n0-A0-B0-N0-F0__23,2177.318811416626,1.0,0.0,1,
mixed-f6-p7-u0-v0-d0-a0-n0-A0-B0-N0-F0__3,2173.5339164733887,1.0,0.0,1,
mixed-f6-p7-u0-v0-d0-a0-n0-A0-B0-N0-F0__4,2185.3737831115723,1.0,5.0,1,
mixed-f6-p7-u0-v0-d0-a0-n0-A0-B0-N0-F0__5,2178.6999702453613,1.0,0.0,1,
mixed-f6-p7-u0-v0-d0-a0-n0-A0-B0-N0-F0__6,2198.0888843536377,1.0,5.0,1,
mixed-f6-p7-u0-v0-d0-a0-n0-A0-B0-N0-F0__7,2167.897701263428,1.0,0.0,1,
mixed-f6-p7-u0-v0-d0-a0-n0-A0-B0-N0-F0__8,2163.469076156616,1.0,0.0,1,
mixed-f6-p7-u0-v0-d0-a0-n0-A0-B0-N0-F0__9,2197.1564292907715,1.0,5.0,1,
zBWproblem_2_15__0,1755.9058666229248,1.0,0.0,1,
zBWproblem_2_17__0,1774.5966911315918,1.0,0.0,2,1
zBWproblem_2_35__0,1782.664775848389,1.0,0.0,1,
zBWproblem_2_37__0,1768.3556079864502,1.0,0.0,2,1
zBWproblem_2_42__0,1789.104461669922,1.0,0.0,1,
zBWproblem_2_5__0,1775.834083557129,1.0,0.0,1,
zBWproblem_2_67__0,1764.2545700073242,1.0,0.0,2,1
zBWproblem_2_69__0,1773.057460784912,1.0,0.0,2,1
zBWproblem_2_6__0,1835.3488445281985,1.0,0.0,2,1
zBWproblem_2_74__0,1780.414342880249,1.0,0.0,1,
zBWproblem_2_77__0,1782.1531295776367,1.0,0.0,1,
zBWproblem_2_88__0,1756.7262649536133,1.0,0.0,1,
zBWproblem_2_93__0,1754.2288303375244,1.0,0.0,1,
zBWproblem_3_10__0,1848.6895561218264,1.0,0.0,1,
zBWproblem_3_11__0,1752.7284622192385,1.0,0.0,2,1
zBWproblem_3_19__0,1864.652633666992,1.0,0.0,1,
zBWproblem_3_20__0,1793.160915374756,1.0,0.0,2,1
zBWproblem_3_22__0,1848.52147102356,1.0,0.0,1,
zBWproblem_3_25__0,1826.61771774292,1.0,0.0,2,1
zBWproblem_3_27__0,1816.0614967346191,1.0,0.0,1,
zBWproblem_3_28__0,1814.441442489624,1.0,0.0,1,
zBWproblem_3_39__0,1845.5193042755127,1.0,0.0,2,1
zBWproblem_3_46__0,1822.812795639038,1.0,0.0,1,
zBWproblem_3_53__0,1759.781837463379,1.0,0.0,2,1
zBWproblem_3_54__0,1842.705249786377,1.0,0.0,2,1
zBWproblem_3_63__0,1850.2616882324216,1.0,0.0,1,
zBWproblem_3_64__0,1874.1817474365237,1.0,0.0,1,
zBWproblem_3_66__0,1827.859878540039,1.0,0.0,1,
zBWproblem_3_76__0,1830.883741378784,1.0,0.0,1,
zBWproblem_3_81__0,1887.12477684021,1.0,0.0,1,
zBWproblem_3_82__0,1864.173412322998,1.0,0.0,1,
zBWproblem_3_87__0,1767.6310539245603,1.0,0.0,2,1
zBWproblem_3_91__0,1802.715539932251,1.0,0.0,2,1
zBWproblem_4_23__0,1878.8633346557615,1.0,0.0,2,1
zBWproblem_4_24__0,2169.198513031006,1.0,0.0,1,
zBWproblem_4_29__0,2009.66215133667,1.0,0.0,1,
zBWproblem_4_30__0,2069.200277328491,1.0,0.0,1,
zBWproblem_4_33__0,1955.3968906402588,1.0,0.0,2,1
zBWproblem_4_3__0,1861.5643978118896,1.0,0.0,2,1
zBWproblem_4_41__0,1960.395336151123,1.0,0.0,2,1
zBWproblem_4_48__0,1863.9805316925049,1.0,0.0,1,
zBWproblem_4_49__0,1940.2759075164795,1.0,0.0,1,
zBWproblem_4_50__0,1930.224657058716,1.0,0.0,2,1
zBWproblem_4_52__0,1923.543691635132,1.0,0.0,2,1
zBWproblem_4_59__0,1867.208480834961,1.0,0.0,2,1
zBWproblem_4_60__0,2111.9823455810547,1.0,0.0,1,
zBWproblem_4_75__0,1884.0570449829104,1.0,0.0,2,1
zBWproblem_4_79__0,1790.567398071289,1.0,0.0,2,1
zBWproblem_4_80__0,1849.914789199829,1.0,0.0,2,1
zBWproblem_4_84__0,1872.0290660858157,1.0,0.0,2,1
zBWproblem_4_86__0,1999.0336894989011,1.0,0.0,1,
zBWproblem_4_8__0,1880.319118499756,1.0,0.0,2,1
zBWproblem_4_95__0,1871.354818344116,1.0,0.0,2,1
zBWproblem_4_98__0,1927.009344100952,1.0,0.0,1,
zBWproblem_5_12__0,1939.544916152954,1.0,0.0,2,1
zBWproblem_5_16__0,1941.7765140533447,1.0,0.0,2,1
zBWproblem_5_18__0,1892.2874927520752,1.0,0.0,2,1
zBWproblem_5_1__0,1817.919969558716,1.0,0.0,2,1
zBWproblem_5_21__0,2001.7211437225344,1.0,0.0,2,1
zBWproblem_5_26__0,2184.8509311676025,1.0,0.0,1,
zBWproblem_5_32__0,2448.1868743896484,1.0,0.0,1,
zBWproblem_5_34__0,2574.9518871307373,1.0,11.538461538461538,1,
zBWproblem_5_40__0,2137.8490924835205,1.0,0.0,2,1
zBWproblem_5_43__0,2042.1078205108645,1.0,0.0,2,1
zBWproblem_5_44__0,2373.011589050293,1.0,0.0,1,
zBWproblem_5_45__0,2111.9091510772705,1.0,0.0,2,1
zBWproblem_5_56__0,2842.329740524292,1.0,0.0,2,1
zBWproblem_5_57__0,1964.3397331237795,1.0,0.0,2,1
zBWproblem_5_58__0,2412.553548812866,1.0,0.0,1,
zBWproblem_5_62__0,2228.8661003112798,1.0,0.0,1,
zBWproblem_5_65__0,2510.936975479126,1.0,0.0,1,
zBWproblem_5_68__0,2393.727302551269,1.0,0.0,1,
zBWproblem_5_78__0,2363.7795448303223,1.0,0.0,1,
zBWproblem_5_7__0,2121.5293407440186,1.0,0.0,2,1
zBWproblem_5_90__0,2332.1359157562256,1.0,0.0,1,
zBWproblem_5_94__0,1870.305061340332,1.0,0.0,2,1
zBWproblem_5_97__0,2838.1028175354004,1.0,0.0,2,1
zBWproblem_5_99__0,2086.1852169036865,1.0,0.0,2,1
zBWproblem_5_9__0,2392.496347427368,1.0,0.0,1,
zBWproblem_6_13__0,3065.983772277832,1.0,0.0,2,1
zBWproblem_6_14__0,2276.364088058472,1.0,0.0,2,1
zBWproblem_6_2__0,1921.0801124572756,1.0,0.0,2,1
zBWproblem_6_31__0,2588.937282562256,1.0,0.0,2,1
zBWproblem_6_36__0,2307.8176975250244,1.0,0.0,2,1
zBWproblem_6_38__0,2233.8757514953613,1.0,0.0,2,1
zBWproblem_6_47__0,2433.838129043579,1.0,0.0,2,1
zBWproblem_6_51__0,2343.141555786133,1.0,0.0,2,1
zBWproblem_6_55__0,2221.1060523986816,1.0,0.0,2,1
zBWproblem_6_61__0,2165.550708770752,1.0,0.0,2,1
zBWproblem_6_70__0,2608.8149547576904,1.0,0.0,2,1
zBWproblem_6_72__0,2463.1896018981934,1.0,0.0,2,1
zBWproblem_6_73__0,1808.5200786590576,1.0,0.0,2,1
zBWproblem_6_83__0,1949.6707916259768,1.0,0.0,2,1
zBWproblem_6_85__0,3082.7386379241943,1.0,0.0,2,1
zBWproblem_6_89__0,3077.53324508667,1.0,0.0,2,1
zBWproblem_6_92__0,3072.48330116272,1.0,0.0,2,1
zBWproblem_6_96__0,3097.5780487060547,1.0,0.0,2,1
