Name,Time-FD,Corr-FD,Sys-FD,Planner-FD,Time-SOFAI-PF-FD,Corr-SOFAI-PF-FD,Sys-SOFAI-PF-FD,Planner-SOFAI-PF-FD,Time-SOFAI-PF-LPGxFD,Corr-SOFAI-PF-LPGxFD,Sys-SOFAI-PF-LPGxFD,Planner-SOFAI-PF-LPGxFD
_problem_12_17__0,61148.181200027466,0.0,-1,-1,60311.99836730957,0.0,-1,-1,60256.77251815796,0.0,-1,-1.0
_problem_12_34__0,61141.84856414795,0.0,-1,-1,60710.43848991394,0.0,-1,-1,60468.188524246216,0.0,-1,-1.0
_problem_12_43__0,61187.40057945252,0.0,-1,-1,60277.32563018799,0.0,-1,-1,60182.92784690857,0.0,-1,-1.0
_problem_12_47__0,61139.342069625854,0.0,-1,-1,60263.61012458801,0.0,-1,-1,60297.61791229248,0.0,-1,-1.0
_problem_12_56__0,61156.61263465881,0.0,-1,-1,60450.8228302002,0.0,-1,-1,61373.3971118927,0.0,-1,-1.0
blocksworld_problem_10_100__0,3580.6338787078857,1.0,2,1,7414.393424987793,1.0,2,1,5684.963703155518,1.0,2,3.0
blocksworld_problem_10_101__0,2930.038452148437,1.0,2,1,7257.562160491943,1.0,2,1,5358.02698135376,1.0,2,3.0
blocksworld_problem_10_102__0,2725.8338928222656,1.0,2,1,6667.340517044067,1.0,2,1,5675.19736289978,1.0,2,3.0
blocksworld_problem_10_103__0,2558.2218170166016,1.0,2,1,6887.671709060669,1.0,2,1,5294.667959213257,1.0,2,3.0
blocksworld_problem_10_104__0,2421.0550785064697,1.0,2,1,7083.729982376099,1.0,2,1,8473.26922416687,1.0,2,1.0
blocksworld_problem_10_105__0,2474.806070327759,1.0,2,1,6603.131771087647,1.0,2,1,5310.46199798584,1.0,2,3.0
blocksworld_problem_10_106__0,2565.7286643981934,1.0,2,1,6527.099132537842,1.0,2,1,8923.428535461426,1.0,2,1.0
blocksworld_problem_10_107__0,2902.8472900390625,1.0,2,1,6527.547359466553,1.0,2,1,5403.635740280151,1.0,2,3.0
blocksworld_problem_10_108__0,4040.5972003936768,1.0,2,1,8016.573429107666,1.0,2,1,5781.037092208862,1.0,2,3.0
blocksworld_problem_10_109__0,43110.36801338196,1.0,2,1,46874.69387054443,1.0,2,1,5467.010974884033,1.0,2,3.0
blocksworld_problem_10_110__0,3143.306255340576,1.0,2,1,6866.987466812134,1.0,2,1,5698.5368728637695,1.0,2,3.0
blocksworld_problem_10_111__0,2616.4112091064453,1.0,2,1,7103.416442871094,1.0,2,1,5237.059831619263,1.0,2,3.0
blocksworld_problem_10_112__0,2952.266216278076,1.0,2,1,8125.872373580933,1.0,2,1,5389.59264755249,1.0,2,3.0
blocksworld_problem_10_113__0,4454.114675521851,1.0,2,1,8472.18108177185,1.0,2,1,5452.7435302734375,1.0,2,3.0
blocksworld_problem_10_114__0,2607.9440116882324,1.0,2,1,5867.774486541748,1.0,2,1,5474.97034072876,1.0,2,3.0
blocksworld_problem_10_115__0,2955.493211746216,1.0,2,1,8909.307956695557,1.0,2,1,5180.51815032959,1.0,2,3.0
blocksworld_problem_10_116__0,3835.736989974976,1.0,2,1,6209.554195404053,1.0,2,1,5533.553838729858,1.0,2,3.0
blocksworld_problem_10_117__0,2455.35945892334,1.0,2,1,6072.382211685181,1.0,2,1,5778.247833251953,1.0,2,3.0
blocksworld_problem_10_118__0,2313.859939575196,1.0,2,1,9377.708435058594,1.0,2,1,5087.28289604187,1.0,2,3.0
blocksworld_problem_10_119__0,2498.1188774108887,1.0,2,1,6475.605010986328,1.0,2,1,5675.904989242554,1.0,2,3.0
blocksworld_problem_10_91__0,2362.015008926392,1.0,2,1,5924.354076385498,1.0,2,1,5152.500629425049,1.0,2,3.0
blocksworld_problem_10_92__0,3178.382396697998,1.0,2,1,7449.474334716797,1.0,2,1,5461.899280548096,1.0,2,3.0
blocksworld_problem_10_93__0,2527.6777744293213,1.0,2,1,7207.3986530303955,1.0,2,1,5018.571615219116,1.0,2,3.0
blocksworld_problem_10_94__0,2630.866765975952,1.0,2,1,6494.662284851074,1.0,2,1,5597.388029098511,1.0,2,3.0
blocksworld_problem_10_95__0,2458.075523376465,1.0,2,1,6791.425943374634,1.0,2,1,5573.18115234375,1.0,2,3.0
blocksworld_problem_10_97__0,7036.528587341309,1.0,2,1,11151.5691280365,1.0,2,1,5056.164264678955,1.0,2,3.0
blocksworld_problem_10_98__0,4007.014036178589,1.0,2,1,9386.17777824402,1.0,2,1,6161.821842193604,1.0,2,3.0
blocksworld_problem_10_99__0,2396.3751792907715,1.0,2,1,7020.684003829956,1.0,2,1,5845.922946929932,1.0,2,3.0
blocksworld_problem_12_10__0,3919.260501861572,1.0,2,1,7964.280128479004,1.0,2,1,8050.525188446045,1.0,2,1.0
blocksworld_problem_12_11__0,9337.546586990356,1.0,2,1,13533.827543258669,1.0,2,1,14527.706146240234,1.0,2,1.0
blocksworld_problem_12_13__0,2692.4850940704346,1.0,2,1,6870.3343868255615,1.0,2,1,6495.681047439575,1.0,2,1.0
blocksworld_problem_12_14__0,6850.027561187744,1.0,2,1,12469.102144241331,1.0,2,1,10934.411525726318,1.0,2,1.0
blocksworld_problem_12_18__0,3432.2078227996826,1.0,2,1,8884.551286697388,1.0,2,1,5572.876214981079,1.0,2,3.0
blocksworld_problem_12_19__0,12436.345100402832,1.0,2,1,16208.101272583008,1.0,2,1,5238.067626953125,1.0,2,3.0
blocksworld_problem_12_1__0,2326.8022537231445,1.0,2,1,5945.416688919067,1.0,2,1,5935.10627746582,1.0,2,3.0
blocksworld_problem_12_21__0,2437.5154972076416,1.0,2,1,8025.551319122314,1.0,2,1,5545.082330703735,1.0,2,3.0
blocksworld_problem_12_22__0,2530.261516571045,1.0,2,1,6656.895160675049,1.0,2,1,5368.836879730225,1.0,2,3.0
blocksworld_problem_12_24__0,23903.468370437626,1.0,2,1,27324.55682754517,1.0,2,1,5544.636011123657,1.0,2,3.0
blocksworld_problem_12_26__0,19289.29305076599,1.0,2,1,25135.204792022705,1.0,2,1,6161.056041717529,1.0,2,3.0
blocksworld_problem_12_27__0,10676.071643829346,1.0,2,1,14471.046447753906,1.0,2,1,15828.499794006348,1.0,2,1.0
blocksworld_problem_12_28__0,29577.547073364258,1.0,2,1,35338.468074798584,1.0,2,1,8069.801807403564,1.0,2,3.0
blocksworld_problem_12_29__0,13274.799108505247,1.0,2,1,17783.577919006348,1.0,2,1,5596.650123596191,1.0,2,3.0
blocksworld_problem_12_2__0,6769.678592681885,1.0,2,1,11284.445524215698,1.0,2,1,5888.064622879028,1.0,2,3.0
blocksworld_problem_12_30__0,8096.662044525146,1.0,2,1,12196.365356445312,1.0,2,1,5354.947805404663,1.0,2,3.0
blocksworld_problem_12_31__0,8157.631158828735,1.0,2,1,12289.380073547363,1.0,2,1,12029.644966125488,1.0,2,1.0
blocksworld_problem_12_33__0,51049.95560646057,1.0,2,1,56099.4439125061,1.0,2,1,56249.58515167236,1.0,2,1.0
blocksworld_problem_12_36__0,2653.1786918640137,1.0,2,1,7033.025979995728,1.0,2,1,5621.15216255188,1.0,2,3.0
blocksworld_problem_12_37__0,2727.913379669189,1.0,2,1,7020.187377929688,1.0,2,1,7325.057983398437,1.0,2,1.0
blocksworld_problem_12_39__0,2608.513832092285,1.0,2,1,10206.17961883545,1.0,2,1,5911.595821380615,1.0,2,3.0
blocksworld_problem_12_3__0,15387.563943862917,1.0,2,1,19395.179510116577,1.0,2,1,5605.2844524383545,1.0,2,3.0
blocksworld_problem_12_40__0,6197.700023651123,1.0,2,1,10694.243907928469,1.0,2,1,5487.962484359741,1.0,2,3.0
blocksworld_problem_12_41__0,27347.999572753903,1.0,2,1,31064.33582305908,1.0,2,1,5236.958980560303,1.0,2,3.0
blocksworld_problem_12_44__0,6244.510173797607,1.0,2,1,13160.580158233644,1.0,2,1,5592.859506607056,1.0,2,3.0
blocksworld_problem_12_46__0,4232.651710510254,1.0,2,1,8385.65969467163,1.0,2,1,7830.99102973938,1.0,2,3.0
blocksworld_problem_12_4__0,21730.85308074951,1.0,2,1,26403.392553329468,1.0,2,1,5621.793270111084,1.0,2,3.0
blocksworld_problem_12_50__0,3752.9101371765137,1.0,2,1,9001.980066299438,1.0,2,1,6024.779319763184,1.0,2,3.0
blocksworld_problem_12_53__0,2612.539529800415,1.0,2,1,6859.829664230347,1.0,2,1,5393.732786178589,1.0,2,3.0
blocksworld_problem_12_54__0,44773.91076087952,1.0,2,1,48826.67589187622,1.0,2,1,6298.735857009888,1.0,2,3.0
blocksworld_problem_12_57__0,8360.81075668335,1.0,2,1,14890.14220237732,1.0,2,1,5427.970170974731,1.0,2,3.0
blocksworld_problem_12_59__0,5441.87593460083,1.0,2,1,9418.147802352903,1.0,2,1,5639.0228271484375,1.0,2,3.0
blocksworld_problem_12_5__0,2863.521099090576,1.0,2,1,8208.713054656982,1.0,2,1,7079.479455947876,1.0,2,1.0
blocksworld_problem_12_60__0,13553.789138793943,1.0,2,1,20323.304414749146,1.0,2,1,5540.208101272583,1.0,2,3.0
blocksworld_problem_12_61__0,2312.0925426483154,1.0,2,1,9372.366666793823,1.0,2,1,5548.755645751953,1.0,2,3.0
blocksworld_problem_12_63__0,39275.98667144776,1.0,2,1,45543.55883598328,1.0,2,1,46473.52910041809,1.0,2,1.0
blocksworld_problem_12_64__0,2456.4220905303955,1.0,2,1,8130.304098129272,1.0,2,1,5419.126033782959,1.0,2,3.0
blocksworld_problem_12_65__0,2585.5300426483154,1.0,2,1,8507.687330245972,1.0,2,1,6767.166376113892,1.0,2,3.0
blocksworld_problem_12_66__0,6938.900947570801,1.0,2,1,10871.567487716677,1.0,2,1,11387.446641921995,1.0,2,1.0
blocksworld_problem_12_67__0,2906.031608581543,1.0,2,1,7292.415618896484,1.0,2,1,5018.385410308838,1.0,2,3.0
blocksworld_problem_12_6__0,5338.456153869629,1.0,2,1,9044.248819351196,1.0,2,1,5799.975395202637,1.0,2,3.0
blocksworld_problem_12_70__0,11133.43620300293,1.0,2,1,15044.894218444824,1.0,2,1,15874.70555305481,1.0,2,1.0
blocksworld_problem_12_77__0,5621.720314025879,1.0,2,1,9388.003587722778,1.0,2,1,6044.241189956665,1.0,2,3.0
blocksworld_problem_12_7__0,9145.134925842283,1.0,2,1,13514.126539230348,1.0,2,1,13193.353414535522,1.0,2,1.0
blocksworld_problem_12_8__0,2908.5700511932373,1.0,2,1,9442.955017089844,1.0,2,1,5768.897294998169,1.0,2,3.0
ferry_ferry-l6-c6__0,2422.271966934204,1.0,2,1,8848.315238952637,1.0,2,1,5722.745180130005,1.0,2,3.0
ferry_ferry-l6-c6__1,2503.6544799804688,1.0,2,1,9217.756986618042,1.0,2,1,5369.3695068359375,1.0,1,
ferry_ferry-l6-c6__10,2496.915102005005,1.0,2,1,9478.351354599,1.0,2,1,5704.527616500855,1.0,1,
ferry_ferry-l6-c6__11,2418.0448055267334,1.0,2,1,7477.013826370239,1.0,2,1,5481.897830963135,1.0,1,
ferry_ferry-l6-c6__12,2588.120937347412,1.0,2,1,9744.714975357056,1.0,2,1,6192.872047424316,1.0,1,
ferry_ferry-l6-c6__13,2395.0629234313965,1.0,2,1,7698.155403137207,1.0,2,1,5674.472332000732,1.0,1,
ferry_ferry-l6-c6__14,2393.308401107788,1.0,2,1,7961.555242538452,1.0,2,1,5431.668758392334,1.0,1,
ferry_ferry-l6-c6__15,2279.6499729156494,1.0,2,1,9381.579637527466,1.0,2,1,5967.586755752564,1.0,1,
ferry_ferry-l6-c6__16,2311.6159439086914,1.0,2,1,11322.247505187988,1.0,2,1,5051.906585693359,1.0,2,3.0
ferry_ferry-l6-c6__17,2344.681024551392,1.0,2,1,7406.296491622925,1.0,2,1,6211.152791976929,1.0,2,3.0
ferry_ferry-l6-c6__18,2279.304981231689,1.0,2,1,9545.721292495728,1.0,2,1,5688.856601715088,1.0,1,
ferry_ferry-l6-c6__19,2312.913417816162,1.0,2,1,7363.969326019287,1.0,2,1,5483.705997467041,1.0,1,
ferry_ferry-l6-c6__2,2476.860523223877,1.0,2,1,7175.498008728027,1.0,2,1,5447.453498840332,1.0,1,
ferry_ferry-l6-c6__20,2291.4390563964844,1.0,2,1,6897.44234085083,1.0,2,1,5582.54861831665,1.0,1,
ferry_ferry-l6-c6__21,2305.7615756988525,1.0,2,1,7450.412034988403,1.0,2,1,5655.45654296875,1.0,1,
ferry_ferry-l6-c6__22,2290.404319763184,1.0,2,1,6462.6970291137695,1.0,2,1,5299.04055595398,1.0,1,
ferry_ferry-l6-c6__23,2258.589267730713,1.0,2,1,8462.276220321655,1.0,2,1,5319.797992706299,1.0,1,
ferry_ferry-l6-c6__24,2276.876211166382,1.0,2,1,6442.032814025879,1.0,2,1,5477.713823318481,1.0,1,
ferry_ferry-l6-c6__25,2276.689291000366,1.0,2,1,6971.101999282837,1.0,2,1,5437.037467956543,1.0,1,
ferry_ferry-l6-c6__26,2352.832317352295,1.0,2,1,8091.431379318237,1.0,2,1,5504.893779754639,1.0,1,
ferry_ferry-l6-c6__27,2398.393154144287,1.0,2,1,6721.776008605957,1.0,2,1,5223.170518875122,1.0,1,
ferry_ferry-l6-c6__28,2337.897777557373,1.0,2,1,6666.59140586853,1.0,2,1,5365.2520179748535,1.0,1,
ferry_ferry-l6-c6__29,2443.6023235321045,1.0,2,1,9472.170352935793,1.0,2,1,5645.734071731567,1.0,1,
ferry_ferry-l6-c6__3,2424.1819381713867,1.0,2,1,6740.863561630249,1.0,2,1,5717.087745666504,1.0,1,
ferry_ferry-l6-c6__30,2324.371099472046,1.0,2,1,7619.80676651001,1.0,2,1,5076.871871948242,1.0,1,
ferry_ferry-l6-c6__31,2411.3497734069824,1.0,2,1,7697.977542877197,1.0,2,1,5077.037572860718,1.0,1,
ferry_ferry-l6-c6__32,2485.501289367676,1.0,2,1,7243.685960769653,1.0,2,1,5801.291942596436,1.0,1,
ferry_ferry-l6-c6__33,2324.348211288452,1.0,2,1,9662.670373916626,1.0,2,1,5168.35880279541,1.0,1,
ferry_ferry-l6-c6__34,2411.000967025757,1.0,2,1,6598.581552505493,1.0,2,1,5710.818767547607,1.0,1,
ferry_ferry-l6-c6__35,2435.919523239136,1.0,2,1,7699.552774429321,1.0,2,1,5848.79994392395,1.0,1,
ferry_ferry-l6-c6__36,2407.844305038452,1.0,2,1,7506.30784034729,1.0,2,1,5249.857664108276,1.0,1,
ferry_ferry-l6-c6__37,2449.3958950042725,1.0,2,1,9878.81875038147,1.0,2,1,5534.988641738892,1.0,1,
ferry_ferry-l6-c6__38,2294.233798980713,1.0,2,1,9471.807956695557,1.0,2,1,5129.17160987854,1.0,1,
ferry_ferry-l6-c6__39,2317.535638809204,1.0,2,1,7871.433734893799,1.0,2,1,5714.580059051514,1.0,1,
ferry_ferry-l6-c6__4,2466.322898864746,1.0,2,1,7862.185955047607,1.0,2,1,5638.532400131226,1.0,1,
ferry_ferry-l6-c6__40,2342.2791957855225,1.0,2,1,8809.691190719604,1.0,2,1,5820.845127105713,1.0,1,
ferry_ferry-l6-c6__41,2223.795413970948,1.0,2,1,11734.121322631836,1.0,2,1,5557.210683822632,1.0,1,
ferry_ferry-l6-c6__42,2343.6410427093506,1.0,2,1,11514.12796974182,1.0,2,1,5726.311445236206,1.0,1,
ferry_ferry-l6-c6__43,2323.728322982788,1.0,2,1,7202.968120574951,1.0,2,1,5254.963159561157,1.0,1,
ferry_ferry-l6-c6__44,2317.133665084839,1.0,2,1,9360.355615615845,1.0,2,1,5942.997694015503,1.0,2,3.0
ferry_ferry-l6-c6__45,2330.5509090423584,1.0,2,1,10255.109071731567,1.0,2,1,5741.511344909668,1.0,1,
ferry_ferry-l6-c6__46,2487.1208667755127,1.0,2,1,7083.439826965332,1.0,2,1,5666.335582733154,1.0,1,
ferry_ferry-l6-c6__47,2231.409788131714,1.0,2,1,7259.652614593506,1.0,2,1,5268.0253982543945,1.0,1,
ferry_ferry-l6-c6__48,2323.2150077819824,1.0,2,1,7075.109481811523,1.0,2,1,5435.137271881104,1.0,1,
ferry_ferry-l6-c6__49,2273.96559715271,1.0,2,1,7813.22979927063,1.0,2,1,5334.485054016113,1.0,1,
ferry_ferry-l6-c6__5,2348.885059356689,1.0,2,1,7739.207744598389,1.0,2,1,5529.250621795654,1.0,1,
ferry_ferry-l6-c6__50,2320.0325965881348,1.0,2,1,8333.036661148071,1.0,2,1,5615.40412902832,1.0,1,
ferry_ferry-l6-c6__51,2373.3928203582764,1.0,2,1,8890.231370925903,1.0,2,1,5463.676452636719,1.0,1,
ferry_ferry-l6-c6__52,2401.8921852111816,1.0,2,1,7791.051864624023,1.0,2,1,5222.322702407837,1.0,1,
ferry_ferry-l6-c6__53,2305.856466293335,1.0,2,1,7366.498231887817,1.0,2,1,5614.61877822876,1.0,1,
ferry_ferry-l6-c6__54,2329.8556804656982,1.0,2,1,7936.898231506348,1.0,2,1,5609.072208404541,1.0,1,
ferry_ferry-l6-c6__55,2301.6510009765625,1.0,2,1,9414.847373962402,1.0,2,1,5790.119886398315,1.0,1,
ferry_ferry-l6-c6__56,2404.080867767334,1.0,2,1,7682.48176574707,1.0,2,1,5697.6158618927,1.0,1,
ferry_ferry-l6-c6__57,2210.7319831848145,1.0,2,1,7172.4395751953125,1.0,2,1,5045.916557312012,1.0,1,
ferry_ferry-l6-c6__58,2476.8049716949463,1.0,2,1,7426.215410232544,1.0,2,1,5389.958620071411,1.0,2,3.0
ferry_ferry-l6-c6__59,2434.4968795776367,1.0,2,1,9583.238363265991,1.0,2,1,5954.885005950928,1.0,1,
ferry_ferry-l6-c6__6,2243.4241771698,1.0,2,1,9898.167848587036,1.0,2,1,5945.846796035767,1.0,1,
ferry_ferry-l6-c6__60,2472.059965133667,1.0,2,1,11149.142026901243,1.0,2,1,6082.446336746216,1.0,1,
ferry_ferry-l6-c6__61,2397.785425186157,1.0,2,1,11390.62762260437,1.0,2,1,5746.129274368286,1.0,1,
ferry_ferry-l6-c6__62,2366.9824600219727,1.0,2,1,7125.129461288452,1.0,2,1,5537.049293518066,1.0,1,
ferry_ferry-l6-c6__63,2395.2982425689697,1.0,2,1,7901.915073394775,1.0,2,1,5361.787796020508,1.0,1,
ferry_ferry-l6-c6__64,2341.367483139038,1.0,2,1,7018.468379974365,1.0,2,1,5673.882961273193,1.0,1,
ferry_ferry-l6-c6__65,2307.143449783325,1.0,2,1,8002.845525741577,1.0,2,1,5536.784887313843,1.0,1,
ferry_ferry-l6-c6__66,2300.7476329803467,1.0,2,1,7342.668294906616,1.0,2,1,5543.567180633545,1.0,1,
ferry_ferry-l6-c6__67,2531.5163135528564,1.0,2,1,9797.582387924194,1.0,2,1,6344.914197921753,1.0,1,
ferry_ferry-l6-c6__68,2855.2374839782715,1.0,2,1,7491.913795471191,1.0,2,1,5250.144481658936,1.0,1,
ferry_ferry-l6-c6__69,2457.920551300049,1.0,2,1,9388.56816291809,1.0,2,1,5337.4316692352295,1.0,1,
ferry_ferry-l6-c6__7,2337.179660797119,1.0,2,1,6996.562480926514,1.0,2,1,5205.276250839233,1.0,1,
ferry_ferry-l6-c6__70,2385.6747150421143,1.0,2,1,6727.487802505493,1.0,2,1,6080.200672149658,1.0,2,3.0
ferry_ferry-l6-c6__71,2277.470827102661,1.0,2,1,6319.324493408203,1.0,2,1,5531.489133834839,1.0,1,
ferry_ferry-l6-c6__72,2415.513038635254,1.0,2,1,11471.17567062378,1.0,2,1,5270.974636077881,1.0,1,
ferry_ferry-l6-c6__73,2404.751300811768,1.0,2,1,7073.088645935059,1.0,2,1,5680.729150772095,1.0,1,
ferry_ferry-l6-c6__74,2482.8333854675293,1.0,2,1,7393.901348114014,1.0,2,1,5603.4836769104,1.0,1,
ferry_ferry-l6-c6__75,2470.824956893921,1.0,2,1,8916.824579238892,1.0,2,1,5684.734582901001,1.0,1,
ferry_ferry-l6-c6__76,2342.24820137024,1.0,2,1,11215.584993362429,1.0,2,1,5637.565612792969,1.0,1,
ferry_ferry-l6-c6__77,2309.425115585327,1.0,2,1,6542.195081710815,1.0,2,1,5228.616237640381,1.0,1,
ferry_ferry-l6-c6__78,2487.455606460572,1.0,2,1,11194.381475448608,1.0,2,1,5185.9753131866455,1.0,1,
ferry_ferry-l6-c6__79,2279.14834022522,1.0,2,1,6342.384576797485,1.0,2,1,5614.967823028564,1.0,1,
ferry_ferry-l6-c6__8,2275.1896381378174,1.0,2,1,7906.807422637939,1.0,2,1,5501.735687255859,1.0,2,3.0
ferry_ferry-l6-c6__80,2406.16512298584,1.0,2,1,7328.537464141846,1.0,2,1,5741.585969924927,1.0,1,
ferry_ferry-l6-c6__81,2361.60945892334,1.0,2,1,7168.938875198364,1.0,2,1,5154.761791229248,1.0,1,
ferry_ferry-l6-c6__82,2461.3754749298096,1.0,2,1,11617.558240890505,1.0,2,1,5453.516006469727,1.0,1,
ferry_ferry-l6-c6__83,2613.1391525268555,1.0,2,1,6937.941789627075,1.0,2,1,5547.093152999878,1.0,1,
ferry_ferry-l6-c6__84,2515.1619911193848,1.0,2,1,8613.341808319092,1.0,2,1,5621.32716178894,1.0,1,
ferry_ferry-l6-c6__85,2413.149833679199,1.0,2,1,7056.8718910217285,1.0,2,1,5338.279008865356,1.0,1,
ferry_ferry-l6-c6__86,2313.9407634735107,1.0,2,1,10640.81358909607,1.0,2,1,5176.684379577637,1.0,1,
ferry_ferry-l6-c6__87,2294.0828800201416,1.0,2,1,10572.585344314575,1.0,2,1,5505.371570587158,1.0,1,
ferry_ferry-l6-c6__88,2246.410131454468,1.0,2,1,6618.946552276611,1.0,2,1,5156.528949737549,1.0,1,
ferry_ferry-l6-c6__89,2430.809259414673,1.0,2,1,7703.239917755127,1.0,2,1,5817.171096801758,1.0,1,
ferry_ferry-l6-c6__9,2304.5318126678467,1.0,2,1,6614.649057388306,1.0,2,1,4929.68487739563,1.0,1,
ferry_ferry-l6-c6__90,2386.873960494995,1.0,2,1,6580.484867095947,1.0,2,1,5625.331401824951,1.0,1,
ferry_ferry-l6-c6__91,2404.8449993133545,1.0,2,1,7398.781776428223,1.0,2,1,5372.247934341431,1.0,1,
ferry_ferry-l6-c6__92,2455.0721645355225,1.0,2,1,10191.478729248049,1.0,2,1,5719.8357582092285,1.0,1,
ferry_ferry-l6-c6__93,2420.4559326171875,1.0,2,1,7887.433290481567,1.0,2,1,5943.942070007324,1.0,1,
ferry_ferry-l6-c6__94,2493.694067001343,1.0,2,1,5878.360033035278,1.0,2,1,5297.218561172485,1.0,1,
ferry_ferry-l6-c6__95,2310.616970062256,1.0,2,1,7916.433334350586,1.0,2,1,5793.431758880615,1.0,1,
ferry_ferry-l6-c6__96,2283.631563186645,1.0,2,1,9946.165800094604,1.0,2,1,5488.979339599609,1.0,1,
ferry_ferry-l6-c6__97,2229.059219360352,1.0,2,1,5848.3076095581055,1.0,2,1,5770.850658416748,1.0,1,
ferry_ferry-l6-c6__98,2210.2887630462646,1.0,2,1,7419.345378875732,1.0,2,1,5339.94197845459,1.0,1,
ferry_ferry-l6-c6__99,2384.9384784698486,1.0,2,1,7220.236301422119,1.0,2,1,5589.311361312866,1.0,2,3.0
gripper-strips_problem_4_6_7_119__0,5144.153594970703,1.0,2,1,9195.24335861206,1.0,2,1,5699.0931034088135,1.0,1,
gripper-strips_problem_4_6_7_120__0,43467.88954734802,1.0,2,1,50374.7546672821,1.0,2,1,5580.545425415039,1.0,2,3.0
gripper-strips_problem_4_6_7_138__0,8037.217855453491,1.0,2,1,12775.435447692871,1.0,2,1,5234.520435333252,1.0,2,3.0
gripper-strips_problem_4_6_7_139__0,9298.973321914673,1.0,2,1,12705.66701889038,1.0,2,1,5026.079177856445,1.0,2,3.0
gripper-strips_problem_4_6_7_147__0,24255.507946014404,1.0,2,1,28518.63121986389,1.0,2,1,5984.2188358306885,1.0,2,3.0
gripper-strips_problem_4_6_7_150__0,3817.901372909546,1.0,2,1,8159.665107727051,1.0,2,1,5765.893220901489,1.0,1,
gripper-strips_problem_4_6_7_162__0,53060.42766571045,1.0,2,1,57314.94522094727,1.0,2,1,5295.504093170166,1.0,2,3.0
gripper-strips_problem_4_6_7_171__0,18577.25214958191,1.0,2,1,22798.04730415344,1.0,2,1,5334.488391876221,1.0,2,3.0
gripper-strips_problem_4_6_7_174__0,6375.670671463013,1.0,2,1,10861.158847808838,1.0,2,1,6123.093605041504,1.0,2,3.0
gripper-strips_problem_4_6_7_175__0,8212.47124671936,1.0,2,1,12307.332038879396,1.0,2,1,5572.136640548706,1.0,2,3.0
gripper-strips_problem_4_6_7_186__0,21731.693983078003,1.0,2,1,25815.24610519409,1.0,2,1,5459.329128265381,1.0,2,3.0
gripper-strips_problem_4_6_7_195__0,26971.59504890442,1.0,2,1,31174.5502948761,1.0,2,1,5461.0230922698975,1.0,2,3.0
gripper-strips_problem_4_6_7_200__0,6892.488241195679,1.0,2,1,10847.83673286438,1.0,2,1,5051.741123199463,1.0,2,3.0
hanoi_problem_6_101__0,2620.2592849731445,1.0,2,1,6143.84651184082,1.0,2,1,9470.762014389038,1.0,2,1.0
hanoi_problem_6_102__0,2339.9577140808105,1.0,2,1,6855.814218521118,1.0,2,1,6261.180400848389,1.0,2,3.0
hanoi_problem_6_103__0,2382.928371429444,1.0,2,1,6520.798206329346,1.0,2,1,5194.8957443237305,1.0,2,3.0
hanoi_problem_6_104__0,2645.459175109864,1.0,2,1,7013.376474380493,1.0,2,1,9318.07804107666,1.0,2,3.0
hanoi_problem_6_105__0,2494.1272735595703,1.0,2,1,7201.069116592407,1.0,2,1,9303.334712982178,1.0,2,3.0
hanoi_problem_6_106__0,2473.4411239624023,1.0,2,1,7678.622245788574,1.0,2,1,9147.125959396362,1.0,2,1.0
hanoi_problem_6_109__0,2486.8505001068115,1.0,2,1,6340.874910354614,1.0,2,1,9115.601778030396,1.0,2,3.0
hanoi_problem_6_110__0,2425.563097000122,1.0,2,1,7011.084794998169,1.0,2,1,8839.822053909302,1.0,2,3.0
hanoi_problem_6_111__0,2469.5606231689453,1.0,2,1,5822.282552719116,1.0,2,1,7815.697193145752,1.0,2,3.0
hanoi_problem_6_112__0,2361.0689640045166,1.0,2,1,5848.40202331543,1.0,2,1,4915.575981140137,1.0,2,3.0
hanoi_problem_6_114__0,2550.264358520508,1.0,2,1,6996.732473373413,1.0,2,1,10207.393407821655,1.0,2,3.0
hanoi_problem_6_117__0,2559.4191551208496,1.0,2,1,6960.81280708313,1.0,2,1,9003.338098526001,1.0,2,3.0
hanoi_problem_6_118__0,2459.282636642456,1.0,2,1,7652.513265609741,1.0,2,1,9256.828784942629,1.0,2,3.0
hanoi_problem_6_119__0,2616.299867630005,1.0,2,1,7508.863925933838,1.0,2,1,9445.347309112549,1.0,2,3.0
hanoi_problem_6_121__0,2467.923641204834,1.0,2,1,9367.770433425903,1.0,2,1,8941.595792770386,1.0,2,1.0
hanoi_problem_6_122__0,2421.229600906372,1.0,2,1,7267.063140869141,1.0,2,1,7819.111108779907,1.0,2,3.0
hanoi_problem_6_123__0,2481.2490940093994,1.0,2,1,5708.209037780762,1.0,2,1,7122.495174407959,1.0,2,3.0
hanoi_problem_6_124__0,3215.212821960449,1.0,2,1,6465.507030487061,1.0,2,1,6744.355201721191,1.0,2,3.0
hanoi_problem_6_125__0,2400.972843170166,1.0,2,1,6875.798940658569,1.0,2,1,8996.147155761719,1.0,2,3.0
hanoi_problem_6_126__0,2579.359769821167,1.0,2,1,7943.771123886108,1.0,2,1,9177.149057388306,1.0,2,3.0
hanoi_problem_6_127__0,2494.8599338531494,1.0,2,1,7812.905788421631,1.0,2,1,9127.415895462036,1.0,2,3.0
hanoi_problem_6_128__0,2358.942985534668,1.0,2,1,6537.598848342896,1.0,2,1,8695.987701416016,1.0,2,3.0
hanoi_problem_6_129__0,2502.6564598083496,1.0,2,1,7088.028907775879,1.0,2,1,8971.433639526367,1.0,2,3.0
hanoi_problem_6_130__0,2305.3622245788574,1.0,2,1,5843.048810958862,1.0,2,1,4671.993970870972,1.0,2,3.0
hanoi_problem_6_131__0,2817.9452419281006,1.0,2,1,6796.139478683472,1.0,2,1,9329.079627990724,1.0,2,3.0
hanoi_problem_6_132__0,2606.30750656128,1.0,2,1,7830.541372299194,1.0,2,1,9101.74560546875,1.0,2,3.0
hanoi_problem_6_133__0,2601.979732513428,1.0,2,1,7252.047538757324,1.0,2,1,10630.886793136597,1.0,2,3.0
hanoi_problem_6_136__0,2299.8435497283936,1.0,2,1,5680.957317352295,1.0,2,1,4505.63645362854,1.0,2,3.0
hanoi_problem_6_137__0,2615.507841110229,1.0,2,1,7053.493499755859,1.0,2,1,8445.616960525513,1.0,2,3.0
hanoi_problem_6_138__0,2242.5880432128906,1.0,2,1,5550.809860229492,1.0,2,1,6269.30832862854,1.0,2,3.0
hanoi_problem_6_139__0,2377.899169921875,1.0,2,1,7385.738849639893,1.0,2,1,8724.251985549927,1.0,2,3.0
hanoi_problem_6_140__0,2438.392877578736,1.0,2,1,5890.080451965332,1.0,2,1,7940.264940261841,1.0,2,3.0
hanoi_problem_6_141__0,2280.5066108703613,1.0,2,1,6504.800319671631,1.0,2,1,8839.072227478027,1.0,2,3.0
hanoi_problem_6_142__0,2649.2044925689697,1.0,2,1,8955.991744995117,1.0,2,1,9493.609189987184,1.0,2,3.0
hanoi_problem_6_143__0,2489.287137985229,1.0,2,1,6893.22566986084,1.0,2,1,9210.960149765016,1.0,2,1.0
hanoi_problem_6_144__0,2773.6382484436035,1.0,2,1,7012.693405151367,1.0,2,1,10261.229038238524,1.0,2,3.0
hanoi_problem_6_145__0,2438.60936164856,1.0,2,1,8932.123899459839,1.0,2,1,8936.541080474854,1.0,2,1.0
hanoi_problem_6_147__0,2378.603458404541,1.0,2,1,6274.989604949951,1.0,2,1,8490.294456481934,1.0,2,3.0
hanoi_problem_6_148__0,2637.728214263916,1.0,2,1,7520.386457443237,1.0,2,1,10098.94871711731,1.0,2,3.0
hanoi_problem_6_149__0,2461.2693786621094,1.0,2,1,7457.644462585449,1.0,2,1,9018.04232597351,1.0,2,3.0
hanoi_problem_6_150__0,2404.369831085205,1.0,2,1,5910.197973251343,1.0,2,1,5088.7451171875,1.0,2,3.0
hanoi_problem_6_151__0,2557.584285736084,1.0,2,1,7151.015758514404,1.0,2,1,9342.0307636261,1.0,2,1.0
hanoi_problem_6_152__0,2285.37917137146,1.0,2,1,6472.939252853394,1.0,2,1,7738.944292068481,1.0,2,3.0
hanoi_problem_6_153__0,2366.928815841675,1.0,2,1,7292.425632476807,1.0,2,1,7995.232343673706,1.0,2,3.0
hanoi_problem_6_154__0,2463.2575511932373,1.0,2,1,8062.019109725952,1.0,2,1,9404.983043670654,1.0,2,3.0
hanoi_problem_6_155__0,2688.634157180786,1.0,2,1,6598.511457443237,1.0,2,1,7815.383195877075,1.0,2,3.0
hanoi_problem_6_156__0,2534.9273681640625,1.0,2,1,7474.1833209991455,1.0,2,1,9813.947200775146,1.0,2,3.0
hanoi_problem_6_157__0,2277.1148681640625,1.0,2,1,6072.201490402222,1.0,2,1,4819.87738609314,1.0,2,3.0
hanoi_problem_6_158__0,2588.0093574523926,1.0,2,1,8834.695816040039,1.0,2,1,10435.092449188232,1.0,2,3.0
hanoi_problem_6_159__0,2512.6190185546875,1.0,2,1,8270.187854766846,1.0,2,1,9625.127792358398,1.0,2,3.0
hanoi_problem_6_160__0,2705.464601516724,1.0,2,1,8206.751585006714,1.0,2,1,8287.158250808716,1.0,2,3.0
hanoi_problem_6_161__0,2364.808797836304,1.0,2,1,7076.650142669678,1.0,2,1,9567.782163619995,1.0,2,3.0
hanoi_problem_6_162__0,2516.185522079468,1.0,2,1,6188.237190246582,1.0,2,1,8319.690227508545,1.0,2,3.0
hanoi_problem_6_163__0,2513.205051422119,1.0,2,1,7225.868701934814,1.0,2,1,9167.860746383669,1.0,2,3.0
hanoi_problem_6_166__0,2384.167194366455,1.0,2,1,7976.642608642578,1.0,2,1,9362.070322036743,1.0,2,1.0
hanoi_problem_6_168__0,2579.196214675904,1.0,2,1,6699.163913726807,1.0,2,1,8368.45064163208,1.0,2,3.0
hanoi_problem_6_169__0,2416.562080383301,1.0,2,1,10150.959491729736,1.0,2,1,8770.309686660767,1.0,2,1.0
hanoi_problem_6_170__0,2576.7135620117188,1.0,2,1,8527.884721755981,1.0,2,1,8490.99063873291,1.0,2,3.0
hanoi_problem_6_171__0,2484.1108322143555,1.0,2,1,6966.695308685303,1.0,2,1,9477.45156288147,1.0,2,3.0
hanoi_problem_6_172__0,2426.6610145568848,1.0,2,1,6260.986089706421,1.0,2,1,10490.225315093994,1.0,2,3.0
hanoi_problem_6_173__0,2473.683834075928,1.0,2,1,7579.145669937134,1.0,2,1,9751.976490020752,1.0,2,3.0
hanoi_problem_6_174__0,2560.929536819458,1.0,2,1,7105.537891387939,1.0,2,1,9056.111335754396,1.0,2,3.0
hanoi_problem_6_176__0,2441.782236099243,1.0,2,1,6604.076385498047,1.0,2,1,8753.511190414429,1.0,2,3.0
hanoi_problem_6_177__0,2448.6215114593506,1.0,2,1,6230.970621109009,1.0,2,1,5457.107067108154,1.0,2,3.0
hanoi_problem_6_178__0,2479.938507080078,1.0,2,1,5961.560249328613,1.0,2,1,7528.88011932373,1.0,2,3.0
hanoi_problem_6_179__0,2406.579971313477,1.0,2,1,5896.020174026489,1.0,2,1,4789.841175079346,1.0,2,3.0
hanoi_problem_6_180__0,2685.171365737915,1.0,2,1,7112.268447875977,1.0,2,1,9747.751951217651,1.0,2,3.0
hanoi_problem_6_181__0,2462.672710418701,1.0,2,1,8289.328813552856,1.0,2,1,10314.321041107178,1.0,2,3.0
hanoi_problem_6_182__0,2419.94309425354,1.0,2,1,6173.393964767456,1.0,2,1,4987.866640090942,1.0,2,3.0
hanoi_problem_6_184__0,2630.5911540985107,1.0,2,1,8772.942543029785,1.0,2,1,8855.582237243652,1.0,2,1.0
hanoi_problem_6_185__0,2514.136791229248,1.0,2,1,8456.608295440674,1.0,2,1,9830.476760864258,1.0,2,3.0
hanoi_problem_6_186__0,2566.5764808654785,1.0,2,1,6607.713937759399,1.0,2,1,8293.744325637817,1.0,2,3.0
hanoi_problem_6_187__0,2527.7247428894043,1.0,2,1,6862.500905990601,1.0,2,1,9090.98744392395,1.0,2,1.0
hanoi_problem_6_188__0,2548.161029815674,1.0,2,1,7631.587266921997,1.0,2,1,9839.55693244934,1.0,2,3.0
hanoi_problem_6_191__0,2420.57728767395,1.0,2,1,6917.683124542236,1.0,2,1,10059.321641921995,1.0,2,3.0
hanoi_problem_6_192__0,2337.940454483032,1.0,2,1,6135.1587772369385,1.0,2,1,5202.985048294067,1.0,2,3.0
hanoi_problem_6_193__0,2331.709623336792,1.0,2,1,6862.50901222229,1.0,2,1,6328.3350467681885,1.0,2,1.0
hanoi_problem_6_194__0,2242.216348648072,1.0,2,1,5988.76166343689,1.0,2,1,5391.794443130493,1.0,2,3.0
hanoi_problem_6_198__0,2394.7715759277344,1.0,2,1,8843.400478363037,1.0,2,1,9257.519006729126,1.0,2,3.0
hanoi_problem_6_199__0,2322.904109954834,1.0,2,1,7379.250764846802,1.0,2,1,6318.641185760498,1.0,2,3.0
hanoi_problem_6_200__0,2472.3713397979736,1.0,2,1,6670.273780822754,1.0,2,1,8853.712797164917,1.0,2,3.0
miconic_mixed-f10-p6-u0-v0-d0-a0-n0-A0-B0-N0-F0__0,2485.515594482422,1.0,2,1,11243.588209152222,1.0,2,1,5631.683826446533,1.0,1,
miconic_mixed-f10-p6-u0-v0-d0-a0-n0-A0-B0-N0-F0__1,2385.439872741699,1.0,2,1,9566.88117980957,1.0,2,1,5613.982200622559,1.0,1,
miconic_mixed-f10-p6-u0-v0-d0-a0-n0-A0-B0-N0-F0__10,2357.9132556915283,1.0,2,1,9502.114057540894,1.0,2,1,5656.330108642578,1.0,1,
miconic_mixed-f10-p6-u0-v0-d0-a0-n0-A0-B0-N0-F0__11,2665.2798652648926,1.0,2,1,9413.963317871094,1.0,2,1,5385.281562805176,1.0,1,
miconic_mixed-f10-p6-u0-v0-d0-a0-n0-A0-B0-N0-F0__12,2366.8365478515625,1.0,2,1,9832.680225372314,1.0,2,1,5631.424188613892,1.0,1,
miconic_mixed-f10-p6-u0-v0-d0-a0-n0-A0-B0-N0-F0__13,2188.016653060913,1.0,2,1,10282.562494277954,1.0,2,1,5262.482643127441,1.0,1,
miconic_mixed-f10-p6-u0-v0-d0-a0-n0-A0-B0-N0-F0__14,2413.5100841522217,1.0,2,1,11894.915342330933,1.0,2,1,5564.83793258667,1.0,1,
miconic_mixed-f10-p6-u0-v0-d0-a0-n0-A0-B0-N0-F0__15,2470.8547592163086,1.0,2,1,11593.223333358765,1.0,2,1,5500.931739807129,1.0,1,
miconic_mixed-f10-p6-u0-v0-d0-a0-n0-A0-B0-N0-F0__16,2422.914981842041,1.0,2,1,9895.309209823608,1.0,2,1,5548.405170440674,1.0,1,
miconic_mixed-f10-p6-u0-v0-d0-a0-n0-A0-B0-N0-F0__17,2377.976179122925,1.0,2,1,11387.11166381836,1.0,2,1,5118.985176086426,1.0,1,
miconic_mixed-f10-p6-u0-v0-d0-a0-n0-A0-B0-N0-F0__18,2458.4720134735107,1.0,2,1,11607.948541641235,1.0,2,1,5304.430723190308,1.0,1,
miconic_mixed-f10-p6-u0-v0-d0-a0-n0-A0-B0-N0-F0__19,2334.151029586792,1.0,2,1,9713.191032409668,1.0,2,1,5690.637111663818,1.0,1,
miconic_mixed-f10-p6-u0-v0-d0-a0-n0-A0-B0-N0-F0__2,2477.4301052093506,1.0,2,1,11757.671117782593,1.0,2,1,5552.965402603149,1.0,1,
miconic_mixed-f10-p6-u0-v0-d0-a0-n0-A0-B0-N0-F0__20,2360.0399494171143,1.0,2,1,11298.7060546875,1.0,2,1,5619.299173355103,1.0,1,
miconic_mixed-f10-p6-u0-v0-d0-a0-n0-A0-B0-N0-F0__21,2294.4815158843994,1.0,2,1,11712.04423904419,1.0,2,1,5547.531366348267,1.0,1,
miconic_mixed-f10-p6-u0-v0-d0-a0-n0-A0-B0-N0-F0__22,2489.341735839844,1.0,2,1,11177.647590637209,1.0,2,1,5788.16294670105,1.0,1,
miconic_mixed-f10-p6-u0-v0-d0-a0-n0-A0-B0-N0-F0__23,2399.918794631958,1.0,2,1,9844.415426254272,1.0,2,1,5977.233171463013,1.0,2,3.0
miconic_mixed-f10-p6-u0-v0-d0-a0-n0-A0-B0-N0-F0__24,2365.9822940826416,1.0,2,1,10072.837829589844,1.0,2,1,5699.170112609863,1.0,1,
miconic_mixed-f10-p6-u0-v0-d0-a0-n0-A0-B0-N0-F0__25,2363.42453956604,1.0,2,1,9810.768842697144,1.0,2,1,5512.365102767944,1.0,1,
miconic_mixed-f10-p6-u0-v0-d0-a0-n0-A0-B0-N0-F0__26,2474.5280742645264,1.0,2,1,9938.086986541748,1.0,2,1,5509.933710098267,1.0,1,
miconic_mixed-f10-p6-u0-v0-d0-a0-n0-A0-B0-N0-F0__27,2393.4359550476074,1.0,2,1,9407.465934753418,1.0,2,1,5351.595401763916,1.0,1,
miconic_mixed-f10-p6-u0-v0-d0-a0-n0-A0-B0-N0-F0__28,2422.079563140869,1.0,2,1,9715.68250656128,1.0,2,1,5270.467519760132,1.0,1,
miconic_mixed-f10-p6-u0-v0-d0-a0-n0-A0-B0-N0-F0__29,2330.623149871826,1.0,2,1,9789.71266746521,1.0,2,1,5273.801565170288,1.0,1,
miconic_mixed-f10-p6-u0-v0-d0-a0-n0-A0-B0-N0-F0__3,2427.818536758423,1.0,2,1,9871.235132217407,1.0,2,1,5396.121501922607,1.0,1,
miconic_mixed-f10-p6-u0-v0-d0-a0-n0-A0-B0-N0-F0__30,2316.599130630493,1.0,2,1,11354.272842407228,1.0,2,1,5471.743822097778,1.0,1,
miconic_mixed-f10-p6-u0-v0-d0-a0-n0-A0-B0-N0-F0__31,2494.762659072876,1.0,2,1,10108.254671096802,1.0,2,1,5334.908008575439,1.0,1,
miconic_mixed-f10-p6-u0-v0-d0-a0-n0-A0-B0-N0-F0__32,2462.108850479126,1.0,2,1,9754.100561141968,1.0,2,1,5300.272703170776,1.0,1,
miconic_mixed-f10-p6-u0-v0-d0-a0-n0-A0-B0-N0-F0__33,2431.647777557373,1.0,2,1,10807.26957321167,1.0,2,1,5680.623531341553,1.0,1,
miconic_mixed-f10-p6-u0-v0-d0-a0-n0-A0-B0-N0-F0__34,2319.6890354156494,1.0,2,1,9689.545392990112,1.0,2,1,5177.680253982544,1.0,1,
miconic_mixed-f10-p6-u0-v0-d0-a0-n0-A0-B0-N0-F0__35,2319.920778274536,1.0,2,1,10840.012550354004,1.0,2,1,5716.140031814575,1.0,1,
miconic_mixed-f10-p6-u0-v0-d0-a0-n0-A0-B0-N0-F0__36,2296.546220779419,1.0,2,1,9522.30167388916,1.0,2,1,5758.27956199646,1.0,1,
miconic_mixed-f10-p6-u0-v0-d0-a0-n0-A0-B0-N0-F0__37,2431.370496749878,1.0,2,1,9845.146656036375,1.0,2,1,5509.611368179321,1.0,1,
miconic_mixed-f10-p6-u0-v0-d0-a0-n0-A0-B0-N0-F0__38,2456.583976745605,1.0,2,1,11104.480028152466,1.0,2,1,5713.359355926514,1.0,1,
miconic_mixed-f10-p6-u0-v0-d0-a0-n0-A0-B0-N0-F0__39,2480.531454086304,1.0,2,1,11863.750219345093,1.0,2,1,5815.945863723755,1.0,1,
miconic_mixed-f10-p6-u0-v0-d0-a0-n0-A0-B0-N0-F0__4,2344.8619842529297,1.0,2,1,11136.221885681152,1.0,2,1,5879.286766052246,1.0,1,
miconic_mixed-f10-p6-u0-v0-d0-a0-n0-A0-B0-N0-F0__40,2453.934669494629,1.0,2,1,10114.947319030762,1.0,2,1,5269.305229187012,1.0,1,
miconic_mixed-f10-p6-u0-v0-d0-a0-n0-A0-B0-N0-F0__5,2357.079267501831,1.0,2,1,11131.824731826782,1.0,2,1,5621.113538742065,1.0,1,
miconic_mixed-f10-p6-u0-v0-d0-a0-n0-A0-B0-N0-F0__6,2277.993440628052,1.0,2,1,9988.889455795288,1.0,2,1,5327.8913497924805,1.0,1,
miconic_mixed-f10-p6-u0-v0-d0-a0-n0-A0-B0-N0-F0__7,2323.3628273010254,1.0,2,1,9414.315223693848,1.0,2,1,5644.638538360596,1.0,1,
miconic_mixed-f10-p6-u0-v0-d0-a0-n0-A0-B0-N0-F0__8,2571.7456340789795,1.0,2,1,9813.120365142822,1.0,2,1,5014.867782592773,1.0,1,
miconic_mixed-f10-p6-u0-v0-d0-a0-n0-A0-B0-N0-F0__9,2310.635805130005,1.0,2,1,9368.8223361969,1.0,2,1,5277.236461639404,1.0,1,
miconic_mixed-f6-p7-u0-v0-d0-a0-n0-A0-B0-N0-F0__0,2428.807020187378,1.0,2,1,9193.04871559143,1.0,2,1,5536.284685134888,1.0,2,3.0
miconic_mixed-f6-p7-u0-v0-d0-a0-n0-A0-B0-N0-F0__1,2504.3957233428955,1.0,2,1,8131.883859634399,1.0,2,1,5580.128192901611,1.0,1,
miconic_mixed-f6-p7-u0-v0-d0-a0-n0-A0-B0-N0-F0__10,2290.2848720550537,1.0,2,1,8136.425971984863,1.0,2,1,5973.120212554932,1.0,2,3.0
miconic_mixed-f6-p7-u0-v0-d0-a0-n0-A0-B0-N0-F0__11,2156.7509174346924,1.0,2,1,8215.73281288147,1.0,2,1,5684.3366622924805,1.0,1,
miconic_mixed-f6-p7-u0-v0-d0-a0-n0-A0-B0-N0-F0__12,2387.6988887786865,1.0,2,1,8602.953672409058,1.0,2,1,5408.866882324219,1.0,1,
miconic_mixed-f6-p7-u0-v0-d0-a0-n0-A0-B0-N0-F0__13,2271.8238830566406,1.0,2,1,8136.388301849365,1.0,2,1,5520.509004592896,1.0,1,
miconic_mixed-f6-p7-u0-v0-d0-a0-n0-A0-B0-N0-F0__14,2312.9210472106934,1.0,2,1,9206.828594207764,1.0,2,1,5659.846067428589,1.0,1,
miconic_mixed-f6-p7-u0-v0-d0-a0-n0-A0-B0-N0-F0__15,2282.275915145874,1.0,2,1,8218.260526657104,1.0,2,1,5931.663513183594,1.0,2,3.0
miconic_mixed-f6-p7-u0-v0-d0-a0-n0-A0-B0-N0-F0__16,2299.220561981201,1.0,2,1,9367.236614227297,1.0,2,1,5901.676893234253,1.0,1,
miconic_mixed-f6-p7-u0-v0-d0-a0-n0-A0-B0-N0-F0__17,2298.488140106201,1.0,2,1,8276.994228363037,1.0,2,1,5692.70396232605,1.0,2,3.0
miconic_mixed-f6-p7-u0-v0-d0-a0-n0-A0-B0-N0-F0__18,2333.996534347534,1.0,2,1,9696.44045829773,1.0,2,1,5286.920785903931,1.0,1,
miconic_mixed-f6-p7-u0-v0-d0-a0-n0-A0-B0-N0-F0__19,2468.7280654907227,1.0,2,1,8082.885026931763,1.0,2,1,5458.759546279907,1.0,1,
miconic_mixed-f6-p7-u0-v0-d0-a0-n0-A0-B0-N0-F0__2,2249.1157054901123,1.0,2,1,8573.898553848267,1.0,2,1,5612.480163574219,1.0,1,
miconic_mixed-f6-p7-u0-v0-d0-a0-n0-A0-B0-N0-F0__20,2421.91219329834,1.0,2,1,8120.638370513916,1.0,2,1,5401.882410049439,1.0,1,
miconic_mixed-f6-p7-u0-v0-d0-a0-n0-A0-B0-N0-F0__21,2346.587657928467,1.0,2,1,8858.773469924927,1.0,2,1,5952.316522598267,1.0,1,
miconic_mixed-f6-p7-u0-v0-d0-a0-n0-A0-B0-N0-F0__22,2376.3322830200195,1.0,2,1,9898.324966430664,1.0,2,1,5416.756629943848,1.0,1,
miconic_mixed-f6-p7-u0-v0-d0-a0-n0-A0-B0-N0-F0__23,2392.8260803222656,1.0,2,1,8378.12614440918,1.0,2,1,5443.21084022522,1.0,1,
miconic_mixed-f6-p7-u0-v0-d0-a0-n0-A0-B0-N0-F0__24,2457.683563232422,1.0,2,1,10230.875730514526,1.0,2,1,5512.855768203735,1.0,1,
miconic_mixed-f6-p7-u0-v0-d0-a0-n0-A0-B0-N0-F0__25,2271.977424621582,1.0,2,1,8313.4765625,1.0,2,1,5747.946262359619,1.0,1,
miconic_mixed-f6-p7-u0-v0-d0-a0-n0-A0-B0-N0-F0__26,2275.6826877593994,1.0,2,1,8759.368896484375,1.0,2,1,5569.048881530762,1.0,1,
miconic_mixed-f6-p7-u0-v0-d0-a0-n0-A0-B0-N0-F0__27,2477.811098098755,1.0,2,1,8326.305866241455,1.0,2,1,5402.081489562988,1.0,1,
miconic_mixed-f6-p7-u0-v0-d0-a0-n0-A0-B0-N0-F0__28,2322.9317665100098,1.0,2,1,8373.366594314575,1.0,2,1,5433.083534240723,1.0,1,
miconic_mixed-f6-p7-u0-v0-d0-a0-n0-A0-B0-N0-F0__29,2456.162214279175,1.0,2,1,8726.300477981567,1.0,2,1,5329.605102539063,1.0,1,
miconic_mixed-f6-p7-u0-v0-d0-a0-n0-A0-B0-N0-F0__3,2298.570156097412,1.0,2,1,8557.055234909058,1.0,2,1,5551.125764846802,1.0,1,
miconic_mixed-f6-p7-u0-v0-d0-a0-n0-A0-B0-N0-F0__30,2431.37264251709,1.0,2,1,8370.700359344482,1.0,2,1,5808.857440948486,1.0,1,
miconic_mixed-f6-p7-u0-v0-d0-a0-n0-A0-B0-N0-F0__31,2337.005376815796,1.0,2,1,9433.675050735474,1.0,2,1,5643.613815307617,1.0,1,
miconic_mixed-f6-p7-u0-v0-d0-a0-n0-A0-B0-N0-F0__32,2372.075080871582,1.0,2,1,9906.87346458435,1.0,2,1,5599.284648895264,1.0,1,
miconic_mixed-f6-p7-u0-v0-d0-a0-n0-A0-B0-N0-F0__33,2552.496671676636,1.0,2,1,8435.36925315857,1.0,2,1,5294.703006744385,1.0,1,
miconic_mixed-f6-p7-u0-v0-d0-a0-n0-A0-B0-N0-F0__34,2471.588373184204,1.0,2,1,9397.992849349976,1.0,2,1,5467.319488525391,1.0,1,
miconic_mixed-f6-p7-u0-v0-d0-a0-n0-A0-B0-N0-F0__35,2436.2196922302246,1.0,2,1,9402.304649353027,1.0,2,1,5591.42017364502,1.0,1,
miconic_mixed-f6-p7-u0-v0-d0-a0-n0-A0-B0-N0-F0__36,2324.2876529693604,1.0,2,1,8677.448749542236,1.0,2,1,5605.052471160889,1.0,1,
miconic_mixed-f6-p7-u0-v0-d0-a0-n0-A0-B0-N0-F0__37,2261.177062988281,1.0,2,1,8598.98829460144,1.0,2,1,5481.861114501953,1.0,1,
miconic_mixed-f6-p7-u0-v0-d0-a0-n0-A0-B0-N0-F0__38,2407.8025817871094,1.0,2,1,8377.942562103271,1.0,2,1,5635.080099105835,1.0,1,
miconic_mixed-f6-p7-u0-v0-d0-a0-n0-A0-B0-N0-F0__39,2334.731340408325,1.0,2,1,9064.634323120115,1.0,2,1,5385.764837265015,1.0,1,
miconic_mixed-f6-p7-u0-v0-d0-a0-n0-A0-B0-N0-F0__4,2355.44753074646,1.0,2,1,8515.711069107056,1.0,2,1,5421.6628074646,1.0,1,
miconic_mixed-f6-p7-u0-v0-d0-a0-n0-A0-B0-N0-F0__40,2416.9046878814697,1.0,2,1,8520.641565322876,1.0,2,1,5256.605863571167,1.0,1,
miconic_mixed-f6-p7-u0-v0-d0-a0-n0-A0-B0-N0-F0__41,2447.988510131836,1.0,2,1,8499.584913253784,1.0,2,1,5465.442657470703,1.0,1,
miconic_mixed-f6-p7-u0-v0-d0-a0-n0-A0-B0-N0-F0__42,2380.15079498291,1.0,2,1,8513.087749481201,1.0,2,1,5342.617750167847,1.0,1,
miconic_mixed-f6-p7-u0-v0-d0-a0-n0-A0-B0-N0-F0__43,2445.377349853516,1.0,2,1,9518.723964691162,1.0,2,1,5440.025091171265,1.0,1,
miconic_mixed-f6-p7-u0-v0-d0-a0-n0-A0-B0-N0-F0__44,2346.35066986084,1.0,2,1,8659.018993377686,1.0,2,1,5642.473459243774,1.0,1,
miconic_mixed-f6-p7-u0-v0-d0-a0-n0-A0-B0-N0-F0__45,2502.009868621826,1.0,2,1,8670.470476150513,1.0,2,1,5914.204120635986,1.0,1,
miconic_mixed-f6-p7-u0-v0-d0-a0-n0-A0-B0-N0-F0__46,2319.49520111084,1.0,2,1,9120.90277671814,1.0,2,1,5620.913028717041,1.0,1,
miconic_mixed-f6-p7-u0-v0-d0-a0-n0-A0-B0-N0-F0__47,2475.1665592193604,1.0,2,1,8700.026988983154,1.0,2,1,5583.742618560791,1.0,1,
miconic_mixed-f6-p7-u0-v0-d0-a0-n0-A0-B0-N0-F0__48,2356.6040992736816,1.0,2,1,8519.941091537476,1.0,2,1,5445.604562759399,1.0,1,
miconic_mixed-f6-p7-u0-v0-d0-a0-n0-A0-B0-N0-F0__49,2325.162649154663,1.0,2,1,8549.081563949585,1.0,2,1,5442.254543304443,1.0,1,
miconic_mixed-f6-p7-u0-v0-d0-a0-n0-A0-B0-N0-F0__5,2514.227867126465,1.0,2,1,8360.557079315186,1.0,2,1,5481.890678405762,1.0,1,
miconic_mixed-f6-p7-u0-v0-d0-a0-n0-A0-B0-N0-F0__50,2404.750347137451,1.0,2,1,8319.604873657227,1.0,2,1,5426.124572753906,1.0,1,
miconic_mixed-f6-p7-u0-v0-d0-a0-n0-A0-B0-N0-F0__51,2240.456342697144,1.0,2,1,8622.345447540283,1.0,2,1,5372.052431106567,1.0,1,
miconic_mixed-f6-p7-u0-v0-d0-a0-n0-A0-B0-N0-F0__52,2276.9522666931152,1.0,2,1,8542.65022277832,1.0,2,1,5330.90353012085,1.0,1,
miconic_mixed-f6-p7-u0-v0-d0-a0-n0-A0-B0-N0-F0__53,2469.191312789917,1.0,2,1,8864.484071731567,1.0,2,1,5602.203607559204,1.0,1,
miconic_mixed-f6-p7-u0-v0-d0-a0-n0-A0-B0-N0-F0__54,2382.009983062744,1.0,2,1,8535.485029220581,1.0,2,1,6004.374504089356,1.0,1,
miconic_mixed-f6-p7-u0-v0-d0-a0-n0-A0-B0-N0-F0__55,2457.157611846924,1.0,2,1,8372.112035751343,1.0,2,1,5601.212739944458,1.0,1,
miconic_mixed-f6-p7-u0-v0-d0-a0-n0-A0-B0-N0-F0__56,2474.5137691497803,1.0,2,1,9202.066898345947,1.0,2,1,5294.813632965088,1.0,1,
miconic_mixed-f6-p7-u0-v0-d0-a0-n0-A0-B0-N0-F0__57,2417.841911315918,1.0,2,1,8891.096115112305,1.0,2,1,5549.906492233276,1.0,1,
miconic_mixed-f6-p7-u0-v0-d0-a0-n0-A0-B0-N0-F0__58,2264.585494995117,1.0,2,1,9559.99755859375,1.0,2,1,5601.674318313599,1.0,1,
miconic_mixed-f6-p7-u0-v0-d0-a0-n0-A0-B0-N0-F0__6,2536.4692211151123,1.0,2,1,8566.59460067749,1.0,2,1,5312.64591217041,1.0,1,
miconic_mixed-f6-p7-u0-v0-d0-a0-n0-A0-B0-N0-F0__7,2244.6210384368896,1.0,2,1,8003.124237060547,1.0,2,1,6152.296781539917,1.0,1,
miconic_mixed-f6-p7-u0-v0-d0-a0-n0-A0-B0-N0-F0__8,2244.149923324585,1.0,2,1,8656.788110733032,1.0,2,1,5719.099521636963,1.0,1,
miconic_mixed-f6-p7-u0-v0-d0-a0-n0-A0-B0-N0-F0__9,2386.352300643921,1.0,2,1,9207.09753036499,1.0,2,1,5424.47566986084,1.0,1,
"=SUBTOTAL(3,A2:A373)","=SUBTOTAL(1,B2:B373)","=SUBTOTAL(1,C2:C373)","=COUNTIF(D2:D373,1)",,"=SUBTOTAL(1,F2:F373)","=SUBTOTAL(1,G2:G373)","=COUNTIF(H2:H373,1)",,"=SUBTOTAL(1,J2:J373)","=SUBTOTAL(1,K2:K373)","=COUNTIF(L2:L373,1)",,