Name,Time-LPG,Corr-LPG,Sys-LPG,Planner-LPG,Time-FD,Corr-FD,Sys-FD,Planner-FD,Time-SOFAI-PF-FD,Corr-SOFAI-PF-FD,Sys-SOFAI-PF-FD,Planner-SOFAI-PF-FD,Time-SOFAI-PF-LPGxFD,Corr-SOFAI-PF-LPGxFD,Sys-SOFAI-PF-LPGxFD,Planner-SOFAI-PF-LPGxFD
ferry-l6-c6__0,235.5499267578125,1.0,2,2,1401.526927947998,1.0,2,1,7171.83780670166,1.0,2,1,4698.656320571899,1.0,2,3.0
ferry-l6-c6__1,166.27931594848633,1.0,2,2,1458.493947982788,1.0,2,1,8136.203050613403,1.0,2,1,4311.125755310059,1.0,1,
ferry-l6-c6__10,157.84311294555664,1.0,2,2,1452.4221420288086,1.0,2,1,8463.415622711182,1.0,2,1,4647.968292236328,1.0,1,
ferry-l6-c6__11,194.1044330596924,1.0,2,2,1387.6185417175293,1.0,2,1,6454.640626907349,1.0,2,1,4420.667409896851,1.0,1,
ferry-l6-c6__12,178.73358726501465,1.0,2,2,1535.4621410369873,1.0,2,1,8717.474937438965,1.0,2,1,5105.303525924683,1.0,1,
ferry-l6-c6__13,173.24328422546387,1.0,2,2,1356.8732738494873,1.0,2,1,6613.039255142212,1.0,2,1,4593.569755554199,1.0,1,
ferry-l6-c6__14,177.47092247009277,1.0,2,2,1307.5065612792969,1.0,2,1,6936.551809310913,1.0,2,1,4382.217645645142,1.0,1,
ferry-l6-c6__15,195.2681541442871,1.0,2,2,1267.693281173706,1.0,2,1,8371.264934539795,1.0,2,1,4904.39510345459,1.0,1,
ferry-l6-c6__16,155.55739402770996,1.0,2,2,1257.40647315979,1.0,2,1,10293.391704559326,1.0,2,1,3988.342523574829,1.0,2,3.0
ferry-l6-c6__17,174.44562911987305,1.0,2,2,1313.5497570037842,1.0,2,1,6351.970434188843,1.0,2,1,5175.010681152344,1.0,2,3.0
ferry-l6-c6__18,180.4451942443848,1.0,2,2,1256.9482326507568,1.0,2,1,8518.01323890686,1.0,2,1,4644.419193267822,1.0,1,
ferry-l6-c6__19,180.08780479431152,1.0,2,2,1308.0778121948242,1.0,2,1,6298.264026641846,1.0,2,1,4424.509048461914,1.0,1,
ferry-l6-c6__2,168.61581802368164,1.0,2,2,1418.8475608825684,1.0,2,1,6150.590419769287,1.0,2,1,4356.07647895813,1.0,1,
ferry-l6-c6__20,175.3745079040527,1.0,2,2,1249.720335006714,1.0,2,1,5830.550670623779,1.0,2,1,4515.179872512817,1.0,1,
ferry-l6-c6__21,169.65365409851074,1.0,2,2,1253.990888595581,1.0,2,1,6397.772789001465,1.0,2,1,4627.032279968262,1.0,1,
ferry-l6-c6__22,184.18622016906733,1.0,2,2,1256.6909790039062,1.0,2,1,5327.7575969696045,1.0,2,1,4256.1585903167725,1.0,1,
ferry-l6-c6__23,176.24258995056152,1.0,2,2,1232.5007915496826,1.0,2,1,7408.394575119019,1.0,2,1,4206.689596176148,1.0,1,
ferry-l6-c6__24,182.7380657196045,1.0,2,2,1258.4505081176758,1.0,2,1,5368.525266647339,1.0,2,1,4453.135013580322,1.0,1,
ferry-l6-c6__25,192.457914352417,1.0,2,2,1246.8867301940918,1.0,2,1,5896.193981170654,1.0,2,1,4412.19687461853,1.0,1,
ferry-l6-c6__26,163.47503662109375,1.0,2,2,1312.6749992370603,1.0,2,1,7055.561780929565,1.0,2,1,4482.489347457886,1.0,1,
ferry-l6-c6__27,159.7611904144287,1.0,2,2,1369.551181793213,1.0,2,1,5645.05672454834,1.0,2,1,4171.866893768311,1.0,1,
ferry-l6-c6__28,179.91137504577637,1.0,2,2,1285.820484161377,1.0,2,1,5665.252685546875,1.0,2,1,4314.80860710144,1.0,1,
ferry-l6-c6__29,178.40266227722168,1.0,2,2,1409.217119216919,1.0,2,1,8366.449356079102,1.0,2,1,4531.428575515747,1.0,1,
ferry-l6-c6__3,196.0620880126953,1.0,2,2,1408.4300994873047,1.0,2,1,5682.0995807647705,1.0,2,1,4680.061101913452,1.0,1,
ferry-l6-c6__30,170.3195571899414,1.0,2,2,1300.112009048462,1.0,2,1,6575.547456741333,1.0,2,1,4028.5041332244873,1.0,1,
ferry-l6-c6__31,154.33120727539062,1.0,2,2,1361.274242401123,1.0,2,1,6698.965787887573,1.0,2,1,4053.83825302124,1.0,1,
ferry-l6-c6__32,170.64809799194336,1.0,2,2,1432.9185485839844,1.0,2,1,6213.801622390747,1.0,2,1,4766.477346420288,1.0,1,
ferry-l6-c6__33,161.93008422851562,1.0,2,2,1238.563060760498,1.0,2,1,8594.402551651001,1.0,2,1,4135.520935058594,1.0,1,
ferry-l6-c6__34,167.95992851257324,1.0,2,2,1340.0344848632812,1.0,2,1,5521.435976028442,1.0,2,1,4656.123399734497,1.0,1,
ferry-l6-c6__35,183.17461013793945,1.0,2,2,1402.928590774536,1.0,2,1,6649.169921875,1.0,2,1,4779.88600730896,1.0,1,
ferry-l6-c6__36,171.28539085388184,1.0,2,2,1361.398458480835,1.0,2,1,6438.9402866363525,1.0,2,1,4196.192502975464,1.0,1,
ferry-l6-c6__37,172.90115356445312,1.0,2,2,1385.2176666259766,1.0,2,1,8814.6333694458,1.0,2,1,4498.283863067627,1.0,1,
ferry-l6-c6__38,178.9567470550537,1.0,2,2,1282.9813957214355,1.0,2,1,8422.632932662964,1.0,2,1,4098.851203918457,1.0,1,
ferry-l6-c6__39,179.35872077941897,1.0,2,2,1262.5117301940918,1.0,2,1,6830.880403518677,1.0,2,1,4633.597135543823,1.0,1,
ferry-l6-c6__4,167.8907871246338,1.0,2,2,1425.649881362915,1.0,2,1,6822.7379322052,1.0,2,1,4561.131477355957,1.0,1,
ferry-l6-c6__40,160.83693504333496,1.0,2,2,1301.9523620605469,1.0,2,1,7739.500522613525,1.0,2,1,4750.286102294922,1.0,1,
ferry-l6-c6__41,177.12783813476562,1.0,2,2,1216.2907123565674,1.0,2,1,10699.22375679016,1.0,2,1,4511.090040206909,1.0,1,
ferry-l6-c6__42,164.07179832458496,1.0,2,2,1315.5217170715332,1.0,2,1,10501.54709815979,1.0,2,1,4690.318584442139,1.0,1,
ferry-l6-c6__43,179.0006160736084,1.0,2,2,1256.742238998413,1.0,2,1,6200.142621994019,1.0,2,1,4235.597133636475,1.0,1,
ferry-l6-c6__44,202.25071907043457,1.0,2,2,1281.238317489624,1.0,2,1,8352.939128875732,1.0,2,1,4829.75172996521,1.0,2,3.0
ferry-l6-c6__45,183.3629608154297,1.0,2,2,1298.0878353118896,1.0,2,1,9255.395889282228,1.0,2,1,4707.671165466309,1.0,1,
ferry-l6-c6__46,163.24353218078613,1.0,2,2,1347.214937210083,1.0,2,1,6057.021856307983,1.0,2,1,4577.35013961792,1.0,1,
ferry-l6-c6__47,172.02377319335938,1.0,2,2,1236.9978427886963,1.0,2,1,6259.010314941406,1.0,2,1,4164.9909019470215,1.0,1,
ferry-l6-c6__48,193.33600997924805,1.0,2,2,1272.7572917938232,1.0,2,1,6039.587020874023,1.0,2,1,4406.324625015259,1.0,1,
ferry-l6-c6__49,195.22380828857425,1.0,2,2,1241.51873588562,1.0,2,1,6697.454452514648,1.0,2,1,4314.180374145508,1.0,1,
ferry-l6-c6__5,168.63608360290527,1.0,2,2,1296.3919639587402,1.0,2,1,6718.345165252686,1.0,2,1,4437.10470199585,1.0,1,
ferry-l6-c6__50,181.5273761749268,1.0,2,2,1321.763038635254,1.0,2,1,7242.980718612671,1.0,2,1,4560.141324996948,1.0,1,
ferry-l6-c6__51,167.0839786529541,1.0,2,2,1342.1509265899658,1.0,2,1,7833.133459091186,1.0,2,1,4420.554399490356,1.0,1,
ferry-l6-c6__52,177.03604698181152,1.0,2,2,1354.6125888824463,1.0,2,1,6733.301162719727,1.0,2,1,4168.079614639282,1.0,1,
ferry-l6-c6__53,205.84392547607425,1.0,2,2,1285.897970199585,1.0,2,1,6301.822662353516,1.0,2,1,4541.653156280518,1.0,1,
ferry-l6-c6__54,166.0306453704834,1.0,2,2,1299.729824066162,1.0,2,1,6877.286195755005,1.0,2,1,4542.1411991119385,1.0,1,
ferry-l6-c6__55,166.8097972869873,1.0,2,2,1274.0848064422607,1.0,2,1,8397.803544998169,1.0,2,1,4700.897693634033,1.0,1,
ferry-l6-c6__56,154.50382232666016,1.0,2,2,1363.8103008270264,1.0,2,1,6639.142751693726,1.0,2,1,4653.203010559082,1.0,1,
ferry-l6-c6__57,174.27563667297363,1.0,2,2,1173.3067035675049,1.0,2,1,6078.568458557129,1.0,2,1,3987.1068000793457,1.0,1,
ferry-l6-c6__58,173.87700080871582,1.0,2,2,1427.9825687408447,1.0,2,1,6370.465755462647,1.0,2,1,4351.714849472046,1.0,2,3.0
ferry-l6-c6__59,169.0371036529541,1.0,2,2,1398.6248970031738,1.0,2,1,8522.793769836426,1.0,2,1,4865.493059158325,1.0,1,
ferry-l6-c6__6,166.13054275512695,1.0,2,2,1232.5153350830078,1.0,2,1,8834.129333496094,1.0,2,1,4886.42144203186,1.0,1,
ferry-l6-c6__60,172.36995697021484,1.0,2,2,1441.5547847747805,1.0,2,1,10102.86545753479,1.0,2,1,5046.448707580566,1.0,1,
ferry-l6-c6__61,208.79626274108887,1.0,2,2,1382.6005458831787,1.0,2,1,10307.481527328491,1.0,2,1,4709.476947784424,1.0,1,
ferry-l6-c6__62,160.95590591430664,1.0,2,2,1319.7681903839111,1.0,2,1,6066.470146179199,1.0,2,1,4475.661039352417,1.0,1,
ferry-l6-c6__63,176.25904083251953,1.0,2,2,1353.5714149475098,1.0,2,1,6839.92600440979,1.0,2,1,4297.2681522369385,1.0,1,
ferry-l6-c6__64,170.49193382263184,1.0,2,2,1305.6602478027344,1.0,2,1,5953.104257583618,1.0,2,1,4540.684223175049,1.0,1,
ferry-l6-c6__65,178.66230010986328,1.0,2,2,1267.327070236206,1.0,2,1,6955.604553222656,1.0,2,1,4483.334541320801,1.0,1,
ferry-l6-c6__66,170.20750045776367,1.0,2,2,1286.0002517700195,1.0,2,1,6285.289525985718,1.0,2,1,4503.3910274505615,1.0,1,
ferry-l6-c6__67,194.58794593811035,1.0,2,2,1431.1156272888184,1.0,2,1,8743.158340454102,1.0,2,1,5290.365219116211,1.0,1,
ferry-l6-c6__68,183.97092819213867,1.0,2,2,1809.195041656494,1.0,2,1,6431.678771972656,1.0,2,1,4198.781967163086,1.0,1,
ferry-l6-c6__69,194.9942111968994,1.0,2,2,1380.9125423431396,1.0,2,1,8347.532033920288,1.0,2,1,4312.309265136719,1.0,1,
ferry-l6-c6__7,187.3197555541992,1.0,2,2,1274.0919589996338,1.0,2,1,5996.171712875366,1.0,2,1,4140.172481536865,1.0,1,
ferry-l6-c6__70,201.74193382263184,1.0,2,2,1326.6005516052246,1.0,2,1,5631.17790222168,1.0,2,1,4240.895986557007,1.0,2,3.0
ferry-l6-c6__71,193.1614875793457,1.0,2,2,1212.8617763519287,1.0,2,1,5282.675504684448,1.0,2,1,4446.822166442871,1.0,1,
ferry-l6-c6__72,163.38610649108887,1.0,2,2,1357.8357696533203,1.0,2,1,10421.90146446228,1.0,2,1,4205.025196075439,1.0,1,
ferry-l6-c6__73,158.25438499450684,1.0,2,2,1352.0331382751465,1.0,2,1,6054.682016372681,1.0,2,1,4610.793828964233,1.0,1,
ferry-l6-c6__74,185.3768825531006,1.0,2,2,1377.1607875823977,1.0,2,1,6327.959537506104,1.0,2,1,4500.512838363648,1.0,1,
ferry-l6-c6__75,168.23959350585938,1.0,2,2,1382.232904434204,1.0,2,1,7822.069883346558,1.0,2,1,4620.509386062622,1.0,1,
ferry-l6-c6__76,179.64839935302734,1.0,2,2,1304.370403289795,1.0,2,1,10172.201871871948,1.0,2,1,4581.698179244995,1.0,1,
ferry-l6-c6__77,189.58187103271484,1.0,2,2,1316.1234855651855,1.0,2,1,5488.140344619751,1.0,2,1,4194.671154022217,1.0,1,
ferry-l6-c6__78,198.6830234527588,1.0,2,2,1411.1011028289795,1.0,2,1,10119.38977241516,1.0,2,1,4167.184352874756,1.0,1,
ferry-l6-c6__79,215.7001495361328,1.0,2,2,1252.7947425842283,1.0,2,1,5321.703672409058,1.0,2,1,4563.806056976318,1.0,1,
ferry-l6-c6__8,174.70717430114746,1.0,2,2,1234.9090576171875,1.0,2,1,6867.717742919922,1.0,2,1,4436.450481414795,1.0,2,3.0
ferry-l6-c6__80,160.68363189697266,1.0,2,2,1402.4674892425537,1.0,2,1,6337.40234375,1.0,2,1,4679.587364196777,1.0,1,
ferry-l6-c6__81,176.12743377685547,1.0,2,2,1310.03999710083,1.0,2,1,6129.876375198364,1.0,2,1,4106.621026992798,1.0,1,
ferry-l6-c6__82,158.68544578552246,1.0,2,2,1427.201509475708,1.0,2,1,10588.733434677124,1.0,2,1,4382.648468017578,1.0,1,
ferry-l6-c6__83,187.36958503723145,1.0,2,2,1556.7240715026855,1.0,2,1,5893.559694290161,1.0,2,1,4497.857570648193,1.0,1,
ferry-l6-c6__84,165.3461456298828,1.0,2,2,1414.5703315734863,1.0,2,1,7581.450462341309,1.0,2,1,4536.489486694336,1.0,1,
ferry-l6-c6__85,185.60433387756348,1.0,2,2,1388.9179229736328,1.0,2,1,6017.385721206665,1.0,2,1,4286.067724227905,1.0,1,
ferry-l6-c6__86,213.8891220092773,1.0,2,2,1242.0868873596191,1.0,2,1,9600.415229797363,1.0,2,1,4144.965171813965,1.0,1,
ferry-l6-c6__87,181.66327476501465,1.0,2,2,1279.3807983398438,1.0,2,1,9562.842845916748,1.0,2,1,4461.017847061157,1.0,1,
ferry-l6-c6__88,187.28351593017572,1.0,2,2,1235.1837158203125,1.0,2,1,5619.600534439087,1.0,2,1,4140.001058578491,1.0,1,
ferry-l6-c6__89,184.65828895568848,1.0,2,2,1404.1950702667236,1.0,2,1,6652.805328369141,1.0,2,1,4734.781742095947,1.0,1,
ferry-l6-c6__9,161.50212287902832,1.0,2,2,1244.1537380218506,1.0,2,1,5538.598299026489,1.0,2,1,3889.7180557250977,1.0,1,
ferry-l6-c6__90,160.69865226745603,1.0,2,2,1360.94069480896,1.0,2,1,5454.891443252564,1.0,2,1,4547.534942626953,1.0,1,
ferry-l6-c6__91,185.4114532470703,1.0,2,2,1337.303876876831,1.0,2,1,6318.130970001221,1.0,2,1,4324.282884597778,1.0,1,
ferry-l6-c6__92,183.38799476623527,1.0,2,2,1413.2401943206787,1.0,2,1,9150.714874267578,1.0,2,1,4653.870105743408,1.0,1,
ferry-l6-c6__93,167.47474670410156,1.0,2,2,1367.0215606689453,1.0,2,1,6798.936367034912,1.0,2,1,4920.735597610474,1.0,1,
ferry-l6-c6__94,174.77822303771973,1.0,2,2,1397.7229595184326,1.0,2,1,4853.362083435059,1.0,2,1,4248.48484992981,1.0,1,
ferry-l6-c6__95,182.9209327697754,1.0,2,2,1292.4540042877195,1.0,2,1,6857.098340988159,1.0,2,1,4735.500812530518,1.0,1,
ferry-l6-c6__96,161.81063652038574,1.0,2,2,1249.8576641082764,1.0,2,1,8933.937072753906,1.0,2,1,4427.332639694214,1.0,1,
ferry-l6-c6__97,178.30324172973633,1.0,2,2,1215.3615951538086,1.0,2,1,4828.882455825806,1.0,2,1,4700.221538543701,1.0,1,
ferry-l6-c6__98,172.1503734588623,1.0,2,2,1164.5169258117676,1.0,2,1,6245.037078857422,1.0,2,1,4281.505346298218,1.0,1,
ferry-l6-c6__99,179.4898509979248,1.0,2,2,1346.8050956726074,1.0,2,1,6189.518213272095,1.0,2,1,4555.851697921753,1.0,2,3.0
gripperproblem_4_6_7_113__0,187.4079704284668,1.0,2,2,60094.29717063904,0.0,-1,-1,59864.31455612183,0.0,-1,-1,4727.222919464111,1.0,2,3.0
gripperproblem_4_6_7_114__0,171.04649543762207,1.0,2,2,60092.121601104736,0.0,-1,-1,59648.50687980652,0.0,-1,-1,4761.070966720581,1.0,2,3.0
gripperproblem_4_6_7_115__0,223.1731414794922,1.0,2,2,60114.72606658936,0.0,-1,-1,59677.87265777588,0.0,-1,-1,5394.781589508057,1.0,2,3.0
gripperproblem_4_6_7_116__0,183.25018882751465,1.0,2,2,60105.05175590515,0.0,-1,-1,59321.11430168152,0.0,-1,-1,4583.112239837647,1.0,2,3.0
gripperproblem_4_6_7_117__0,188.88568878173828,1.0,2,2,60102.25677490234,0.0,-1,-1,59662.1527671814,0.0,-1,-1,4815.2220249176025,1.0,2,3.0
gripperproblem_4_6_7_118__0,194.01192665100092,1.0,2,2,60099.79486465454,0.0,-1,-1,59467.86856651306,0.0,-1,-1,5121.544122695923,1.0,2,3.0
gripperproblem_4_6_7_119__0,157.72318840026855,1.0,2,2,4102.749347686768,1.0,2,1,8140.657901763916,1.0,2,1,4587.125301361084,1.0,1,
gripperproblem_4_6_7_120__0,178.8930892944336,1.0,2,2,42415.99941253662,1.0,2,1,48702.66246795654,1.0,2,1,4532.506704330444,1.0,2,3.0
gripperproblem_4_6_7_121__0,176.2239933013916,1.0,2,2,60100.23093223572,0.0,-1,-1,59435.67681312561,0.0,-1,-1,5131.837368011475,1.0,2,3.0
gripperproblem_4_6_7_122__0,216.33243560791016,1.0,2,2,60082.34357833862,0.0,-1,-1,59421.189069747925,0.0,-1,-1,4727.256298065186,1.0,2,3.0
gripperproblem_4_6_7_123__0,188.9743804931641,1.0,2,2,60096.79579734802,0.0,-1,-1,59832.96823501587,0.0,-1,-1,5281.97169303894,1.0,2,3.0
gripperproblem_4_6_7_124__0,189.82839584350583,1.0,2,2,60092.57173538208,0.0,-1,-1,59754.49013710022,0.0,-1,-1,4514.2316818237305,1.0,2,3.0
gripperproblem_4_6_7_125__0,196.6748237609864,1.0,2,2,60087.82768249512,0.0,-1,-1,59671.228647232056,0.0,-1,-1,4551.519393920898,1.0,2,3.0
gripperproblem_4_6_7_126__0,170.46022415161133,1.0,2,2,60099.35903549194,0.0,-1,-1,59338.71030807495,0.0,-1,-1,5060.335159301758,1.0,2,3.0
gripperproblem_4_6_7_127__0,191.11251831054688,1.0,2,2,60091.17388725281,0.0,-1,-1,59119.91357803345,0.0,-1,-1,4471.436500549316,1.0,2,3.0
gripperproblem_4_6_7_128__0,189.220666885376,1.0,2,2,60105.30853271485,0.0,-1,-1,59688.44270706177,0.0,-1,-1,5018.888235092163,1.0,2,3.0
gripperproblem_4_6_7_129__0,195.3139305114746,1.0,2,2,60096.86613082886,0.0,-1,-1,59923.794746398926,0.0,-1,-1,4794.938325881958,1.0,2,3.0
gripperproblem_4_6_7_130__0,167.4947738647461,1.0,2,2,60095.28636932373,0.0,-1,-1,59718.46008300781,0.0,-1,-1,4869.194984436035,1.0,2,3.0
gripperproblem_4_6_7_131__0,171.02718353271484,1.0,2,2,60089.73288536072,0.0,-1,-1,59484.63988304138,0.0,-1,-1,5092.211246490479,1.0,2,3.0
gripperproblem_4_6_7_132__0,185.293197631836,1.0,2,2,60086.31706237793,0.0,-1,-1,59991.11270904541,0.0,-1,-1,4877.076864242554,1.0,2,3.0
gripperproblem_4_6_7_133__0,186.83171272277832,1.0,2,2,60109.14587974548,0.0,-1,-1,59270.6196308136,0.0,-1,-1,4444.324970245361,1.0,2,3.0
gripperproblem_4_6_7_134__0,176.1338710784912,1.0,2,2,60113.20233345032,0.0,-1,-1,59944.63396072388,0.0,-1,-1,4796.118497848511,1.0,2,3.0
gripperproblem_4_6_7_135__0,176.4121055603027,1.0,2,2,60105.1185131073,0.0,-1,-1,59405.8530330658,0.0,-1,-1,4812.724828720093,1.0,2,3.0
gripperproblem_4_6_7_136__0,188.60721588134768,1.0,2,2,60081.62522315979,0.0,-1,-1,59343.36256980896,0.0,-1,-1,4605.224132537842,1.0,2,3.0
gripperproblem_4_6_7_137__0,167.1304702758789,1.0,2,2,60099.93600845337,0.0,-1,-1,59380.35798072815,0.0,-1,-1,4608.047962188721,1.0,2,3.0
gripperproblem_4_6_7_138__0,186.05828285217285,1.0,2,2,6949.930429458618,1.0,2,1,11563.376188278198,1.0,2,1,4226.2139320373535,1.0,2,3.0
gripperproblem_4_6_7_139__0,215.9178256988525,1.0,2,2,8204.50472831726,1.0,2,1,11671.514987945557,1.0,2,1,4004.070281982422,1.0,2,3.0
gripperproblem_4_6_7_140__0,187.3340606689453,1.0,2,2,60105.677127838135,0.0,-1,-1,59801.38564109802,0.0,-1,-1,4795.894384384155,1.0,2,3.0
gripperproblem_4_6_7_141__0,183.783769607544,1.0,2,2,60088.987588882446,0.0,-1,-1,59646.29554748535,0.0,-1,-1,4623.109340667725,1.0,2,3.0
gripperproblem_4_6_7_142__0,188.27009201049805,1.0,2,2,60113.63410949707,0.0,-1,-1,59925.00448226929,0.0,-1,-1,4751.470327377319,1.0,2,3.0
gripperproblem_4_6_7_143__0,185.530424118042,1.0,2,2,60087.47720718384,0.0,-1,-1,59942.47245788574,0.0,-1,-1,4958.772420883179,1.0,2,3.0
gripperproblem_4_6_7_144__0,159.52563285827637,1.0,2,2,60107.2084903717,0.0,-1,-1,59824.668645858765,0.0,-1,-1,4931.19478225708,1.0,2,3.0
gripperproblem_4_6_7_145__0,160.25233268737793,1.0,2,2,59375.58960914612,1.0,2,1,59287.02187538147,0.0,-1,-1,4761.828184127808,1.0,2,3.0
gripperproblem_4_6_7_146__0,171.41366004943848,1.0,2,2,60113.14821243286,0.0,-1,-1,59330.7363986969,0.0,-1,-1,5298.840999603272,1.0,2,3.0
gripperproblem_4_6_7_147__0,188.7943744659424,1.0,2,2,23232.510328292847,1.0,2,1,27494.14873123169,1.0,2,1,4954.877138137817,1.0,2,3.0
gripperproblem_4_6_7_148__0,184.9827766418457,1.0,2,2,60098.623752594,0.0,-1,-1,59966.7763710022,0.0,-1,-1,4829.165935516357,1.0,2,3.0
gripperproblem_4_6_7_149__0,175.35400390625,1.0,2,2,60112.35427856445,0.0,-1,-1,59120.67222595215,0.0,-1,-1,4603.275775909424,1.0,2,3.0
gripperproblem_4_6_7_150__0,185.12392044067383,1.0,2,2,2770.7793712615967,1.0,2,1,7105.532169342041,1.0,2,1,4655.470132827759,1.0,1,
gripperproblem_4_6_7_151__0,188.51590156555176,1.0,2,2,60105.443477630615,0.0,-1,-1,59778.20706367493,0.0,-1,-1,5056.685447692871,1.0,2,3.0
gripperproblem_4_6_7_152__0,197.2537040710449,1.0,2,2,60098.29592704773,0.0,-1,-1,59799.0870475769,0.0,-1,-1,4722.828388214111,1.0,2,3.0
gripperproblem_4_6_7_153__0,167.62375831604004,1.0,2,2,60098.86384010315,0.0,-1,-1,59895.211935043335,0.0,-1,-1,4710.269927978516,1.0,2,3.0
gripperproblem_4_6_7_154__0,181.4663410186768,1.0,2,2,60105.46278953552,0.0,-1,-1,59589.88356590271,0.0,-1,-1,4904.086112976074,1.0,2,3.0
gripperproblem_4_6_7_155__0,173.53582382202148,1.0,2,2,60097.89156913757,0.0,-1,-1,59974.62797164917,0.0,-1,-1,5157.41491317749,1.0,2,3.0
gripperproblem_4_6_7_156__0,204.7080993652344,1.0,2,2,60106.60982131958,0.0,-1,-1,59280.95984458923,0.0,-1,-1,4591.92681312561,1.0,2,3.0
gripperproblem_4_6_7_157__0,186.97237968444824,1.0,2,2,60109.12871360779,0.0,-1,-1,59232.80644416809,0.0,-1,-1,4772.494554519653,1.0,2,3.0
gripperproblem_4_6_7_158__0,167.93084144592285,1.0,2,2,60092.94414520264,0.0,-1,-1,59902.49443054199,0.0,-1,-1,4623.135805130005,1.0,1,
gripperproblem_4_6_7_159__0,178.91836166381836,1.0,2,2,60099.727392196655,0.0,-1,-1,59675.74501037598,0.0,-1,-1,4505.142211914063,1.0,2,3.0
gripperproblem_4_6_7_160__0,192.5370693206787,1.0,2,2,60099.09343719482,0.0,-1,-1,59612.5648021698,0.0,-1,-1,4962.77117729187,1.0,2,3.0
gripperproblem_4_6_7_161__0,208.1551551818848,1.0,2,2,60100.982666015625,0.0,-1,-1,59583.41431617737,0.0,-1,-1,4622.6325035095215,1.0,2,3.0
gripperproblem_4_6_7_162__0,187.43133544921875,1.0,2,2,52045.268535614014,1.0,2,1,56258.84532928467,1.0,2,1,4243.029356002808,1.0,2,3.0
gripperproblem_4_6_7_163__0,192.1555995941162,1.0,2,2,60098.421812057495,0.0,-1,-1,59368.97850036621,0.0,-1,-1,4445.726633071899,1.0,2,3.0
gripperproblem_4_6_7_164__0,214.77198600769043,1.0,2,2,60100.25525093079,0.0,-1,-1,59678.40266227722,0.0,-1,-1,4630.812406539917,1.0,2,3.0
gripperproblem_4_6_7_165__0,199.28288459777832,1.0,2,2,60101.953983306885,0.0,-1,-1,59679.48246002197,0.0,-1,-1,4417.503118515015,1.0,2,3.0
gripperproblem_4_6_7_166__0,176.89204216003418,1.0,2,2,60112.24007606506,0.0,-1,-1,59392.41075515747,0.0,-1,-1,4817.841053009033,1.0,2,3.0
gripperproblem_4_6_7_167__0,198.79961013793945,1.0,2,2,60104.07781600952,0.0,-1,-1,59850.63409805298,0.0,-1,-1,5099.33066368103,1.0,2,3.0
gripperproblem_4_6_7_168__0,166.6891574859619,1.0,2,2,60095.38841247559,0.0,-1,-1,59285.287380218506,0.0,-1,-1,4203.097581863403,1.0,2,3.0
gripperproblem_4_6_7_169__0,193.5734748840332,1.0,2,2,60109.63129997253,0.0,-1,-1,59515.16389846802,0.0,-1,-1,4680.517911911011,1.0,1,
gripperproblem_4_6_7_170__0,180.6032657623291,1.0,2,2,60105.00359535217,0.0,-1,-1,59544.313192367554,0.0,-1,-1,5329.933166503906,1.0,2,3.0
gripperproblem_4_6_7_171__0,164.92342948913574,1.0,2,2,17578.569173812866,1.0,2,1,21752.36463546753,1.0,2,1,4244.260311126709,1.0,2,3.0
gripperproblem_4_6_7_172__0,181.0593605041504,1.0,2,2,60092.20504760742,0.0,-1,-1,59763.59343528748,0.0,-1,-1,5163.923025131226,1.0,2,3.0
gripperproblem_4_6_7_173__0,200.9577751159668,1.0,2,2,60087.045669555664,0.0,-1,-1,59505.28526306152,0.0,-1,-1,5427.091836929321,1.0,2,3.0
gripperproblem_4_6_7_174__0,189.06354904174805,1.0,2,2,5358.35337638855,1.0,2,1,9750.463485717772,1.0,2,1,5043.155908584595,1.0,2,3.0
gripperproblem_4_6_7_175__0,200.90913772583008,1.0,2,2,7165.645599365234,1.0,2,1,11195.389747619629,1.0,2,1,4483.78324508667,1.0,2,3.0
gripperproblem_4_6_7_176__0,170.4394817352295,1.0,2,2,59997.3042011261,1.0,2,1,59871.14548683167,0.0,-1,-1,4276.929616928101,1.0,2,3.0
gripperproblem_4_6_7_177__0,188.8689994812012,1.0,2,2,60099.54118728638,0.0,-1,-1,59795.88770866394,0.0,-1,-1,5251.4636516571045,1.0,2,3.0
gripperproblem_4_6_7_178__0,184.4339370727539,1.0,2,2,60093.07146072388,0.0,-1,-1,59456.08019828797,0.0,-1,-1,4651.548385620117,1.0,2,3.0
gripperproblem_4_6_7_179__0,194.8404312133789,1.0,2,2,60097.16439247131,0.0,-1,-1,59476.783752441406,0.0,-1,-1,4876.8310546875,1.0,2,3.0
gripperproblem_4_6_7_180__0,200.2584934234619,1.0,2,2,60099.34639930725,0.0,-1,-1,59231.03046417236,0.0,-1,-1,4582.496881484985,1.0,2,3.0
gripperproblem_4_6_7_181__0,184.2811107635498,1.0,2,2,60097.66483306885,0.0,-1,-1,59247.68304824829,0.0,-1,-1,4186.174392700195,1.0,2,3.0
gripperproblem_4_6_7_182__0,182.9378604888916,1.0,2,2,60121.745109558105,0.0,-1,-1,59377.49648094177,0.0,-1,-1,4689.025640487671,1.0,2,3.0
gripperproblem_4_6_7_183__0,181.14161491394043,1.0,2,2,60100.45313835144,0.0,-1,-1,59749.79281425476,0.0,-1,-1,4988.87300491333,1.0,2,3.0
gripperproblem_4_6_7_184__0,193.2334899902344,1.0,2,2,60103.24740409851,0.0,-1,-1,59804.37111854553,0.0,-1,-1,5267.694473266602,1.0,2,3.0
gripperproblem_4_6_7_185__0,190.1381015777588,1.0,2,2,60103.77073287964,0.0,-1,-1,59451.61271095276,0.0,-1,-1,4889.605283737183,1.0,2,3.0
gripperproblem_4_6_7_186__0,186.78689002990723,1.0,2,2,20703.07421684265,1.0,2,1,24758.919954299927,1.0,2,1,4408.389329910278,1.0,2,3.0
gripperproblem_4_6_7_187__0,181.6010475158692,1.0,2,2,60103.06167602539,0.0,-1,-1,59888.84878158569,0.0,-1,-1,4757.909774780273,1.0,2,3.0
gripperproblem_4_6_7_188__0,181.19478225708008,1.0,2,2,60101.38177871704,0.0,-1,-1,59662.105560302734,0.0,-1,-1,4844.253301620483,1.0,2,3.0
gripperproblem_4_6_7_189__0,175.95767974853516,1.0,2,2,60099.68018531799,0.0,-1,-1,59905.123233795166,0.0,-1,-1,5143.512010574341,1.0,2,3.0
gripperproblem_4_6_7_190__0,188.4019374847412,1.0,2,2,60105.04484176636,0.0,-1,-1,59988.74616622925,0.0,-1,-1,5124.879837036133,1.0,2,3.0
gripperproblem_4_6_7_191__0,178.8313388824463,1.0,2,2,60107.76019096375,0.0,-1,-1,59634.9515914917,0.0,-1,-1,4929.463863372803,1.0,2,3.0
gripperproblem_4_6_7_192__0,192.1374797821045,1.0,2,2,60112.58840560913,0.0,-1,-1,59471.09436988831,0.0,-1,-1,5062.471628189087,1.0,2,3.0
gripperproblem_4_6_7_193__0,189.53418731689453,1.0,2,2,60095.92318534851,0.0,-1,-1,59151.95560455322,0.0,-1,-1,4827.536344528198,1.0,2,3.0
gripperproblem_4_6_7_194__0,184.83901023864743,1.0,2,2,60097.25451469421,0.0,-1,-1,59525.81691741943,0.0,-1,-1,4932.690143585205,1.0,2,3.0
gripperproblem_4_6_7_195__0,200.861930847168,1.0,2,2,25920.169353485107,1.0,2,1,30121.9539642334,1.0,2,1,4402.267694473267,1.0,2,3.0
gripperproblem_4_6_7_196__0,188.3571147918701,1.0,2,2,60106.62913322449,0.0,-1,-1,59809.61537361145,0.0,-1,-1,4738.336563110352,1.0,2,3.0
gripperproblem_4_6_7_197__0,174.23367500305176,1.0,2,2,60103.1482219696,0.0,-1,-1,59626.6975402832,0.0,-1,-1,5077.7459144592285,1.0,2,3.0
gripperproblem_4_6_7_198__0,192.0263767242432,1.0,2,2,60085.87169647217,0.0,-1,-1,59496.58393859863,0.0,-1,-1,4520.8892822265625,1.0,2,3.0
gripperproblem_4_6_7_199__0,179.31652069091797,1.0,2,2,60102.7729511261,0.0,-1,-1,59648.826122283936,0.0,-1,-1,4773.888349533081,1.0,2,3.0
gripperproblem_4_6_7_200__0,171.79226875305176,1.0,2,2,5796.98920249939,1.0,2,1,9762.749433517456,1.0,2,1,4014.913320541382,1.0,2,3.0
gripperproblem_5_7_9_10__0,175.77767372131348,1.0,2,2,60094.10095214844,0.0,-1,-1,59679.88634109497,0.0,-1,-1,4811.131238937378,1.0,2,3.0
gripperproblem_5_7_9_11__0,191.24317169189453,1.0,2,2,60100.58927536011,0.0,-1,-1,60065.19174575806,0.0,-1,-1,4755.140066146851,1.0,2,3.0
gripperproblem_5_7_9_12__0,198.9843845367432,1.0,2,2,60118.81875991821,0.0,-1,-1,59640.18201828003,0.0,-1,-1,4529.11901473999,1.0,2,3.0
gripperproblem_5_7_9_13__0,190.9201145172119,1.0,2,2,60111.51313781738,0.0,-1,-1,59725.51059722901,0.0,-1,-1,5407.844543457031,1.0,2,3.0
gripperproblem_5_7_9_14__0,186.07330322265625,1.0,2,2,60094.87533569336,0.0,-1,-1,60206.28809928894,0.0,-1,-1,4134.522676467896,1.0,2,3.0
gripperproblem_5_7_9_15__0,217.12422370910645,1.0,2,2,60101.67455673218,0.0,-1,-1,59203.4695148468,0.0,-1,-1,4920.519113540649,1.0,2,3.0
gripperproblem_5_7_9_16__0,174.73793029785156,1.0,2,2,60106.94074630737,0.0,-1,-1,59325.97279548645,0.0,-1,-1,4703.479290008545,1.0,2,3.0
gripperproblem_5_7_9_17__0,184.4179630279541,1.0,2,2,60097.95355796814,0.0,-1,-1,59117.2034740448,0.0,-1,-1,4888.378858566284,1.0,2,3.0
gripperproblem_5_7_9_18__0,200.7088661193848,1.0,2,2,60097.4428653717,0.0,-1,-1,59526.74078941345,0.0,-1,-1,5025.335311889648,1.0,2,3.0
gripperproblem_5_7_9_19__0,205.81841468811035,1.0,2,2,60100.15606880188,0.0,-1,-1,59230.34858703613,0.0,-1,-1,5473.800182342529,1.0,2,3.0
gripperproblem_5_7_9_20__0,209.39064025878903,1.0,2,2,60105.17740249634,0.0,-1,-1,59826.68209075928,0.0,-1,-1,4856.014013290405,1.0,2,3.0
gripperproblem_5_7_9_5__0,198.14372062683103,1.0,2,2,60100.66223144531,0.0,-1,-1,59196.82049751282,0.0,-1,-1,4970.690965652466,1.0,2,3.0
hanoiproblem_10_100__0,191.9252872467041,1.0,2,2,2547.837734222412,1.0,2,1,6400.142669677734,1.0,2,1,4639.900922775269,1.0,2,3.0
hanoiproblem_10_101__0,187.0591640472412,1.0,2,2,1909.773111343384,1.0,2,1,6217.255592346191,1.0,2,1,4293.200969696045,1.0,2,3.0
hanoiproblem_10_102__0,201.8887996673584,1.0,2,2,1650.465965270996,1.0,2,1,5608.9465618133545,1.0,2,1,4650.279521942139,1.0,2,3.0
hanoiproblem_10_103__0,190.58656692504883,1.0,2,2,1550.8220195770264,1.0,2,1,5796.414136886597,1.0,2,1,4203.732967376709,1.0,2,3.0
hanoiproblem_10_104__0,196.20847702026367,1.0,2,2,1411.673069000244,1.0,2,1,6032.097101211548,1.0,2,1,7389.37783241272,1.0,2,1.0
hanoiproblem_10_105__0,221.94385528564453,1.0,2,2,1440.0620460510254,1.0,2,1,5538.477420806885,1.0,2,1,4241.964817047119,1.0,2,3.0
hanoiproblem_10_106__0,194.2012310028076,1.0,2,2,1489.6504878997805,1.0,2,1,5485.787630081177,1.0,2,1,7872.688055038452,1.0,2,1.0
hanoiproblem_10_107__0,209.61236953735352,1.0,2,2,1877.074956893921,1.0,2,1,5443.338871002197,1.0,2,1,4380.517721176148,1.0,2,3.0
hanoiproblem_10_108__0,213.1872177124024,1.0,2,2,3007.594585418701,1.0,2,1,6981.240272521973,1.0,2,1,4778.185606002808,1.0,2,3.0
hanoiproblem_10_109__0,191.0855770111084,1.0,2,2,42021.71063423157,1.0,2,1,45869.8947429657,1.0,2,1,4437.0880126953125,1.0,2,3.0
hanoiproblem_10_110__0,319.54503059387207,1.0,2,2,2116.126537322998,1.0,2,1,5818.208456039429,1.0,2,1,4647.551536560059,1.0,2,3.0
hanoiproblem_10_111__0,191.81156158447263,1.0,2,2,1559.0620040893557,1.0,2,1,6076.289892196655,1.0,2,1,4139.293909072876,1.0,2,3.0
hanoiproblem_10_112__0,190.4506683349609,1.0,2,2,1935.2927207946773,1.0,2,1,7074.047327041626,1.0,2,1,4343.08934211731,1.0,2,3.0
hanoiproblem_10_113__0,180.4332733154297,1.0,2,2,3411.4911556243896,1.0,2,1,7416.11647605896,1.0,2,1,4416.048526763916,1.0,2,3.0
hanoiproblem_10_114__0,184.2105388641357,1.0,2,2,1583.1069946289062,1.0,2,1,4854.856729507446,1.0,2,1,4397.913932800293,1.0,2,3.0
hanoiproblem_10_115__0,164.0915870666504,1.0,2,2,1909.5516204833984,1.0,2,1,7858.964681625366,1.0,2,1,4099.952936172485,1.0,2,3.0
hanoiproblem_10_116__0,176.12171173095703,1.0,2,2,2638.891696929932,1.0,2,1,5142.3516273498535,1.0,2,1,4487.689018249512,1.0,2,3.0
hanoiproblem_10_117__0,197.33715057373047,1.0,2,2,1411.5986824035645,1.0,2,1,5067.637205123901,1.0,2,1,4729.851722717285,1.0,2,3.0
hanoiproblem_10_118__0,208.45985412597656,1.0,2,2,1310.2798461914062,1.0,2,1,7703.372001647949,1.0,2,1,4042.229890823364,1.0,2,3.0
hanoiproblem_10_119__0,209.1481685638428,1.0,2,2,1455.4085731506348,1.0,2,1,5320.372581481934,1.0,2,1,4640.690326690674,1.0,2,3.0
hanoiproblem_6_101__0,3277.0116329193115,1.0,2,2,1559.4542026519775,1.0,2,1,5099.912643432617,1.0,2,1,8430.10926246643,1.0,2,1.0
hanoiproblem_6_102__0,2948.5130310058594,1.0,2,2,1304.5337200164795,1.0,2,1,5848.629713058472,1.0,2,1,5239.8974895477295,1.0,2,3.0
hanoiproblem_6_103__0,545.4518795013428,1.0,2,2,1344.8491096496582,1.0,2,1,5388.238906860352,1.0,2,1,4171.151876449585,1.0,2,3.0
hanoiproblem_6_104__0,2951.436758041382,1.0,2,2,1612.8523349761963,1.0,2,1,5982.80930519104,1.0,2,1,8263.665437698364,1.0,2,3.0
hanoiproblem_6_105__0,3075.634002685547,1.0,2,2,1459.8255157470703,1.0,2,1,6183.57253074646,1.0,2,1,8207.555294036865,1.0,2,3.0
hanoiproblem_6_106__0,2967.501163482666,1.0,2,2,1438.5180473327637,1.0,2,1,6656.090974807739,1.0,2,1,8083.622217178345,1.0,2,1.0
hanoiproblem_6_107__0,3039.5288467407227,1.0,2,2,1318.025827407837,1.0,2,1,6019.771337509155,1.0,2,1,4989.665746688843,0.0,-1,-1.0
hanoiproblem_6_108__0,3155.3611755371094,1.0,2,2,1427.0908832550049,1.0,2,1,5618.81947517395,1.0,2,1,5509.668827056885,0.0,-1,-1.0
hanoiproblem_6_109__0,2990.5807971954346,1.0,2,2,1463.262319564819,1.0,2,1,5249.941825866699,1.0,2,1,8054.998874664307,1.0,2,3.0
hanoiproblem_6_110__0,2994.7986602783203,1.0,2,2,1381.561040878296,1.0,2,1,5974.863052368164,1.0,2,1,7817.079067230225,1.0,2,3.0
hanoiproblem_6_111__0,3029.74009513855,1.0,2,2,1355.8521270751953,1.0,2,1,4803.401231765747,1.0,2,1,6731.255531311035,1.0,2,3.0
hanoiproblem_6_112__0,167.84906387329102,1.0,2,2,1300.7736206054688,1.0,2,1,4767.243385314941,1.0,2,1,3872.016906738281,1.0,2,3.0
hanoiproblem_6_113__0,2872.9724884033203,1.0,2,2,1549.9513149261477,1.0,2,1,5068.341970443726,1.0,2,1,5661.076307296753,0.0,-1,-1.0
hanoiproblem_6_114__0,3031.1079025268555,1.0,2,2,1514.1749382019043,1.0,2,1,5955.13916015625,1.0,2,1,9184.333562850952,1.0,2,3.0
hanoiproblem_6_115__0,2801.0082244873047,1.0,2,2,1527.7767181396484,1.0,2,1,6619.415283203125,1.0,2,1,6887.886047363281,0.0,-1,-1.0
hanoiproblem_6_116__0,2979.8502922058105,1.0,2,2,1574.5770931243896,1.0,2,1,7466.609716415405,1.0,2,1,7066.196203231812,0.0,-1,-1.0
hanoiproblem_6_117__0,3025.9311199188232,1.0,2,2,1505.512237548828,1.0,2,1,5900.846004486084,1.0,2,1,7905.561447143555,1.0,2,3.0
hanoiproblem_6_118__0,3116.0945892333984,1.0,2,2,1401.379108428955,1.0,2,1,6642.046451568604,1.0,2,1,8240.344285964966,1.0,2,3.0
hanoiproblem_6_119__0,3099.0381240844727,1.0,2,2,1570.1699256896973,1.0,2,1,6506.128787994385,1.0,2,1,8356.247425079346,1.0,2,3.0
hanoiproblem_6_120__0,2979.3953895568848,1.0,2,2,1629.4550895690918,1.0,2,1,8729.992389678955,1.0,2,1,6213.564395904541,0.0,-1,-1.0
hanoiproblem_6_121__0,3074.216365814209,1.0,2,2,1414.7603511810305,1.0,2,1,8307.76596069336,1.0,2,1,7864.529848098755,1.0,2,1.0
hanoiproblem_6_122__0,3067.885637283325,1.0,2,2,1357.5446605682373,1.0,2,1,6252.661943435669,1.0,2,1,6751.792669296265,1.0,2,3.0
hanoiproblem_6_123__0,3069.517135620117,1.0,2,2,1404.6833515167236,1.0,2,1,4647.814035415649,1.0,2,1,6067.604064941406,1.0,2,3.0
hanoiproblem_6_124__0,564.8300647735596,1.0,2,2,2027.709722518921,1.0,2,1,5402.753591537476,1.0,2,1,5700.807571411133,1.0,2,3.0
hanoiproblem_6_125__0,3042.1504974365234,1.0,2,2,1358.381748199463,1.0,2,1,5817.40927696228,1.0,2,1,7967.569589614868,1.0,2,3.0
hanoiproblem_6_126__0,3261.515140533448,1.0,2,2,1527.1453857421875,1.0,2,1,6898.225784301758,1.0,2,1,8123.742818832397,1.0,2,3.0
hanoiproblem_6_127__0,3002.203941345215,1.0,2,2,1420.2733039855957,1.0,2,1,6758.500099182129,1.0,2,1,8004.175424575806,1.0,2,3.0
hanoiproblem_6_128__0,3044.658899307251,1.0,2,2,1324.5704174041748,1.0,2,1,5467.348337173462,1.0,2,1,7663.132190704346,1.0,2,3.0
hanoiproblem_6_129__0,3359.9531650543213,1.0,2,2,1458.8284492492676,1.0,2,1,6080.919027328491,1.0,2,1,7875.157594680786,1.0,2,3.0
hanoiproblem_6_130__0,182.8796863555908,1.0,2,2,1234.3075275421145,1.0,2,1,4774.184226989746,1.0,2,1,3561.7382526397705,1.0,2,3.0
hanoiproblem_6_131__0,3180.556058883667,1.0,2,2,1738.415002822876,1.0,2,1,5739.753246307373,1.0,2,1,8271.591901779175,1.0,2,3.0
hanoiproblem_6_132__0,3207.566499710083,1.0,2,2,1575.6165981292725,1.0,2,1,6741.388559341431,1.0,2,1,8059.839963912964,1.0,2,3.0
hanoiproblem_6_133__0,3021.843671798706,1.0,2,2,1559.699535369873,1.0,2,1,6187.573671340942,1.0,2,1,9556.105136871338,1.0,2,3.0
hanoiproblem_6_134__0,2979.2027473449707,1.0,2,2,1251.1460781097412,1.0,2,1,5981.075286865234,1.0,2,1,5237.338066101074,0.0,-1,-1.0
hanoiproblem_6_135__0,3288.010597229004,1.0,2,2,1300.6126880645752,1.0,2,1,5677.835702896118,1.0,2,1,5494.50945854187,0.0,-1,-1.0
hanoiproblem_6_136__0,178.6949634552002,1.0,2,2,1278.7387371063232,1.0,2,1,4619.701862335205,1.0,2,1,3447.1280574798584,1.0,2,3.0
hanoiproblem_6_137__0,3118.0062294006348,1.0,2,2,1548.756122589111,1.0,2,1,5979.735851287842,1.0,2,1,7419.68035697937,1.0,2,3.0
hanoiproblem_6_138__0,162.13345527648926,1.0,2,2,1198.1332302093506,1.0,2,1,4508.305549621582,1.0,2,1,4390.867710113525,1.0,2,3.0
hanoiproblem_6_139__0,3181.391954421997,1.0,2,2,1339.972734451294,1.0,2,1,6299.612045288086,1.0,2,1,7697.416067123413,1.0,2,3.0
hanoiproblem_6_140__0,3132.3347091674805,1.0,2,2,1388.9849185943604,1.0,2,1,4807.4140548706055,1.0,2,1,6905.26556968689,1.0,2,3.0
hanoiproblem_6_141__0,3112.417697906494,1.0,2,2,1301.807165145874,1.0,2,1,5460.792064666748,1.0,2,1,7789.064645767212,1.0,2,3.0
hanoiproblem_6_142__0,3053.8010597229004,1.0,2,2,1597.1310138702393,1.0,2,1,7938.049793243408,1.0,2,1,8445.853233337402,1.0,2,3.0
hanoiproblem_6_143__0,2889.7900581359863,1.0,2,2,1442.8248405456543,1.0,2,1,5858.248710632324,1.0,2,1,8151.570320129394,1.0,2,1.0
hanoiproblem_6_144__0,2904.049634933472,1.0,2,2,1687.493085861206,1.0,2,1,5949.17893409729,1.0,2,1,9174.460649490356,1.0,2,3.0
hanoiproblem_6_145__0,3075.6077766418457,1.0,2,2,1394.4616317749023,1.0,2,1,7888.849258422852,1.0,2,1,7911.289930343628,1.0,2,1.0
hanoiproblem_6_146__0,3090.527534484864,1.0,2,2,1502.047777175903,1.0,2,1,6941.35594367981,1.0,2,1,6955.746650695801,0.0,-1,-1.0
hanoiproblem_6_147__0,2978.524684906006,1.0,2,2,1341.5720462799072,1.0,2,1,5181.700944900513,1.0,2,1,7410.262107849121,1.0,2,3.0
hanoiproblem_6_148__0,2997.0970153808594,1.0,2,2,1600.9628772735596,1.0,2,1,6400.09617805481,1.0,2,1,9045.892238616943,1.0,2,3.0
hanoiproblem_6_149__0,3153.088331222534,1.0,2,2,1378.8976669311523,1.0,2,1,6439.558744430542,1.0,2,1,7965.763568878174,1.0,2,3.0
hanoiproblem_6_150__0,212.55087852478027,1.0,2,2,1340.291976928711,1.0,2,1,4845.251083374023,1.0,2,1,4015.506029129028,1.0,2,3.0
hanoiproblem_6_151__0,3165.733575820923,1.0,2,2,1534.4257354736328,1.0,2,1,6091.256618499756,1.0,2,1,8300.673484802246,1.0,2,1.0
hanoiproblem_6_152__0,3074.401617050171,1.0,2,2,1250.6446838378906,1.0,2,1,5411.255598068237,1.0,2,1,6665.011167526245,1.0,2,3.0
hanoiproblem_6_153__0,3032.5210094451904,1.0,2,2,1316.8761730194092,1.0,2,1,6245.513200759888,1.0,2,1,6948.470592498779,1.0,2,3.0
hanoiproblem_6_154__0,2948.1513500213623,1.0,2,2,1442.138910293579,1.0,2,1,6999.44806098938,1.0,2,1,8384.340763092041,1.0,2,3.0
hanoiproblem_6_155__0,3011.6655826568604,1.0,2,2,1621.723175048828,1.0,2,1,5557.211875915527,1.0,2,1,6764.945507049561,1.0,2,3.0
hanoiproblem_6_156__0,3207.84854888916,1.0,2,2,1508.2805156707764,1.0,2,1,6446.81978225708,1.0,2,1,8738.49630355835,1.0,2,3.0
hanoiproblem_6_157__0,174.98397827148438,1.0,2,2,1237.293720245361,1.0,2,1,5023.14019203186,1.0,2,1,3771.503210067749,1.0,2,3.0
hanoiproblem_6_158__0,3167.957067489624,1.0,2,2,1561.762809753418,1.0,2,1,7762.730121612549,1.0,2,1,9377.963542938232,1.0,2,3.0
hanoiproblem_6_159__0,2973.7250804901123,1.0,2,2,1487.0598316192627,1.0,2,1,7235.363483428955,1.0,2,1,8594.346761703491,1.0,2,3.0
hanoiproblem_6_160__0,3090.5091762542725,1.0,2,2,1678.7421703338623,1.0,2,1,7111.387014389038,1.0,2,1,7203.1543254852295,1.0,2,3.0
hanoiproblem_6_161__0,2955.275535583496,1.0,2,2,1313.511848449707,1.0,2,1,5995.630741119385,1.0,2,1,8532.804250717163,1.0,2,3.0
hanoiproblem_6_162__0,2967.665910720825,1.0,2,2,1425.7135391235352,1.0,2,1,5125.976085662842,1.0,2,1,7313.045263290405,1.0,2,3.0
hanoiproblem_6_163__0,3252.626419067383,1.0,2,2,1492.0110702514648,1.0,2,1,6140.783786773682,1.0,2,1,8093.003749847412,1.0,2,3.0
hanoiproblem_6_164__0,3122.0078468322754,1.0,2,2,1426.6650676727295,1.0,2,1,5674.994230270386,1.0,2,1,4227.697134017944,0.0,-1,-1.0
hanoiproblem_6_165__0,2964.9083614349365,1.0,2,2,1350.4467010498047,1.0,2,1,5899.062395095825,1.0,2,1,4240.449666976929,0.0,-1,-1.0
hanoiproblem_6_166__0,3070.2872276306152,1.0,2,2,1330.8818340301514,1.0,2,1,6932.318925857544,1.0,2,1,8272.50623703003,1.0,2,1.0
hanoiproblem_6_167__0,3007.6498985290527,1.0,2,2,1509.9093914031982,1.0,2,1,6681.360721588135,1.0,2,1,5026.041269302368,0.0,-1,-1.0
hanoiproblem_6_168__0,3020.2441215515137,1.0,2,2,1542.931079864502,1.0,2,1,5686.488628387451,1.0,2,1,7332.683801651001,1.0,2,3.0
hanoiproblem_6_169__0,3126.2121200561523,1.0,2,2,1364.0568256378174,1.0,2,1,7903.477191925049,1.0,2,1,7759.110450744629,1.0,2,1.0
hanoiproblem_6_170__0,2937.469005584717,1.0,2,2,1543.342351913452,1.0,2,1,7449.87678527832,1.0,2,1,7472.530364990234,1.0,2,3.0
hanoiproblem_6_171__0,2892.838954925537,1.0,2,2,1457.5533866882324,1.0,2,1,5940.806865692139,1.0,2,1,8480.07869720459,1.0,2,3.0
hanoiproblem_6_172__0,2979.285955429077,1.0,2,2,1370.414972305298,1.0,2,1,5208.962440490723,1.0,2,1,9348.379611968994,1.0,2,3.0
hanoiproblem_6_173__0,2923.1019020080566,1.0,2,2,1458.1494331359863,1.0,2,1,6458.959579467773,1.0,2,1,7958.503246307373,1.0,2,3.0
hanoiproblem_6_174__0,3049.7822761535645,1.0,2,2,1508.845567703247,1.0,2,1,6087.891340255737,1.0,2,1,7973.116397857666,1.0,2,3.0
hanoiproblem_6_175__0,172.8525161743164,1.0,2,2,1315.7901763916016,1.0,2,1,5158.793210983276,1.0,2,1,4042.5865650177,0.0,-1,-1.0
hanoiproblem_6_176__0,3150.803565979004,1.0,2,2,1376.52587890625,1.0,2,1,5580.347776412964,1.0,2,1,7720.113754272461,1.0,2,3.0
hanoiproblem_6_177__0,3058.5410594940186,1.0,2,2,1358.2444190979004,1.0,2,1,5183.978080749512,1.0,2,1,4413.073301315308,1.0,2,3.0
hanoiproblem_6_178__0,2889.956474304199,1.0,2,2,1423.1257438659668,1.0,2,1,4884.310483932495,1.0,2,1,6496.399164199829,1.0,2,3.0
hanoiproblem_6_179__0,178.17211151123047,1.0,2,2,1320.9638595581057,1.0,2,1,4878.859519958496,1.0,2,1,3799.264430999756,1.0,2,3.0
hanoiproblem_6_180__0,3076.4968395233154,1.0,2,2,1616.602897644043,1.0,2,1,6087.042808532715,1.0,2,1,8718.037128448486,1.0,2,3.0
hanoiproblem_6_181__0,3186.731100082397,1.0,2,2,1403.3701419830322,1.0,2,1,7174.809217453003,1.0,2,1,9202.862024307253,1.0,2,3.0
hanoiproblem_6_182__0,175.97246170043945,1.0,2,2,1371.368169784546,1.0,2,1,5106.859922409058,1.0,2,1,3909.0261459350586,1.0,2,3.0
hanoiproblem_6_183__0,587.7358913421631,1.0,2,2,1177.7002811431885,1.0,2,1,5055.947780609131,1.0,2,1,4312.793731689453,0.0,-1,-1.0
hanoiproblem_6_184__0,3098.337888717652,1.0,2,2,1603.4774780273438,1.0,2,1,7734.558582305908,1.0,2,1,7800.608396530151,1.0,2,1.0
hanoiproblem_6_185__0,3022.9930877685547,1.0,2,2,1474.302053451538,1.0,2,1,7263.147592544556,1.0,2,1,8717.395305633545,1.0,2,3.0
hanoiproblem_6_186__0,2776.3144969940186,1.0,2,2,1540.46368598938,1.0,2,1,5523.296117782593,1.0,2,1,7165.216684341431,1.0,2,3.0
hanoiproblem_6_187__0,3027.4784564971924,1.0,2,2,1490.3404712677002,1.0,2,1,5851.525545120239,1.0,2,1,8056.204319000244,1.0,2,1.0
hanoiproblem_6_188__0,3061.471939086914,1.0,2,2,1556.8337440490725,1.0,2,1,6632.657766342163,1.0,2,1,8813.998222351074,1.0,2,3.0
hanoiproblem_6_189__0,3128.837823867798,1.0,2,2,1491.5101528167725,1.0,2,1,6842.336177825928,1.0,2,1,6928.471803665161,0.0,-1,-1.0
hanoiproblem_6_190__0,3149.384021759033,1.0,2,2,1379.8377513885498,1.0,2,1,5820.456981658936,1.0,2,1,4973.466396331787,0.0,-1,-1.0
hanoiproblem_6_191__0,3048.5429763793945,1.0,2,2,1362.4505996704102,1.0,2,1,5884.791612625122,1.0,2,1,9002.429485321045,1.0,2,3.0
hanoiproblem_6_192__0,159.09647941589355,1.0,2,2,1285.6853008270264,1.0,2,1,5106.270551681519,1.0,2,1,4025.3243446350098,1.0,2,3.0
hanoiproblem_6_193__0,2933.861017227173,1.0,2,2,1322.4852085113523,1.0,2,1,5799.689769744873,1.0,2,1,5305.655002593994,1.0,2,1.0
hanoiproblem_6_194__0,234.30967330932617,1.0,2,2,1184.023141860962,1.0,2,1,4944.982767105103,1.0,2,1,4339.605093002319,1.0,2,3.0
hanoiproblem_6_195__0,3034.952640533448,1.0,2,2,1471.3656902313232,1.0,2,1,6571.403026580811,1.0,2,1,5136.444807052612,0.0,-1,-1.0
hanoiproblem_6_196__0,3018.67151260376,1.0,2,2,1414.5545959472656,1.0,2,1,6720.436811447144,1.0,2,1,5343.118667602539,0.0,-1,-1.0
hanoiproblem_6_197__0,3073.657989501953,1.0,2,2,1655.1826000213623,1.0,2,1,6687.488317489624,1.0,2,1,5528.140306472778,0.0,-1,-1.0
hanoiproblem_6_198__0,2952.2905349731445,1.0,2,2,1392.620086669922,1.0,2,1,7746.856212615967,1.0,2,1,8230.988025665283,1.0,2,3.0
hanoiproblem_6_199__0,3094.266891479492,1.0,2,2,1293.4365272521973,1.0,2,1,6344.444274902344,1.0,2,1,5281.164646148682,1.0,2,3.0
hanoiproblem_6_200__0,3030.066967010498,1.0,2,2,1440.5062198638916,1.0,2,1,5564.138412475586,1.0,2,1,7801.897048950195,1.0,2,3.0
mixed-f10-p6-u0-v0-d0-a0-n0-A0-B0-N0-F0__0,184.049129486084,1.0,2,2,1440.1309490203855,1.0,2,1,9901.505708694458,1.0,2,1,4609.361171722412,1.0,1,
mixed-f10-p6-u0-v0-d0-a0-n0-A0-B0-N0-F0__1,170.81332206726074,1.0,2,2,1320.8553791046145,1.0,2,1,8535.186767578125,1.0,2,1,4580.915927886963,1.0,1,
mixed-f10-p6-u0-v0-d0-a0-n0-A0-B0-N0-F0__10,162.03546524047852,1.0,2,2,1345.8008766174316,1.0,2,1,8472.266674041748,1.0,2,1,4609.458684921265,1.0,1,
mixed-f10-p6-u0-v0-d0-a0-n0-A0-B0-N0-F0__11,169.90280151367188,1.0,2,2,1589.0710353851318,1.0,2,1,8363.370180130005,1.0,2,1,4346.408843994141,1.0,1,
mixed-f10-p6-u0-v0-d0-a0-n0-A0-B0-N0-F0__12,177.10399627685547,1.0,2,2,1316.6701793670654,1.0,2,1,8806.20265007019,1.0,2,1,4546.272277832031,1.0,1,
mixed-f10-p6-u0-v0-d0-a0-n0-A0-B0-N0-F0__13,164.62302207946777,1.0,2,2,1178.161859512329,1.0,2,1,9207.764148712158,1.0,2,1,4207.870006561279,1.0,1,
mixed-f10-p6-u0-v0-d0-a0-n0-A0-B0-N0-F0__14,186.2318515777588,1.0,2,2,1386.6426944732666,1.0,2,1,10733.865022659302,1.0,2,1,4535.584449768066,1.0,1,
mixed-f10-p6-u0-v0-d0-a0-n0-A0-B0-N0-F0__15,162.16087341308594,1.0,2,2,1415.3761863708496,1.0,2,1,10548.596382141111,1.0,2,1,4482.193470001221,1.0,1,
mixed-f10-p6-u0-v0-d0-a0-n0-A0-B0-N0-F0__16,172.11484909057617,1.0,2,2,1365.3042316436768,1.0,2,1,8836.298942565918,1.0,2,1,4461.722135543823,1.0,1,
mixed-f10-p6-u0-v0-d0-a0-n0-A0-B0-N0-F0__17,171.8146800994873,1.0,2,2,1319.0288543701172,1.0,2,1,10370.73040008545,1.0,2,1,4060.89448928833,1.0,1,
mixed-f10-p6-u0-v0-d0-a0-n0-A0-B0-N0-F0__18,167.5128936767578,1.0,2,2,1409.806728363037,1.0,2,1,10560.81247329712,1.0,2,1,4262.143135070801,1.0,1,
mixed-f10-p6-u0-v0-d0-a0-n0-A0-B0-N0-F0__19,191.6723251342773,1.0,2,2,1297.4047660827637,1.0,2,1,8664.543151855469,1.0,2,1,4569.811582565308,1.0,1,
mixed-f10-p6-u0-v0-d0-a0-n0-A0-B0-N0-F0__2,176.10502243041992,1.0,2,2,1430.140495300293,1.0,2,1,10720.440864562988,1.0,2,1,4544.468402862549,1.0,1,
mixed-f10-p6-u0-v0-d0-a0-n0-A0-B0-N0-F0__20,194.08345222473145,1.0,2,2,1327.5752067565918,1.0,2,1,10245.93424797058,1.0,2,1,4554.317951202393,1.0,1,
mixed-f10-p6-u0-v0-d0-a0-n0-A0-B0-N0-F0__21,213.8984203338623,1.0,2,2,1267.3795223236084,1.0,2,1,10661.187887191772,1.0,2,1,4477.824687957764,1.0,1,
mixed-f10-p6-u0-v0-d0-a0-n0-A0-B0-N0-F0__22,169.0678596496582,1.0,2,2,1422.9512214660645,1.0,2,1,10108.001947402954,1.0,2,1,4706.5935134887695,1.0,1,
mixed-f10-p6-u0-v0-d0-a0-n0-A0-B0-N0-F0__23,177.0932674407959,1.0,2,2,1336.8189334869385,1.0,2,1,8747.943639755249,1.0,2,1,4889.697551727295,1.0,2,3.0
mixed-f10-p6-u0-v0-d0-a0-n0-A0-B0-N0-F0__24,181.70738220214844,1.0,2,2,1286.7929935455322,1.0,2,1,9057.38353729248,1.0,2,1,4663.494110107422,1.0,1,
mixed-f10-p6-u0-v0-d0-a0-n0-A0-B0-N0-F0__25,195.91069221496585,1.0,2,2,1346.019268035889,1.0,2,1,8738.411903381348,1.0,2,1,4449.375629425049,1.0,1,
mixed-f10-p6-u0-v0-d0-a0-n0-A0-B0-N0-F0__26,185.34040451049805,1.0,2,2,1440.3247833251953,1.0,2,1,8904.927015304565,1.0,2,1,4443.208932876587,1.0,1,
mixed-f10-p6-u0-v0-d0-a0-n0-A0-B0-N0-F0__27,166.94927215576172,1.0,2,2,1344.8758125305176,1.0,2,1,8360.602140426636,1.0,2,1,4322.948217391968,1.0,1,
mixed-f10-p6-u0-v0-d0-a0-n0-A0-B0-N0-F0__28,162.40620613098145,1.0,2,2,1363.0893230438232,1.0,2,1,8660.564184188843,1.0,2,1,4214.294910430908,1.0,1,
mixed-f10-p6-u0-v0-d0-a0-n0-A0-B0-N0-F0__29,180.07636070251465,1.0,2,2,1326.0455131530762,1.0,2,1,8733.442783355713,1.0,2,1,4228.976011276245,1.0,1,
mixed-f10-p6-u0-v0-d0-a0-n0-A0-B0-N0-F0__3,169.3856716156006,1.0,2,2,1386.6443634033203,1.0,2,1,8803.597211837769,1.0,2,1,4283.882141113281,1.0,1,
mixed-f10-p6-u0-v0-d0-a0-n0-A0-B0-N0-F0__30,175.0349998474121,1.0,2,2,1310.166835784912,1.0,2,1,10279.041528701782,1.0,2,1,4448.276519775391,1.0,1,
mixed-f10-p6-u0-v0-d0-a0-n0-A0-B0-N0-F0__31,190.8860206604004,1.0,2,2,1418.734788894653,1.0,2,1,9025.407075881958,1.0,2,1,4327.608585357666,1.0,1,
mixed-f10-p6-u0-v0-d0-a0-n0-A0-B0-N0-F0__32,172.65677452087402,1.0,2,2,1399.4042873382568,1.0,2,1,8697.545766830444,1.0,2,1,4238.722801208496,1.0,1,
mixed-f10-p6-u0-v0-d0-a0-n0-A0-B0-N0-F0__33,183.86554718017572,1.0,2,2,1379.263162612915,1.0,2,1,9759.064435958862,1.0,2,1,4612.422227859497,1.0,1,
mixed-f10-p6-u0-v0-d0-a0-n0-A0-B0-N0-F0__34,180.9525489807129,1.0,2,2,1275.3572463989258,1.0,2,1,8642.553806304932,1.0,2,1,4098.448038101196,1.0,1,
mixed-f10-p6-u0-v0-d0-a0-n0-A0-B0-N0-F0__35,170.83978652954102,1.0,2,2,1281.059741973877,1.0,2,1,9816.357374191284,1.0,2,1,4647.200107574463,1.0,1,
mixed-f10-p6-u0-v0-d0-a0-n0-A0-B0-N0-F0__36,209.3484401702881,1.0,2,2,1275.1142978668213,1.0,2,1,8474.281549453735,1.0,2,1,4716.443300247192,1.0,1,
mixed-f10-p6-u0-v0-d0-a0-n0-A0-B0-N0-F0__37,155.6539535522461,1.0,2,2,1375.4913806915283,1.0,2,1,8758.99887084961,1.0,2,1,4455.220699310303,1.0,1,
mixed-f10-p6-u0-v0-d0-a0-n0-A0-B0-N0-F0__38,175.3854751586914,1.0,2,2,1378.1168460845947,1.0,2,1,10067.309141159058,1.0,2,1,4636.938810348511,1.0,1,
mixed-f10-p6-u0-v0-d0-a0-n0-A0-B0-N0-F0__39,170.7460880279541,1.0,2,2,1413.8927459716797,1.0,2,1,10773.79870414734,1.0,2,1,4793.477773666382,1.0,1,
mixed-f10-p6-u0-v0-d0-a0-n0-A0-B0-N0-F0__4,156.25524520874023,1.0,2,2,1287.4748706817627,1.0,2,1,10069.942951202393,1.0,2,1,4846.471071243286,1.0,1,
mixed-f10-p6-u0-v0-d0-a0-n0-A0-B0-N0-F0__40,170.9425449371338,1.0,2,2,1388.7689113616943,1.0,2,1,9041.346073150637,1.0,2,1,4228.288650512695,1.0,1,
mixed-f10-p6-u0-v0-d0-a0-n0-A0-B0-N0-F0__5,166.73946380615234,1.0,2,2,1328.744411468506,1.0,2,1,10083.724737167358,1.0,2,1,4538.459062576294,1.0,1,
mixed-f10-p6-u0-v0-d0-a0-n0-A0-B0-N0-F0__6,169.1122055053711,1.0,2,2,1229.6135425567627,1.0,2,1,8939.939975738525,1.0,2,1,4296.754121780396,1.0,1,
mixed-f10-p6-u0-v0-d0-a0-n0-A0-B0-N0-F0__7,158.91695022583008,1.0,2,2,1245.246410369873,1.0,2,1,8395.31135559082,1.0,2,1,4599.123001098633,1.0,1,
mixed-f10-p6-u0-v0-d0-a0-n0-A0-B0-N0-F0__8,160.01296043395996,1.0,2,2,1487.1487617492676,1.0,2,1,8811.21850013733,1.0,2,1,3945.281744003296,1.0,1,
mixed-f10-p6-u0-v0-d0-a0-n0-A0-B0-N0-F0__9,173.22731018066406,1.0,2,2,1277.9161930084229,1.0,2,1,8322.836875915527,1.0,2,1,4208.629131317139,1.0,1,
mixed-f6-p7-u0-v0-d0-a0-n0-A0-B0-N0-F0__0,172.82485961914062,1.0,2,2,1384.730339050293,1.0,2,1,8152.295827865601,1.0,2,1,4515.032768249512,1.0,2,3.0
mixed-f6-p7-u0-v0-d0-a0-n0-A0-B0-N0-F0__1,188.65036964416504,1.0,2,2,1427.2959232330322,1.0,2,1,7033.834934234619,1.0,2,1,4528.3362865448,1.0,1,
mixed-f6-p7-u0-v0-d0-a0-n0-A0-B0-N0-F0__10,189.00775909423828,1.0,2,2,1261.127233505249,1.0,2,1,7100.050210952759,1.0,2,1,4925.903797149658,1.0,2,3.0
mixed-f6-p7-u0-v0-d0-a0-n0-A0-B0-N0-F0__11,175.2622127532959,1.0,2,2,1142.6982879638672,1.0,2,1,7182.09433555603,1.0,2,1,4653.255939483643,1.0,1,
mixed-f6-p7-u0-v0-d0-a0-n0-A0-B0-N0-F0__12,172.4538803100586,1.0,2,2,1322.685956954956,1.0,2,1,7561.791181564331,1.0,2,1,4360.416412353516,1.0,1,
mixed-f6-p7-u0-v0-d0-a0-n0-A0-B0-N0-F0__13,179.03614044189453,1.0,2,2,1243.8971996307373,1.0,2,1,7115.318059921265,1.0,2,1,4496.712446212769,1.0,1,
mixed-f6-p7-u0-v0-d0-a0-n0-A0-B0-N0-F0__14,171.43988609313965,1.0,2,2,1292.3095226287842,1.0,2,1,8174.163579940796,1.0,2,1,4587.038993835449,1.0,1,
mixed-f6-p7-u0-v0-d0-a0-n0-A0-B0-N0-F0__15,166.15700721740723,1.0,2,2,1246.8700408935547,1.0,2,1,7212.2626304626465,1.0,2,1,4843.955993652344,1.0,2,3.0
mixed-f6-p7-u0-v0-d0-a0-n0-A0-B0-N0-F0__16,153.1987190246582,1.0,2,2,1254.6589374542236,1.0,2,1,8379.968881607056,1.0,2,1,4829.643726348877,1.0,1,
mixed-f6-p7-u0-v0-d0-a0-n0-A0-B0-N0-F0__17,208.5034847259521,1.0,2,2,1264.3404006958008,1.0,2,1,7238.176345825195,1.0,2,1,4641.461849212647,1.0,2,3.0
mixed-f6-p7-u0-v0-d0-a0-n0-A0-B0-N0-F0__18,177.73890495300293,1.0,2,2,1294.107437133789,1.0,2,1,8652.283191680908,1.0,2,1,4233.566045761108,1.0,1,
mixed-f6-p7-u0-v0-d0-a0-n0-A0-B0-N0-F0__19,169.43740844726562,1.0,2,2,1399.2924690246582,1.0,2,1,7065.244197845459,1.0,2,1,4429.441928863525,1.0,1,
mixed-f6-p7-u0-v0-d0-a0-n0-A0-B0-N0-F0__2,205.2097320556641,1.0,2,2,1252.8600692749023,1.0,2,1,7543.637037277222,1.0,2,1,4594.300270080566,1.0,1,
mixed-f6-p7-u0-v0-d0-a0-n0-A0-B0-N0-F0__20,187.09611892700195,1.0,2,2,1397.3066806793213,1.0,2,1,7016.594409942627,1.0,2,1,4354.515790939331,1.0,1,
mixed-f6-p7-u0-v0-d0-a0-n0-A0-B0-N0-F0__21,190.83690643310547,1.0,2,2,1329.5142650604248,1.0,2,1,7798.709869384766,1.0,2,1,4844.584226608276,1.0,1,
mixed-f6-p7-u0-v0-d0-a0-n0-A0-B0-N0-F0__22,170.7589626312256,1.0,2,2,1338.721513748169,1.0,2,1,8747.95913696289,1.0,2,1,4387.226343154907,1.0,1,
mixed-f6-p7-u0-v0-d0-a0-n0-A0-B0-N0-F0__23,182.0814609527588,1.0,2,2,1348.449945449829,1.0,2,1,7342.560291290283,1.0,2,1,4417.541742324829,1.0,1,
mixed-f6-p7-u0-v0-d0-a0-n0-A0-B0-N0-F0__24,164.37697410583496,1.0,2,2,1402.7175903320312,1.0,2,1,9179.409980773926,1.0,2,1,4436.389923095703,1.0,1,
mixed-f6-p7-u0-v0-d0-a0-n0-A0-B0-N0-F0__25,190.50121307373047,1.0,2,2,1231.450080871582,1.0,2,1,7292.685270309448,1.0,2,1,4657.609939575195,1.0,1,
mixed-f6-p7-u0-v0-d0-a0-n0-A0-B0-N0-F0__26,178.4074306488037,1.0,2,2,1243.1435585021973,1.0,2,1,7752.858400344849,1.0,2,1,4513.262987136841,1.0,1,
mixed-f6-p7-u0-v0-d0-a0-n0-A0-B0-N0-F0__27,194.6113109588623,1.0,2,2,1432.326078414917,1.0,2,1,7218.289375305176,1.0,2,1,4362.859964370728,1.0,1,
mixed-f6-p7-u0-v0-d0-a0-n0-A0-B0-N0-F0__28,171.53429985046387,1.0,2,2,1297.433376312256,1.0,2,1,7305.609703063965,1.0,2,1,4349.848985671997,1.0,1,
mixed-f6-p7-u0-v0-d0-a0-n0-A0-B0-N0-F0__29,182.1756362915039,1.0,2,2,1403.127670288086,1.0,2,1,7726.251125335693,1.0,2,1,4287.341117858887,1.0,1,
mixed-f6-p7-u0-v0-d0-a0-n0-A0-B0-N0-F0__3,196.83575630187988,1.0,2,2,1300.2638816833496,1.0,2,1,7385.633230209351,1.0,2,1,4463.622808456421,1.0,1,
mixed-f6-p7-u0-v0-d0-a0-n0-A0-B0-N0-F0__30,176.23329162597656,1.0,2,2,1402.967929840088,1.0,2,1,7337.033987045288,1.0,2,1,4758.321762084961,1.0,1,
mixed-f6-p7-u0-v0-d0-a0-n0-A0-B0-N0-F0__31,174.57938194274902,1.0,2,2,1287.6958847045898,1.0,2,1,8430.808305740356,1.0,2,1,4627.496004104614,1.0,1,
mixed-f6-p7-u0-v0-d0-a0-n0-A0-B0-N0-F0__32,170.16029357910156,1.0,2,2,1338.7575149536133,1.0,2,1,8249.688625335693,1.0,2,1,4537.670612335205,1.0,1,
mixed-f6-p7-u0-v0-d0-a0-n0-A0-B0-N0-F0__33,200.0946998596192,1.0,2,2,1472.754716873169,1.0,2,1,7415.811777114868,1.0,2,1,4249.4001388549805,1.0,1,
mixed-f6-p7-u0-v0-d0-a0-n0-A0-B0-N0-F0__34,183.7747097015381,1.0,2,2,1390.5696868896484,1.0,2,1,8360.035419464111,1.0,2,1,4424.283027648926,1.0,1,
mixed-f6-p7-u0-v0-d0-a0-n0-A0-B0-N0-F0__35,180.5722713470459,1.0,2,2,1364.0153408050537,1.0,2,1,8340.555429458618,1.0,2,1,4554.14080619812,1.0,1,
mixed-f6-p7-u0-v0-d0-a0-n0-A0-B0-N0-F0__36,194.11873817443848,1.0,2,2,1285.409450531006,1.0,2,1,7606.146812438965,1.0,2,1,4491.019010543823,1.0,1,
mixed-f6-p7-u0-v0-d0-a0-n0-A0-B0-N0-F0__37,175.22335052490234,1.0,2,2,1223.867893218994,1.0,2,1,7540.12131690979,1.0,2,1,4430.137634277344,1.0,1,
mixed-f6-p7-u0-v0-d0-a0-n0-A0-B0-N0-F0__38,185.5218410491944,1.0,2,2,1371.1166381835938,1.0,2,1,7328.948259353638,1.0,2,1,4632.025241851807,1.0,1,
mixed-f6-p7-u0-v0-d0-a0-n0-A0-B0-N0-F0__39,188.5828971862793,1.0,2,2,1267.4624919891355,1.0,2,1,8024.833917617798,1.0,2,1,4307.8932762146,1.0,1,
mixed-f6-p7-u0-v0-d0-a0-n0-A0-B0-N0-F0__4,185.76550483703613,1.0,2,2,1289.6289825439453,1.0,2,1,7462.346315383911,1.0,2,1,4368.514537811279,1.0,1,
mixed-f6-p7-u0-v0-d0-a0-n0-A0-B0-N0-F0__40,186.96308135986328,1.0,2,2,1364.3834590911863,1.0,2,1,7420.18985748291,1.0,2,1,4227.643489837647,1.0,1,
mixed-f6-p7-u0-v0-d0-a0-n0-A0-B0-N0-F0__41,174.92222785949707,1.0,2,2,1393.8348293304443,1.0,2,1,7456.540107727051,1.0,2,1,4406.92925453186,1.0,1,
mixed-f6-p7-u0-v0-d0-a0-n0-A0-B0-N0-F0__42,202.7294635772705,1.0,2,2,1352.1018028259275,1.0,2,1,7444.838523864746,1.0,2,1,4329.516887664795,1.0,1,
mixed-f6-p7-u0-v0-d0-a0-n0-A0-B0-N0-F0__43,201.58767700195312,1.0,2,2,1400.541067123413,1.0,2,1,8481.31513595581,1.0,2,1,4387.618541717529,1.0,1,
mixed-f6-p7-u0-v0-d0-a0-n0-A0-B0-N0-F0__44,186.8753433227539,1.0,2,2,1282.6523780822754,1.0,2,1,7614.943742752075,1.0,2,1,4580.631256103516,1.0,1,
mixed-f6-p7-u0-v0-d0-a0-n0-A0-B0-N0-F0__45,178.08914184570312,1.0,2,2,1430.0272464752195,1.0,2,1,7606.008291244507,1.0,2,1,4852.9253005981445,1.0,1,
mixed-f6-p7-u0-v0-d0-a0-n0-A0-B0-N0-F0__46,183.138370513916,1.0,2,2,1259.1218948364258,1.0,2,1,8071.036100387573,1.0,2,1,4509.497165679932,1.0,1,
mixed-f6-p7-u0-v0-d0-a0-n0-A0-B0-N0-F0__47,207.8843116760254,1.0,2,2,1392.4055099487305,1.0,2,1,7675.015687942505,1.0,2,1,4531.718730926514,1.0,1,
mixed-f6-p7-u0-v0-d0-a0-n0-A0-B0-N0-F0__48,163.48004341125488,1.0,2,2,1326.6143798828125,1.0,2,1,7464.03431892395,1.0,2,1,4422.749042510986,1.0,1,
mixed-f6-p7-u0-v0-d0-a0-n0-A0-B0-N0-F0__49,190.93704223632807,1.0,2,2,1271.4858055114746,1.0,2,1,7540.622711181641,1.0,2,1,4441.219329833984,1.0,1,
mixed-f6-p7-u0-v0-d0-a0-n0-A0-B0-N0-F0__5,181.8664073944092,1.0,2,2,1446.9332695007324,1.0,2,1,7310.648679733276,1.0,2,1,4461.899757385254,1.0,1,
mixed-f6-p7-u0-v0-d0-a0-n0-A0-B0-N0-F0__50,172.88851737976074,1.0,2,2,1356.623888015747,1.0,2,1,7292.113542556763,1.0,2,1,4351.075410842896,1.0,1,
mixed-f6-p7-u0-v0-d0-a0-n0-A0-B0-N0-F0__51,168.03503036499023,1.0,2,2,1222.6781845092771,1.0,2,1,7471.99821472168,1.0,2,1,4340.918064117432,1.0,1,
mixed-f6-p7-u0-v0-d0-a0-n0-A0-B0-N0-F0__52,197.75724411010745,1.0,2,2,1262.7205848693848,1.0,2,1,7448.654651641846,1.0,2,1,4312.376499176025,1.0,1,
mixed-f6-p7-u0-v0-d0-a0-n0-A0-B0-N0-F0__53,193.36557388305664,1.0,2,2,1421.220302581787,1.0,2,1,7646.440029144287,1.0,2,1,4557.447910308838,1.0,1,
mixed-f6-p7-u0-v0-d0-a0-n0-A0-B0-N0-F0__54,197.8585720062256,1.0,2,2,1376.760721206665,1.0,2,1,7498.361825942993,1.0,2,1,4952.534198760986,1.0,1,
mixed-f6-p7-u0-v0-d0-a0-n0-A0-B0-N0-F0__55,189.06903266906733,1.0,2,2,1389.4884586334229,1.0,2,1,7269.978046417236,1.0,2,1,4556.904554367065,1.0,1,
mixed-f6-p7-u0-v0-d0-a0-n0-A0-B0-N0-F0__56,186.14625930786133,1.0,2,2,1421.0872650146484,1.0,2,1,8157.302379608154,1.0,2,1,4257.20477104187,1.0,1,
mixed-f6-p7-u0-v0-d0-a0-n0-A0-B0-N0-F0__57,193.01486015319824,1.0,2,2,1372.3037242889404,1.0,2,1,7799.853563308716,1.0,2,1,4514.323949813843,1.0,1,
mixed-f6-p7-u0-v0-d0-a0-n0-A0-B0-N0-F0__58,200.1159191131592,1.0,2,2,1258.7552070617676,1.0,2,1,8481.220245361328,1.0,2,1,4541.593551635742,1.0,1,
mixed-f6-p7-u0-v0-d0-a0-n0-A0-B0-N0-F0__6,175.14657974243164,1.0,2,2,1462.85080909729,1.0,2,1,7483.515977859497,1.0,2,1,4283.371686935425,1.0,1,
mixed-f6-p7-u0-v0-d0-a0-n0-A0-B0-N0-F0__7,204.495906829834,1.0,2,2,1221.261978149414,1.0,2,1,6986.716747283936,1.0,2,1,4502.028465270996,1.0,1,
mixed-f6-p7-u0-v0-d0-a0-n0-A0-B0-N0-F0__8,165.62461853027344,1.0,2,2,1257.6606273651123,1.0,2,1,7625.150680541992,1.0,2,1,4660.855293273926,1.0,1,
mixed-f6-p7-u0-v0-d0-a0-n0-A0-B0-N0-F0__9,150.78186988830566,1.0,2,2,1324.669599533081,1.0,2,1,8121.662855148315,1.0,2,1,4386.030912399292,1.0,1,
zBWproblem_10_91__0,190.09041786193848,1.0,2,2,1328.9954662322998,1.0,2,1,4921.523571014404,1.0,2,1,4097.696781158447,1.0,2,3.0
zBWproblem_10_92__0,194.1626071929932,1.0,2,2,2099.4467735290527,1.0,2,1,6427.606821060181,1.0,2,1,4361.355543136597,1.0,2,3.0
zBWproblem_10_93__0,178.03215980529785,1.0,2,2,1466.091871261597,1.0,2,1,6182.679176330566,1.0,2,1,3944.654703140259,1.0,2,3.0
zBWproblem_10_94__0,172.64342308044434,1.0,2,2,1554.180383682251,1.0,2,1,5430.932283401489,1.0,2,1,4569.430351257324,1.0,2,3.0
zBWproblem_10_95__0,206.4316272735596,1.0,2,2,1396.6479301452637,1.0,2,1,5759.104013442993,1.0,2,1,4554.635524749756,1.0,2,3.0
zBWproblem_10_96__0,199.4760036468506,1.0,2,2,4342.6384925842285,1.0,2,1,8591.535329818726,1.0,2,1,4866.066694259644,0.0,-1,-1.0
zBWproblem_10_97__0,186.77592277526853,1.0,2,2,6008.206367492676,1.0,2,1,10140.32816886902,1.0,2,1,4033.4768295288086,1.0,2,3.0
zBWproblem_10_98__0,206.45499229431152,1.0,2,2,2992.610454559326,1.0,2,1,8328.071594238281,1.0,2,1,5145.8892822265625,1.0,2,3.0
zBWproblem_10_99__0,176.81074142456055,1.0,2,2,1375.7994174957275,1.0,2,1,5970.985651016235,1.0,2,1,4772.619962692261,1.0,2,3.0
zBWproblem_12_10__0,200.6323337554932,1.0,2,2,2850.1455783843994,1.0,2,1,6906.473875045776,1.0,2,1,6977.966785430908,1.0,2,1.0
zBWproblem_12_11__0,208.67085456848145,1.0,2,2,8308.795928955078,1.0,2,1,12445.180654525757,1.0,2,1,13256.508588790894,1.0,2,1.0
zBWproblem_12_12__0,176.5725612640381,1.0,2,2,60095.81112861633,0.0,-1,-1,60066.083908081055,0.0,-1,-1,4776.371479034424,1.0,2,3.0
zBWproblem_12_13__0,269.92106437683105,1.0,2,2,1645.545244216919,1.0,2,1,5823.592901229858,1.0,2,1,5443.271398544312,1.0,2,1.0
zBWproblem_12_14__0,196.40612602233887,1.0,2,2,5759.535551071167,1.0,2,1,11422.740936279297,1.0,2,1,9874.393224716188,1.0,2,1.0
zBWproblem_12_15__0,168.320894241333,1.0,2,2,60089.67208862305,0.0,-1,-1,59208.18448066712,0.0,-1,-1,5826.451063156128,1.0,2,3.0
zBWproblem_12_16__0,232.924222946167,1.0,2,2,60101.81784629822,0.0,-1,-1,59921.98586463928,0.0,-1,-1,4441.050291061401,1.0,2,3.0
zBWproblem_12_17__0,188.7402534484864,1.0,2,2,60094.13695335388,0.0,-1,-1,59302.98185348511,0.0,-1,-1,59217.58985519409,0.0,-1,-1.0
zBWproblem_12_18__0,183.5193634033203,1.0,2,2,2387.2668743133545,1.0,2,1,7798.656702041626,1.0,2,1,4533.5373878479,1.0,2,3.0
zBWproblem_12_19__0,190.8798217773437,1.0,2,2,11394.941091537476,1.0,2,1,15174.537420272827,1.0,2,1,4103.589773178101,1.0,2,3.0
zBWproblem_12_1__0,235.81886291503903,1.0,2,2,1311.985969543457,1.0,2,1,4930.237531661987,1.0,2,1,4861.287355422974,1.0,2,3.0
zBWproblem_12_20__0,199.56064224243164,1.0,2,2,60101.65190696716,0.0,-1,-1,59919.5761680603,0.0,-1,-1,4466.046333312988,1.0,2,3.0
zBWproblem_12_21__0,194.46277618408203,1.0,2,2,1392.7741050720217,1.0,2,1,6981.126070022583,1.0,2,1,4500.670671463013,1.0,2,3.0
zBWproblem_12_22__0,188.94052505493164,1.0,2,2,1480.7865619659424,1.0,2,1,5646.354675292969,1.0,2,1,4317.274808883667,1.0,2,3.0
zBWproblem_12_23__0,185.63127517700195,1.0,2,2,60101.21893882752,0.0,-1,-1,59196.48241996765,0.0,-1,-1,5043.771982192993,1.0,2,3.0
zBWproblem_12_24__0,202.8770446777344,1.0,2,2,22869.097471237183,1.0,2,1,26285.57109832764,1.0,2,1,4496.817350387573,1.0,2,3.0
zBWproblem_12_25__0,173.24233055114746,1.0,2,2,60104.405641555786,0.0,-1,-1,59764.55354690552,0.0,-1,-1,4428.870916366577,1.0,2,3.0
zBWproblem_12_26__0,247.06697463989252,1.0,2,2,18261.99126243592,1.0,2,1,24079.61368560791,1.0,2,1,5085.091352462769,1.0,2,3.0
zBWproblem_12_27__0,179.29768562316897,1.0,2,2,9651.169061660768,1.0,2,1,13468.425989151,1.0,2,1,14734.647750854492,1.0,2,1.0
zBWproblem_12_28__0,234.04884338378903,1.0,2,2,28537.41431236267,1.0,2,1,34338.38701248169,1.0,2,1,7017.397403717041,1.0,2,3.0
zBWproblem_12_29__0,204.93483543396,1.0,2,2,12222.103834152222,1.0,2,1,16751.124382019043,1.0,2,1,4532.737255096436,1.0,2,3.0
zBWproblem_12_2__0,180.64618110656733,1.0,2,2,5762.330532073975,1.0,2,1,10246.522188186646,1.0,2,1,4846.023321151733,1.0,2,3.0
zBWproblem_12_30__0,213.13834190368647,1.0,2,2,7049.307823181152,1.0,2,1,11170.019388198853,1.0,2,1,4330.722093582153,1.0,2,3.0
zBWproblem_12_31__0,182.041883468628,1.0,2,2,7094.29931640625,1.0,2,1,11271.286964416504,1.0,2,1,10958.44340324402,1.0,2,1.0
zBWproblem_12_32__0,173.5515594482422,1.0,2,2,60111.91415786743,0.0,-1,-1,59323.51207733154,0.0,-1,-1,4397.498846054077,1.0,2,3.0
zBWproblem_12_33__0,198.4736919403076,1.0,2,2,50033.70499610901,1.0,2,1,55072.86357879639,1.0,2,1,55180.71389198303,1.0,2,1.0
zBWproblem_12_34__0,175.4446029663086,1.0,2,2,60095.00479698181,0.0,-1,-1,59699.631452560425,0.0,-1,-1,59447.351694107056,0.0,-1,-1.0
zBWproblem_12_35__0,202.9318809509277,1.0,2,2,55157.03320503235,1.0,2,1,59794.5568561554,0.0,-1,-1,4396.026372909546,1.0,2,3.0
zBWproblem_12_36__0,240.8461570739746,1.0,2,2,1620.6483840942385,1.0,2,1,5968.912601470947,1.0,2,1,4557.299852371216,1.0,2,3.0
zBWproblem_12_37__0,282.3975086212158,1.0,2,2,1706.4619064331057,1.0,2,1,5931.766510009766,1.0,2,1,6204.293489456177,1.0,2,1.0
zBWproblem_12_38__0,198.29225540161133,1.0,2,2,60108.227252960205,0.0,-1,-1,59607.62906074524,0.0,-1,-1,4572.257041931152,1.0,2,3.0
zBWproblem_12_39__0,175.61984062194824,1.0,2,2,1564.5208358764648,1.0,2,1,9172.399997711182,1.0,2,1,4856.787443161011,1.0,2,3.0
zBWproblem_12_3__0,234.452486038208,1.0,2,2,14339.625597000122,1.0,2,1,18381.064891815186,1.0,2,1,4591.619729995728,1.0,2,3.0
zBWproblem_12_40__0,200.6478309631348,1.0,2,2,5156.371593475342,1.0,2,1,9655.65276145935,1.0,2,1,4460.21842956543,1.0,2,3.0
zBWproblem_12_41__0,207.5209617614746,1.0,2,2,26262.68243789673,1.0,2,1,30010.849237442017,1.0,2,1,4199.426651000977,1.0,2,3.0
zBWproblem_12_42__0,194.4270133972168,1.0,2,2,60097.06354141235,0.0,-1,-1,59983.70265960693,0.0,-1,-1,4780.066728591919,1.0,2,3.0
zBWproblem_12_43__0,203.8261890411377,1.0,2,2,60109.604358673096,0.0,-1,-1,59220.51024436951,0.0,-1,-1,59138.7312412262,0.0,-1,-1.0
zBWproblem_12_44__0,194.814682006836,1.0,2,2,5160.646200180054,1.0,2,1,12122.172355651855,1.0,2,1,4522.939205169678,1.0,2,3.0
zBWproblem_12_45__0,188.9145374298096,1.0,2,2,59800.04835128784,1.0,2,1,59135.294914245605,0.0,-1,-1,4484.789848327637,1.0,2,3.0
zBWproblem_12_46__0,232.271671295166,1.0,2,2,3182.939052581787,1.0,2,1,7321.165084838867,1.0,2,1,6798.142194747925,1.0,2,3.0
zBWproblem_12_47__0,263.52500915527344,1.0,2,2,60100.29745101929,0.0,-1,-1,59216.09306335449,0.0,-1,-1,59210.42895317078,0.0,-1,-1.0
zBWproblem_12_48__0,201.60269737243647,1.0,2,2,60099.48945045471,0.0,-1,-1,59759.07492637634,0.0,-1,-1,4150.529146194458,1.0,2,3.0
zBWproblem_12_49__0,211.11631393432617,1.0,2,2,55860.2192401886,1.0,2,1,59403.33557128906,0.0,-1,-1,4717.181205749512,1.0,2,3.0
zBWproblem_12_4__0,177.8571605682373,1.0,2,2,20687.58201599121,1.0,2,1,25363.109827041622,1.0,2,1,4527.204513549805,1.0,2,3.0
zBWproblem_12_50__0,184.43727493286133,1.0,2,2,2691.134214401245,1.0,2,1,7408.965110778809,1.0,2,1,4988.385677337647,1.0,2,3.0
zBWproblem_12_51__0,226.21512413024905,1.0,2,2,60092.031717300415,0.0,-1,-1,59565.78326225281,0.0,-1,-1,4366.190433502197,1.0,2,3.0
zBWproblem_12_52__0,202.4590969085693,1.0,2,2,4108.933687210083,1.0,2,1,8366.145849227905,1.0,2,1,4567.16775894165,0.0,-1,-1.0
zBWproblem_12_53__0,207.3161602020264,1.0,2,2,1575.9649276733398,1.0,2,1,5812.681198120117,1.0,2,1,4352.30565071106,1.0,2,3.0
zBWproblem_12_54__0,199.418306350708,1.0,2,2,43749.25398826599,1.0,2,1,47728.58738899231,1.0,2,1,5138.865232467651,1.0,2,3.0
zBWproblem_12_55__0,182.462215423584,1.0,2,2,60102.834701538086,0.0,-1,-1,59141.902685165405,0.0,-1,-1,4780.1194190979,1.0,2,3.0
zBWproblem_12_56__0,182.92999267578125,1.0,2,2,60109.32159423828,0.0,-1,-1,59385.28251647949,0.0,-1,-1,59941.54596328735,0.0,-1,-1.0
zBWproblem_12_57__0,170.61662673950195,1.0,2,2,7326.191902160644,1.0,2,1,13860.980033874512,1.0,2,1,4368.273019790649,1.0,2,3.0
zBWproblem_12_58__0,216.59064292907715,1.0,2,2,60105.140924453735,0.0,-1,-1,59177.09708213806,0.0,-1,-1,4151.05938911438,1.0,2,3.0
zBWproblem_12_59__0,189.0695095062256,1.0,2,2,4407.509326934814,1.0,2,1,8406.135082244873,1.0,2,1,4551.393270492554,1.0,2,3.0
zBWproblem_12_5__0,200.0186443328857,1.0,2,2,1821.4619159698489,1.0,2,1,7033.475637435913,1.0,2,1,6061.095714569092,1.0,2,1.0
zBWproblem_12_60__0,211.5795612335205,1.0,2,2,12511.382579803469,1.0,2,1,19305.796146392822,1.0,2,1,4487.03145980835,1.0,2,3.0
zBWproblem_12_61__0,179.18658256530762,1.0,2,2,1278.221845626831,1.0,2,1,8362.474918365479,1.0,2,1,4492.144823074341,1.0,2,3.0
zBWproblem_12_63__0,193.68362426757807,1.0,2,2,38237.40315437317,1.0,2,1,44511.44194602966,1.0,2,1,45387.455224990845,1.0,2,1.0
zBWproblem_12_64__0,206.8483829498291,1.0,2,2,1419.2392826080322,1.0,2,1,6418.877363204956,1.0,2,1,4352.930545806885,1.0,2,3.0
zBWproblem_12_65__0,200.9291648864746,1.0,2,2,1554.1777610778809,1.0,2,1,7421.270132064819,1.0,2,1,5715.506553649902,1.0,2,3.0
zBWproblem_12_66__0,201.72572135925293,1.0,2,2,5898.343563079834,1.0,2,1,9803.120136260986,1.0,2,1,10329.532623291016,1.0,2,1.0
zBWproblem_12_67__0,188.97199630737305,1.0,2,2,1840.182065963745,1.0,2,1,6218.220233917236,1.0,2,1,3977.9069423675537,1.0,2,3.0
zBWproblem_12_68__0,199.5532512664795,1.0,2,2,60106.41169548035,0.0,-1,-1,59882.7748298645,0.0,-1,-1,4136.937141418457,1.0,2,3.0
zBWproblem_12_69__0,186.20014190673828,1.0,2,2,60125.56767463684,0.0,-1,-1,59163.44475746155,0.0,-1,-1,3923.6481189727774,1.0,2,3.0
zBWproblem_12_6__0,208.8487148284912,1.0,2,2,4271.409749984741,1.0,2,1,8015.544414520264,1.0,2,1,4736.004829406738,1.0,2,3.0
zBWproblem_12_70__0,178.81536483764648,1.0,2,2,10110.843420028688,1.0,2,1,14015.21348953247,1.0,2,1,14805.598974227903,1.0,2,1.0
zBWproblem_12_77__0,206.4666748046875,1.0,2,2,4541.138887405396,1.0,2,1,8299.473762512207,1.0,2,1,5007.477760314941,1.0,2,3.0
zBWproblem_12_7__0,214.07818794250488,1.0,2,2,8074.68581199646,1.0,2,1,12459.117889404297,1.0,2,1,12161.5891456604,1.0,2,1.0
zBWproblem_12_8__0,185.7151985168457,1.0,2,2,1876.107931137085,1.0,2,1,8420.074462890625,1.0,2,1,4741.47367477417,1.0,2,3.0
zBWproblem_12_9__0,229.4039726257324,1.0,2,2,1735.487699508667,1.0,2,1,5777.728080749512,1.0,2,1,4140.233993530273,0.0,-1,-1.0
