Name,Time-LPG,Corr-LPG,Sys-LPG,Planner-LPG
ferry-l6-c6__0,235.5499267578125,1.0,2,2
ferry-l6-c6__1,166.27931594848633,1.0,2,2
ferry-l6-c6__10,157.84311294555664,1.0,2,2
ferry-l6-c6__11,194.1044330596924,1.0,2,2
ferry-l6-c6__12,178.73358726501465,1.0,2,2
ferry-l6-c6__13,173.24328422546387,1.0,2,2
ferry-l6-c6__14,177.47092247009277,1.0,2,2
ferry-l6-c6__15,195.2681541442871,1.0,2,2
ferry-l6-c6__16,155.55739402770996,1.0,2,2
ferry-l6-c6__17,174.44562911987305,1.0,2,2
ferry-l6-c6__18,180.4451942443848,1.0,2,2
ferry-l6-c6__19,180.08780479431152,1.0,2,2
ferry-l6-c6__2,168.61581802368164,1.0,2,2
ferry-l6-c6__20,175.3745079040527,1.0,2,2
ferry-l6-c6__21,169.65365409851074,1.0,2,2
ferry-l6-c6__22,184.18622016906735,1.0,2,2
ferry-l6-c6__23,176.24258995056152,1.0,2,2
ferry-l6-c6__24,182.7380657196045,1.0,2,2
ferry-l6-c6__25,192.457914352417,1.0,2,2
ferry-l6-c6__26,163.47503662109375,1.0,2,2
ferry-l6-c6__27,159.7611904144287,1.0,2,2
ferry-l6-c6__28,179.91137504577637,1.0,2,2
ferry-l6-c6__29,178.40266227722168,1.0,2,2
ferry-l6-c6__3,196.0620880126953,1.0,2,2
ferry-l6-c6__30,170.3195571899414,1.0,2,2
ferry-l6-c6__31,154.33120727539062,1.0,2,2
ferry-l6-c6__32,170.64809799194336,1.0,2,2
ferry-l6-c6__33,161.93008422851562,1.0,2,2
ferry-l6-c6__34,167.95992851257324,1.0,2,2
ferry-l6-c6__35,183.17461013793945,1.0,2,2
ferry-l6-c6__36,171.28539085388184,1.0,2,2
ferry-l6-c6__37,172.90115356445312,1.0,2,2
ferry-l6-c6__38,178.9567470550537,1.0,2,2
ferry-l6-c6__39,179.35872077941897,1.0,2,2
ferry-l6-c6__4,167.8907871246338,1.0,2,2
ferry-l6-c6__40,160.83693504333496,1.0,2,2
ferry-l6-c6__41,177.12783813476562,1.0,2,2
ferry-l6-c6__42,164.07179832458496,1.0,2,2
ferry-l6-c6__43,179.0006160736084,1.0,2,2
ferry-l6-c6__44,202.25071907043457,1.0,2,2
ferry-l6-c6__45,183.3629608154297,1.0,2,2
ferry-l6-c6__46,163.24353218078613,1.0,2,2
ferry-l6-c6__47,172.02377319335938,1.0,2,2
ferry-l6-c6__48,193.33600997924805,1.0,2,2
ferry-l6-c6__49,195.22380828857425,1.0,2,2
ferry-l6-c6__5,168.63608360290527,1.0,2,2
ferry-l6-c6__50,181.5273761749268,1.0,2,2
ferry-l6-c6__51,167.0839786529541,1.0,2,2
ferry-l6-c6__52,177.03604698181152,1.0,2,2
ferry-l6-c6__53,205.84392547607425,1.0,2,2
ferry-l6-c6__54,166.0306453704834,1.0,2,2
ferry-l6-c6__55,166.8097972869873,1.0,2,2
ferry-l6-c6__56,154.50382232666016,1.0,2,2
ferry-l6-c6__57,174.27563667297363,1.0,2,2
ferry-l6-c6__58,173.87700080871582,1.0,2,2
ferry-l6-c6__59,169.0371036529541,1.0,2,2
ferry-l6-c6__6,166.13054275512695,1.0,2,2
ferry-l6-c6__60,172.36995697021484,1.0,2,2
ferry-l6-c6__61,208.79626274108887,1.0,2,2
ferry-l6-c6__62,160.95590591430664,1.0,2,2
ferry-l6-c6__63,176.25904083251953,1.0,2,2
ferry-l6-c6__64,170.49193382263184,1.0,2,2
ferry-l6-c6__65,178.66230010986328,1.0,2,2
ferry-l6-c6__66,170.20750045776367,1.0,2,2
ferry-l6-c6__67,194.58794593811035,1.0,2,2
ferry-l6-c6__68,183.97092819213867,1.0,2,2
ferry-l6-c6__69,194.9942111968994,1.0,2,2
ferry-l6-c6__7,187.3197555541992,1.0,2,2
ferry-l6-c6__70,201.74193382263184,1.0,2,2
ferry-l6-c6__71,193.1614875793457,1.0,2,2
ferry-l6-c6__72,163.38610649108887,1.0,2,2
ferry-l6-c6__73,158.25438499450684,1.0,2,2
ferry-l6-c6__74,185.3768825531006,1.0,2,2
ferry-l6-c6__75,168.23959350585938,1.0,2,2
ferry-l6-c6__76,179.64839935302734,1.0,2,2
ferry-l6-c6__77,189.58187103271484,1.0,2,2
ferry-l6-c6__78,198.6830234527588,1.0,2,2
ferry-l6-c6__79,215.7001495361328,1.0,2,2
ferry-l6-c6__8,174.70717430114746,1.0,2,2
ferry-l6-c6__80,160.68363189697266,1.0,2,2
ferry-l6-c6__81,176.12743377685547,1.0,2,2
ferry-l6-c6__82,158.68544578552246,1.0,2,2
ferry-l6-c6__83,187.36958503723145,1.0,2,2
ferry-l6-c6__84,165.3461456298828,1.0,2,2
ferry-l6-c6__85,185.60433387756348,1.0,2,2
ferry-l6-c6__86,213.88912200927732,1.0,2,2
ferry-l6-c6__87,181.66327476501465,1.0,2,2
ferry-l6-c6__88,187.28351593017575,1.0,2,2
ferry-l6-c6__89,184.65828895568848,1.0,2,2
ferry-l6-c6__9,161.50212287902832,1.0,2,2
ferry-l6-c6__90,160.69865226745603,1.0,2,2
ferry-l6-c6__91,185.4114532470703,1.0,2,2
ferry-l6-c6__92,183.38799476623532,1.0,2,2
ferry-l6-c6__93,167.47474670410156,1.0,2,2
ferry-l6-c6__94,174.77822303771973,1.0,2,2
ferry-l6-c6__95,182.9209327697754,1.0,2,2
ferry-l6-c6__96,161.81063652038574,1.0,2,2
ferry-l6-c6__97,178.30324172973633,1.0,2,2
ferry-l6-c6__98,172.1503734588623,1.0,2,2
ferry-l6-c6__99,179.4898509979248,1.0,2,2
gripperproblem_4_6_7_113__0,187.4079704284668,1.0,2,2
gripperproblem_4_6_7_114__0,171.04649543762207,1.0,2,2
gripperproblem_4_6_7_115__0,223.1731414794922,1.0,2,2
gripperproblem_4_6_7_116__0,183.25018882751465,1.0,2,2
gripperproblem_4_6_7_117__0,188.88568878173828,1.0,2,2
gripperproblem_4_6_7_118__0,194.01192665100095,1.0,2,2
gripperproblem_4_6_7_119__0,157.72318840026855,1.0,2,2
gripperproblem_4_6_7_120__0,178.8930892944336,1.0,2,2
gripperproblem_4_6_7_121__0,176.2239933013916,1.0,2,2
gripperproblem_4_6_7_122__0,216.33243560791016,1.0,2,2
gripperproblem_4_6_7_123__0,188.9743804931641,1.0,2,2
gripperproblem_4_6_7_124__0,189.82839584350583,1.0,2,2
gripperproblem_4_6_7_125__0,196.67482376098636,1.0,2,2
gripperproblem_4_6_7_126__0,170.46022415161133,1.0,2,2
gripperproblem_4_6_7_127__0,191.11251831054688,1.0,2,2
gripperproblem_4_6_7_128__0,189.220666885376,1.0,2,2
gripperproblem_4_6_7_129__0,195.3139305114746,1.0,2,2
gripperproblem_4_6_7_130__0,167.4947738647461,1.0,2,2
gripperproblem_4_6_7_131__0,171.02718353271484,1.0,2,2
gripperproblem_4_6_7_132__0,185.29319763183597,1.0,2,2
gripperproblem_4_6_7_133__0,186.83171272277832,1.0,2,2
gripperproblem_4_6_7_134__0,176.1338710784912,1.0,2,2
gripperproblem_4_6_7_135__0,176.4121055603027,1.0,2,2
gripperproblem_4_6_7_136__0,188.60721588134768,1.0,2,2
gripperproblem_4_6_7_137__0,167.1304702758789,1.0,2,2
gripperproblem_4_6_7_138__0,186.05828285217285,1.0,2,2
gripperproblem_4_6_7_139__0,215.9178256988525,1.0,2,2
gripperproblem_4_6_7_140__0,187.3340606689453,1.0,2,2
gripperproblem_4_6_7_141__0,183.78376960754397,1.0,2,2
gripperproblem_4_6_7_142__0,188.27009201049805,1.0,2,2
gripperproblem_4_6_7_143__0,185.530424118042,1.0,2,2
gripperproblem_4_6_7_144__0,159.52563285827637,1.0,2,2
gripperproblem_4_6_7_145__0,160.25233268737793,1.0,2,2
gripperproblem_4_6_7_146__0,171.41366004943848,1.0,2,2
gripperproblem_4_6_7_147__0,188.7943744659424,1.0,2,2
gripperproblem_4_6_7_148__0,184.9827766418457,1.0,2,2
gripperproblem_4_6_7_149__0,175.35400390625,1.0,2,2
gripperproblem_4_6_7_150__0,185.12392044067383,1.0,2,2
gripperproblem_4_6_7_151__0,188.51590156555176,1.0,2,2
gripperproblem_4_6_7_152__0,197.2537040710449,1.0,2,2
gripperproblem_4_6_7_153__0,167.62375831604004,1.0,2,2
gripperproblem_4_6_7_154__0,181.4663410186768,1.0,2,2
gripperproblem_4_6_7_155__0,173.53582382202148,1.0,2,2
gripperproblem_4_6_7_156__0,204.7080993652344,1.0,2,2
gripperproblem_4_6_7_157__0,186.97237968444824,1.0,2,2
gripperproblem_4_6_7_158__0,167.93084144592285,1.0,2,2
gripperproblem_4_6_7_159__0,178.91836166381836,1.0,2,2
gripperproblem_4_6_7_160__0,192.5370693206787,1.0,2,2
gripperproblem_4_6_7_161__0,208.1551551818848,1.0,2,2
gripperproblem_4_6_7_162__0,187.43133544921875,1.0,2,2
gripperproblem_4_6_7_163__0,192.1555995941162,1.0,2,2
gripperproblem_4_6_7_164__0,214.77198600769043,1.0,2,2
gripperproblem_4_6_7_165__0,199.28288459777832,1.0,2,2
gripperproblem_4_6_7_166__0,176.89204216003418,1.0,2,2
gripperproblem_4_6_7_167__0,198.79961013793945,1.0,2,2
gripperproblem_4_6_7_168__0,166.6891574859619,1.0,2,2
gripperproblem_4_6_7_169__0,193.5734748840332,1.0,2,2
gripperproblem_4_6_7_170__0,180.6032657623291,1.0,2,2
gripperproblem_4_6_7_171__0,164.92342948913574,1.0,2,2
gripperproblem_4_6_7_172__0,181.0593605041504,1.0,2,2
gripperproblem_4_6_7_173__0,200.9577751159668,1.0,2,2
gripperproblem_4_6_7_174__0,189.06354904174805,1.0,2,2
gripperproblem_4_6_7_175__0,200.90913772583008,1.0,2,2
gripperproblem_4_6_7_176__0,170.4394817352295,1.0,2,2
gripperproblem_4_6_7_177__0,188.8689994812012,1.0,2,2
gripperproblem_4_6_7_178__0,184.4339370727539,1.0,2,2
gripperproblem_4_6_7_179__0,194.8404312133789,1.0,2,2
gripperproblem_4_6_7_180__0,200.2584934234619,1.0,2,2
gripperproblem_4_6_7_181__0,184.2811107635498,1.0,2,2
gripperproblem_4_6_7_182__0,182.9378604888916,1.0,2,2
gripperproblem_4_6_7_183__0,181.14161491394043,1.0,2,2
gripperproblem_4_6_7_184__0,193.2334899902344,1.0,2,2
gripperproblem_4_6_7_185__0,190.1381015777588,1.0,2,2
gripperproblem_4_6_7_186__0,186.78689002990723,1.0,2,2
gripperproblem_4_6_7_187__0,181.60104751586917,1.0,2,2
gripperproblem_4_6_7_188__0,181.19478225708008,1.0,2,2
gripperproblem_4_6_7_189__0,175.95767974853516,1.0,2,2
gripperproblem_4_6_7_190__0,188.4019374847412,1.0,2,2
gripperproblem_4_6_7_191__0,178.8313388824463,1.0,2,2
gripperproblem_4_6_7_192__0,192.1374797821045,1.0,2,2
gripperproblem_4_6_7_193__0,189.53418731689453,1.0,2,2
gripperproblem_4_6_7_194__0,184.83901023864743,1.0,2,2
gripperproblem_4_6_7_195__0,200.861930847168,1.0,2,2
gripperproblem_4_6_7_196__0,188.3571147918701,1.0,2,2
gripperproblem_4_6_7_197__0,174.23367500305176,1.0,2,2
gripperproblem_4_6_7_198__0,192.0263767242432,1.0,2,2
gripperproblem_4_6_7_199__0,179.31652069091797,1.0,2,2
gripperproblem_4_6_7_200__0,171.79226875305176,1.0,2,2
gripperproblem_5_7_9_10__0,175.77767372131348,1.0,2,2
gripperproblem_5_7_9_11__0,191.24317169189453,1.0,2,2
gripperproblem_5_7_9_12__0,198.9843845367432,1.0,2,2
gripperproblem_5_7_9_13__0,190.9201145172119,1.0,2,2
gripperproblem_5_7_9_14__0,186.07330322265625,1.0,2,2
gripperproblem_5_7_9_15__0,217.12422370910645,1.0,2,2
gripperproblem_5_7_9_16__0,174.73793029785156,1.0,2,2
gripperproblem_5_7_9_17__0,184.4179630279541,1.0,2,2
gripperproblem_5_7_9_18__0,200.7088661193848,1.0,2,2
gripperproblem_5_7_9_19__0,205.81841468811035,1.0,2,2
gripperproblem_5_7_9_20__0,209.39064025878903,1.0,2,2
gripperproblem_5_7_9_5__0,198.14372062683103,1.0,2,2
hanoiproblem_10_100__0,191.9252872467041,1.0,2,2
hanoiproblem_10_101__0,187.0591640472412,1.0,2,2
hanoiproblem_10_102__0,201.8887996673584,1.0,2,2
hanoiproblem_10_103__0,190.58656692504883,1.0,2,2
hanoiproblem_10_104__0,196.20847702026367,1.0,2,2
hanoiproblem_10_105__0,221.94385528564453,1.0,2,2
hanoiproblem_10_106__0,194.2012310028076,1.0,2,2
hanoiproblem_10_107__0,209.61236953735352,1.0,2,2
hanoiproblem_10_108__0,213.18721771240237,1.0,2,2
hanoiproblem_10_109__0,191.0855770111084,1.0,2,2
hanoiproblem_10_110__0,319.54503059387207,1.0,2,2
hanoiproblem_10_111__0,191.81156158447263,1.0,2,2
hanoiproblem_10_112__0,190.4506683349609,1.0,2,2
hanoiproblem_10_113__0,180.4332733154297,1.0,2,2
hanoiproblem_10_114__0,184.2105388641357,1.0,2,2
hanoiproblem_10_115__0,164.0915870666504,1.0,2,2
hanoiproblem_10_116__0,176.12171173095703,1.0,2,2
hanoiproblem_10_117__0,197.33715057373047,1.0,2,2
hanoiproblem_10_118__0,208.45985412597656,1.0,2,2
hanoiproblem_10_119__0,209.1481685638428,1.0,2,2
hanoiproblem_6_101__0,3277.0116329193115,1.0,2,2
hanoiproblem_6_102__0,2948.5130310058594,1.0,2,2
hanoiproblem_6_103__0,545.4518795013428,1.0,2,2
hanoiproblem_6_104__0,2951.436758041382,1.0,2,2
hanoiproblem_6_105__0,3075.634002685547,1.0,2,2
hanoiproblem_6_106__0,2967.501163482666,1.0,2,2
hanoiproblem_6_107__0,3039.5288467407227,1.0,2,2
hanoiproblem_6_108__0,3155.3611755371094,1.0,2,2
hanoiproblem_6_109__0,2990.5807971954346,1.0,2,2
hanoiproblem_6_110__0,2994.7986602783203,1.0,2,2
hanoiproblem_6_111__0,3029.74009513855,1.0,2,2
hanoiproblem_6_112__0,167.84906387329102,1.0,2,2
hanoiproblem_6_113__0,2872.9724884033203,1.0,2,2
hanoiproblem_6_114__0,3031.1079025268555,1.0,2,2
hanoiproblem_6_115__0,2801.0082244873047,1.0,2,2
hanoiproblem_6_116__0,2979.8502922058105,1.0,2,2
hanoiproblem_6_117__0,3025.9311199188232,1.0,2,2
hanoiproblem_6_118__0,3116.0945892333984,1.0,2,2
hanoiproblem_6_119__0,3099.0381240844727,1.0,2,2
hanoiproblem_6_120__0,2979.3953895568848,1.0,2,2
hanoiproblem_6_121__0,3074.216365814209,1.0,2,2
hanoiproblem_6_122__0,3067.885637283325,1.0,2,2
hanoiproblem_6_123__0,3069.517135620117,1.0,2,2
hanoiproblem_6_124__0,564.8300647735596,1.0,2,2
hanoiproblem_6_125__0,3042.1504974365234,1.0,2,2
hanoiproblem_6_126__0,3261.5151405334477,1.0,2,2
hanoiproblem_6_127__0,3002.203941345215,1.0,2,2
hanoiproblem_6_128__0,3044.658899307251,1.0,2,2
hanoiproblem_6_129__0,3359.9531650543213,1.0,2,2
hanoiproblem_6_130__0,182.8796863555908,1.0,2,2
hanoiproblem_6_131__0,3180.556058883667,1.0,2,2
hanoiproblem_6_132__0,3207.566499710083,1.0,2,2
hanoiproblem_6_133__0,3021.843671798706,1.0,2,2
hanoiproblem_6_134__0,2979.2027473449707,1.0,2,2
hanoiproblem_6_135__0,3288.010597229004,1.0,2,2
hanoiproblem_6_136__0,178.6949634552002,1.0,2,2
hanoiproblem_6_137__0,3118.0062294006348,1.0,2,2
hanoiproblem_6_138__0,162.13345527648926,1.0,2,2
hanoiproblem_6_139__0,3181.391954421997,1.0,2,2
hanoiproblem_6_140__0,3132.3347091674805,1.0,2,2
hanoiproblem_6_141__0,3112.417697906494,1.0,2,2
hanoiproblem_6_142__0,3053.8010597229004,1.0,2,2
hanoiproblem_6_143__0,2889.7900581359863,1.0,2,2
hanoiproblem_6_144__0,2904.049634933472,1.0,2,2
hanoiproblem_6_145__0,3075.6077766418457,1.0,2,2
hanoiproblem_6_146__0,3090.5275344848637,1.0,2,2
hanoiproblem_6_147__0,2978.524684906006,1.0,2,2
hanoiproblem_6_148__0,2997.0970153808594,1.0,2,2
hanoiproblem_6_149__0,3153.088331222534,1.0,2,2
hanoiproblem_6_150__0,212.55087852478027,1.0,2,2
hanoiproblem_6_151__0,3165.733575820923,1.0,2,2
hanoiproblem_6_152__0,3074.401617050171,1.0,2,2
hanoiproblem_6_153__0,3032.5210094451904,1.0,2,2
hanoiproblem_6_154__0,2948.1513500213623,1.0,2,2
hanoiproblem_6_155__0,3011.6655826568604,1.0,2,2
hanoiproblem_6_156__0,3207.84854888916,1.0,2,2
hanoiproblem_6_157__0,174.98397827148438,1.0,2,2
hanoiproblem_6_158__0,3167.957067489624,1.0,2,2
hanoiproblem_6_159__0,2973.7250804901123,1.0,2,2
hanoiproblem_6_160__0,3090.5091762542725,1.0,2,2
hanoiproblem_6_161__0,2955.275535583496,1.0,2,2
hanoiproblem_6_162__0,2967.665910720825,1.0,2,2
hanoiproblem_6_163__0,3252.626419067383,1.0,2,2
hanoiproblem_6_164__0,3122.0078468322754,1.0,2,2
hanoiproblem_6_165__0,2964.9083614349365,1.0,2,2
hanoiproblem_6_166__0,3070.2872276306152,1.0,2,2
hanoiproblem_6_167__0,3007.6498985290527,1.0,2,2
hanoiproblem_6_168__0,3020.2441215515137,1.0,2,2
hanoiproblem_6_169__0,3126.2121200561523,1.0,2,2
hanoiproblem_6_170__0,2937.469005584717,1.0,2,2
hanoiproblem_6_171__0,2892.838954925537,1.0,2,2
hanoiproblem_6_172__0,2979.285955429077,1.0,2,2
hanoiproblem_6_173__0,2923.1019020080566,1.0,2,2
hanoiproblem_6_174__0,3049.7822761535645,1.0,2,2
hanoiproblem_6_175__0,172.8525161743164,1.0,2,2
hanoiproblem_6_176__0,3150.803565979004,1.0,2,2
hanoiproblem_6_177__0,3058.5410594940186,1.0,2,2
hanoiproblem_6_178__0,2889.956474304199,1.0,2,2
hanoiproblem_6_179__0,178.17211151123047,1.0,2,2
hanoiproblem_6_180__0,3076.4968395233154,1.0,2,2
hanoiproblem_6_181__0,3186.731100082397,1.0,2,2
hanoiproblem_6_182__0,175.97246170043945,1.0,2,2
hanoiproblem_6_183__0,587.7358913421631,1.0,2,2
hanoiproblem_6_184__0,3098.337888717652,1.0,2,2
hanoiproblem_6_185__0,3022.9930877685547,1.0,2,2
hanoiproblem_6_186__0,2776.3144969940186,1.0,2,2
hanoiproblem_6_187__0,3027.4784564971924,1.0,2,2
hanoiproblem_6_188__0,3061.471939086914,1.0,2,2
hanoiproblem_6_189__0,3128.837823867798,1.0,2,2
hanoiproblem_6_190__0,3149.384021759033,1.0,2,2
hanoiproblem_6_191__0,3048.5429763793945,1.0,2,2
hanoiproblem_6_192__0,159.09647941589355,1.0,2,2
hanoiproblem_6_193__0,2933.861017227173,1.0,2,2
hanoiproblem_6_194__0,234.30967330932617,1.0,2,2
hanoiproblem_6_195__0,3034.9526405334477,1.0,2,2
hanoiproblem_6_196__0,3018.67151260376,1.0,2,2
hanoiproblem_6_197__0,3073.657989501953,1.0,2,2
hanoiproblem_6_198__0,2952.2905349731445,1.0,2,2
hanoiproblem_6_199__0,3094.266891479492,1.0,2,2
hanoiproblem_6_200__0,3030.066967010498,1.0,2,2
mixed-f10-p6-u0-v0-d0-a0-n0-A0-B0-N0-F0__0,184.049129486084,1.0,2,2
mixed-f10-p6-u0-v0-d0-a0-n0-A0-B0-N0-F0__1,170.81332206726074,1.0,2,2
mixed-f10-p6-u0-v0-d0-a0-n0-A0-B0-N0-F0__10,162.03546524047852,1.0,2,2
mixed-f10-p6-u0-v0-d0-a0-n0-A0-B0-N0-F0__11,169.90280151367188,1.0,2,2
mixed-f10-p6-u0-v0-d0-a0-n0-A0-B0-N0-F0__12,177.10399627685547,1.0,2,2
mixed-f10-p6-u0-v0-d0-a0-n0-A0-B0-N0-F0__13,164.62302207946777,1.0,2,2
mixed-f10-p6-u0-v0-d0-a0-n0-A0-B0-N0-F0__14,186.2318515777588,1.0,2,2
mixed-f10-p6-u0-v0-d0-a0-n0-A0-B0-N0-F0__15,162.16087341308594,1.0,2,2
mixed-f10-p6-u0-v0-d0-a0-n0-A0-B0-N0-F0__16,172.11484909057617,1.0,2,2
mixed-f10-p6-u0-v0-d0-a0-n0-A0-B0-N0-F0__17,171.8146800994873,1.0,2,2
mixed-f10-p6-u0-v0-d0-a0-n0-A0-B0-N0-F0__18,167.5128936767578,1.0,2,2
mixed-f10-p6-u0-v0-d0-a0-n0-A0-B0-N0-F0__19,191.67232513427732,1.0,2,2
mixed-f10-p6-u0-v0-d0-a0-n0-A0-B0-N0-F0__2,176.10502243041992,1.0,2,2
mixed-f10-p6-u0-v0-d0-a0-n0-A0-B0-N0-F0__20,194.08345222473145,1.0,2,2
mixed-f10-p6-u0-v0-d0-a0-n0-A0-B0-N0-F0__21,213.8984203338623,1.0,2,2
mixed-f10-p6-u0-v0-d0-a0-n0-A0-B0-N0-F0__22,169.0678596496582,1.0,2,2
mixed-f10-p6-u0-v0-d0-a0-n0-A0-B0-N0-F0__23,177.0932674407959,1.0,2,2
mixed-f10-p6-u0-v0-d0-a0-n0-A0-B0-N0-F0__24,181.70738220214844,1.0,2,2
mixed-f10-p6-u0-v0-d0-a0-n0-A0-B0-N0-F0__25,195.91069221496585,1.0,2,2
mixed-f10-p6-u0-v0-d0-a0-n0-A0-B0-N0-F0__26,185.34040451049805,1.0,2,2
mixed-f10-p6-u0-v0-d0-a0-n0-A0-B0-N0-F0__27,166.94927215576172,1.0,2,2
mixed-f10-p6-u0-v0-d0-a0-n0-A0-B0-N0-F0__28,162.40620613098145,1.0,2,2
mixed-f10-p6-u0-v0-d0-a0-n0-A0-B0-N0-F0__29,180.07636070251465,1.0,2,2
mixed-f10-p6-u0-v0-d0-a0-n0-A0-B0-N0-F0__3,169.3856716156006,1.0,2,2
mixed-f10-p6-u0-v0-d0-a0-n0-A0-B0-N0-F0__30,175.0349998474121,1.0,2,2
mixed-f10-p6-u0-v0-d0-a0-n0-A0-B0-N0-F0__31,190.8860206604004,1.0,2,2
mixed-f10-p6-u0-v0-d0-a0-n0-A0-B0-N0-F0__32,172.65677452087402,1.0,2,2
mixed-f10-p6-u0-v0-d0-a0-n0-A0-B0-N0-F0__33,183.86554718017575,1.0,2,2
mixed-f10-p6-u0-v0-d0-a0-n0-A0-B0-N0-F0__34,180.9525489807129,1.0,2,2
mixed-f10-p6-u0-v0-d0-a0-n0-A0-B0-N0-F0__35,170.83978652954102,1.0,2,2
mixed-f10-p6-u0-v0-d0-a0-n0-A0-B0-N0-F0__36,209.3484401702881,1.0,2,2
mixed-f10-p6-u0-v0-d0-a0-n0-A0-B0-N0-F0__37,155.6539535522461,1.0,2,2
mixed-f10-p6-u0-v0-d0-a0-n0-A0-B0-N0-F0__38,175.3854751586914,1.0,2,2
mixed-f10-p6-u0-v0-d0-a0-n0-A0-B0-N0-F0__39,170.7460880279541,1.0,2,2
mixed-f10-p6-u0-v0-d0-a0-n0-A0-B0-N0-F0__4,156.25524520874023,1.0,2,2
mixed-f10-p6-u0-v0-d0-a0-n0-A0-B0-N0-F0__40,170.9425449371338,1.0,2,2
mixed-f10-p6-u0-v0-d0-a0-n0-A0-B0-N0-F0__5,166.73946380615234,1.0,2,2
mixed-f10-p6-u0-v0-d0-a0-n0-A0-B0-N0-F0__6,169.1122055053711,1.0,2,2
mixed-f10-p6-u0-v0-d0-a0-n0-A0-B0-N0-F0__7,158.91695022583008,1.0,2,2
mixed-f10-p6-u0-v0-d0-a0-n0-A0-B0-N0-F0__8,160.01296043395996,1.0,2,2
mixed-f10-p6-u0-v0-d0-a0-n0-A0-B0-N0-F0__9,173.22731018066406,1.0,2,2
mixed-f6-p7-u0-v0-d0-a0-n0-A0-B0-N0-F0__0,172.82485961914062,1.0,2,2
mixed-f6-p7-u0-v0-d0-a0-n0-A0-B0-N0-F0__1,188.65036964416504,1.0,2,2
mixed-f6-p7-u0-v0-d0-a0-n0-A0-B0-N0-F0__10,189.00775909423828,1.0,2,2
mixed-f6-p7-u0-v0-d0-a0-n0-A0-B0-N0-F0__11,175.2622127532959,1.0,2,2
mixed-f6-p7-u0-v0-d0-a0-n0-A0-B0-N0-F0__12,172.4538803100586,1.0,2,2
mixed-f6-p7-u0-v0-d0-a0-n0-A0-B0-N0-F0__13,179.03614044189453,1.0,2,2
mixed-f6-p7-u0-v0-d0-a0-n0-A0-B0-N0-F0__14,171.43988609313965,1.0,2,2
mixed-f6-p7-u0-v0-d0-a0-n0-A0-B0-N0-F0__15,166.15700721740723,1.0,2,2
mixed-f6-p7-u0-v0-d0-a0-n0-A0-B0-N0-F0__16,153.1987190246582,1.0,2,2
mixed-f6-p7-u0-v0-d0-a0-n0-A0-B0-N0-F0__17,208.50348472595212,1.0,2,2
mixed-f6-p7-u0-v0-d0-a0-n0-A0-B0-N0-F0__18,177.73890495300293,1.0,2,2
mixed-f6-p7-u0-v0-d0-a0-n0-A0-B0-N0-F0__19,169.43740844726562,1.0,2,2
mixed-f6-p7-u0-v0-d0-a0-n0-A0-B0-N0-F0__2,205.2097320556641,1.0,2,2
mixed-f6-p7-u0-v0-d0-a0-n0-A0-B0-N0-F0__20,187.09611892700195,1.0,2,2
mixed-f6-p7-u0-v0-d0-a0-n0-A0-B0-N0-F0__21,190.83690643310547,1.0,2,2
mixed-f6-p7-u0-v0-d0-a0-n0-A0-B0-N0-F0__22,170.7589626312256,1.0,2,2
mixed-f6-p7-u0-v0-d0-a0-n0-A0-B0-N0-F0__23,182.0814609527588,1.0,2,2
mixed-f6-p7-u0-v0-d0-a0-n0-A0-B0-N0-F0__24,164.37697410583496,1.0,2,2
mixed-f6-p7-u0-v0-d0-a0-n0-A0-B0-N0-F0__25,190.50121307373047,1.0,2,2
mixed-f6-p7-u0-v0-d0-a0-n0-A0-B0-N0-F0__26,178.4074306488037,1.0,2,2
mixed-f6-p7-u0-v0-d0-a0-n0-A0-B0-N0-F0__27,194.6113109588623,1.0,2,2
mixed-f6-p7-u0-v0-d0-a0-n0-A0-B0-N0-F0__28,171.53429985046387,1.0,2,2
mixed-f6-p7-u0-v0-d0-a0-n0-A0-B0-N0-F0__29,182.1756362915039,1.0,2,2
mixed-f6-p7-u0-v0-d0-a0-n0-A0-B0-N0-F0__3,196.83575630187988,1.0,2,2
mixed-f6-p7-u0-v0-d0-a0-n0-A0-B0-N0-F0__30,176.23329162597656,1.0,2,2
mixed-f6-p7-u0-v0-d0-a0-n0-A0-B0-N0-F0__31,174.57938194274902,1.0,2,2
mixed-f6-p7-u0-v0-d0-a0-n0-A0-B0-N0-F0__32,170.16029357910156,1.0,2,2
mixed-f6-p7-u0-v0-d0-a0-n0-A0-B0-N0-F0__33,200.09469985961917,1.0,2,2
mixed-f6-p7-u0-v0-d0-a0-n0-A0-B0-N0-F0__34,183.7747097015381,1.0,2,2
mixed-f6-p7-u0-v0-d0-a0-n0-A0-B0-N0-F0__35,180.5722713470459,1.0,2,2
mixed-f6-p7-u0-v0-d0-a0-n0-A0-B0-N0-F0__36,194.11873817443848,1.0,2,2
mixed-f6-p7-u0-v0-d0-a0-n0-A0-B0-N0-F0__37,175.22335052490234,1.0,2,2
mixed-f6-p7-u0-v0-d0-a0-n0-A0-B0-N0-F0__38,185.52184104919436,1.0,2,2
mixed-f6-p7-u0-v0-d0-a0-n0-A0-B0-N0-F0__39,188.5828971862793,1.0,2,2
mixed-f6-p7-u0-v0-d0-a0-n0-A0-B0-N0-F0__4,185.76550483703613,1.0,2,2
mixed-f6-p7-u0-v0-d0-a0-n0-A0-B0-N0-F0__40,186.96308135986328,1.0,2,2
mixed-f6-p7-u0-v0-d0-a0-n0-A0-B0-N0-F0__41,174.92222785949707,1.0,2,2
mixed-f6-p7-u0-v0-d0-a0-n0-A0-B0-N0-F0__42,202.7294635772705,1.0,2,2
mixed-f6-p7-u0-v0-d0-a0-n0-A0-B0-N0-F0__43,201.58767700195312,1.0,2,2
mixed-f6-p7-u0-v0-d0-a0-n0-A0-B0-N0-F0__44,186.8753433227539,1.0,2,2
mixed-f6-p7-u0-v0-d0-a0-n0-A0-B0-N0-F0__45,178.08914184570312,1.0,2,2
mixed-f6-p7-u0-v0-d0-a0-n0-A0-B0-N0-F0__46,183.138370513916,1.0,2,2
mixed-f6-p7-u0-v0-d0-a0-n0-A0-B0-N0-F0__47,207.8843116760254,1.0,2,2
mixed-f6-p7-u0-v0-d0-a0-n0-A0-B0-N0-F0__48,163.48004341125488,1.0,2,2
mixed-f6-p7-u0-v0-d0-a0-n0-A0-B0-N0-F0__49,190.93704223632807,1.0,2,2
mixed-f6-p7-u0-v0-d0-a0-n0-A0-B0-N0-F0__5,181.8664073944092,1.0,2,2
mixed-f6-p7-u0-v0-d0-a0-n0-A0-B0-N0-F0__50,172.88851737976074,1.0,2,2
mixed-f6-p7-u0-v0-d0-a0-n0-A0-B0-N0-F0__51,168.03503036499023,1.0,2,2
mixed-f6-p7-u0-v0-d0-a0-n0-A0-B0-N0-F0__52,197.75724411010745,1.0,2,2
mixed-f6-p7-u0-v0-d0-a0-n0-A0-B0-N0-F0__53,193.36557388305664,1.0,2,2
mixed-f6-p7-u0-v0-d0-a0-n0-A0-B0-N0-F0__54,197.8585720062256,1.0,2,2
mixed-f6-p7-u0-v0-d0-a0-n0-A0-B0-N0-F0__55,189.06903266906735,1.0,2,2
mixed-f6-p7-u0-v0-d0-a0-n0-A0-B0-N0-F0__56,186.14625930786133,1.0,2,2
mixed-f6-p7-u0-v0-d0-a0-n0-A0-B0-N0-F0__57,193.01486015319824,1.0,2,2
mixed-f6-p7-u0-v0-d0-a0-n0-A0-B0-N0-F0__58,200.1159191131592,1.0,2,2
mixed-f6-p7-u0-v0-d0-a0-n0-A0-B0-N0-F0__6,175.14657974243164,1.0,2,2
mixed-f6-p7-u0-v0-d0-a0-n0-A0-B0-N0-F0__7,204.495906829834,1.0,2,2
mixed-f6-p7-u0-v0-d0-a0-n0-A0-B0-N0-F0__8,165.62461853027344,1.0,2,2
mixed-f6-p7-u0-v0-d0-a0-n0-A0-B0-N0-F0__9,150.78186988830566,1.0,2,2
zBWproblem_10_91__0,190.09041786193848,1.0,2,2
zBWproblem_10_92__0,194.1626071929932,1.0,2,2
zBWproblem_10_93__0,178.03215980529785,1.0,2,2
zBWproblem_10_94__0,172.64342308044434,1.0,2,2
zBWproblem_10_95__0,206.4316272735596,1.0,2,2
zBWproblem_10_96__0,199.4760036468506,1.0,2,2
zBWproblem_10_97__0,186.77592277526853,1.0,2,2
zBWproblem_10_98__0,206.45499229431152,1.0,2,2
zBWproblem_10_99__0,176.81074142456055,1.0,2,2
zBWproblem_12_10__0,200.6323337554932,1.0,2,2
zBWproblem_12_11__0,208.67085456848145,1.0,2,2
zBWproblem_12_12__0,176.5725612640381,1.0,2,2
zBWproblem_12_13__0,269.92106437683105,1.0,2,2
zBWproblem_12_14__0,196.40612602233887,1.0,2,2
zBWproblem_12_15__0,168.320894241333,1.0,2,2
zBWproblem_12_16__0,232.924222946167,1.0,2,2
zBWproblem_12_17__0,188.74025344848636,1.0,2,2
zBWproblem_12_18__0,183.5193634033203,1.0,2,2
zBWproblem_12_19__0,190.87982177734372,1.0,2,2
zBWproblem_12_1__0,235.81886291503903,1.0,2,2
zBWproblem_12_20__0,199.56064224243164,1.0,2,2
zBWproblem_12_21__0,194.46277618408203,1.0,2,2
zBWproblem_12_22__0,188.94052505493164,1.0,2,2
zBWproblem_12_23__0,185.63127517700195,1.0,2,2
zBWproblem_12_24__0,202.8770446777344,1.0,2,2
zBWproblem_12_25__0,173.24233055114746,1.0,2,2
zBWproblem_12_26__0,247.06697463989255,1.0,2,2
zBWproblem_12_27__0,179.29768562316897,1.0,2,2
zBWproblem_12_28__0,234.04884338378903,1.0,2,2
zBWproblem_12_29__0,204.93483543396,1.0,2,2
zBWproblem_12_2__0,180.64618110656735,1.0,2,2
zBWproblem_12_30__0,213.13834190368647,1.0,2,2
zBWproblem_12_31__0,182.04188346862796,1.0,2,2
zBWproblem_12_32__0,173.5515594482422,1.0,2,2
zBWproblem_12_33__0,198.4736919403076,1.0,2,2
zBWproblem_12_34__0,175.4446029663086,1.0,2,2
zBWproblem_12_35__0,202.9318809509277,1.0,2,2
zBWproblem_12_36__0,240.8461570739746,1.0,2,2
zBWproblem_12_37__0,282.3975086212158,1.0,2,2
zBWproblem_12_38__0,198.29225540161133,1.0,2,2
zBWproblem_12_39__0,175.61984062194824,1.0,2,2
zBWproblem_12_3__0,234.452486038208,1.0,2,2
zBWproblem_12_40__0,200.6478309631348,1.0,2,2
zBWproblem_12_41__0,207.5209617614746,1.0,2,2
zBWproblem_12_42__0,194.4270133972168,1.0,2,2
zBWproblem_12_43__0,203.8261890411377,1.0,2,2
zBWproblem_12_44__0,194.81468200683597,1.0,2,2
zBWproblem_12_45__0,188.9145374298096,1.0,2,2
zBWproblem_12_46__0,232.271671295166,1.0,2,2
zBWproblem_12_47__0,263.52500915527344,1.0,2,2
zBWproblem_12_48__0,201.60269737243647,1.0,2,2
zBWproblem_12_49__0,211.11631393432617,1.0,2,2
zBWproblem_12_4__0,177.8571605682373,1.0,2,2
zBWproblem_12_50__0,184.43727493286133,1.0,2,2
zBWproblem_12_51__0,226.21512413024905,1.0,2,2
zBWproblem_12_52__0,202.4590969085693,1.0,2,2
zBWproblem_12_53__0,207.3161602020264,1.0,2,2
zBWproblem_12_54__0,199.418306350708,1.0,2,2
zBWproblem_12_55__0,182.462215423584,1.0,2,2
zBWproblem_12_56__0,182.92999267578125,1.0,2,2
zBWproblem_12_57__0,170.61662673950195,1.0,2,2
zBWproblem_12_58__0,216.59064292907715,1.0,2,2
zBWproblem_12_59__0,189.0695095062256,1.0,2,2
zBWproblem_12_5__0,200.0186443328857,1.0,2,2
zBWproblem_12_60__0,211.5795612335205,1.0,2,2
zBWproblem_12_61__0,179.18658256530762,1.0,2,2
zBWproblem_12_62__0,189.6817684173584,1.0,2,2
zBWproblem_12_63__0,193.68362426757807,1.0,2,2
zBWproblem_12_64__0,206.8483829498291,1.0,2,2
zBWproblem_12_65__0,200.9291648864746,1.0,2,2
zBWproblem_12_66__0,201.72572135925293,1.0,2,2
zBWproblem_12_67__0,188.97199630737305,1.0,2,2
zBWproblem_12_68__0,199.5532512664795,1.0,2,2
zBWproblem_12_69__0,186.20014190673828,1.0,2,2
zBWproblem_12_6__0,208.8487148284912,1.0,2,2
zBWproblem_12_70__0,178.81536483764648,1.0,2,2
zBWproblem_12_77__0,206.4666748046875,1.0,2,2
zBWproblem_12_7__0,214.07818794250488,1.0,2,2
zBWproblem_12_8__0,185.7151985168457,1.0,2,2
zBWproblem_12_9__0,229.4039726257324,1.0,2,2
