Name,Time-SOFAI-PF-LPGxFD,Corr-SOFAI-PF-LPGxFD,Sys-SOFAI-PF-LPGxFD,Planner-SOFAI-PF-LPGxFD
_problem_10_96__0,5868.489980697632,0.0,-1,-1.0
_problem_12_17__0,60256.77251815796,0.0,-1,-1.0
_problem_12_34__0,60468.188524246216,0.0,-1,-1.0
_problem_12_43__0,60182.92784690857,0.0,-1,-1.0
_problem_12_47__0,60297.61791229248,0.0,-1,-1.0
_problem_12_52__0,5634.312152862549,0.0,-1,-1.0
_problem_12_56__0,61373.3971118927,0.0,-1,-1.0
_problem_12_9__0,5215.579032897949,0.0,-1,-1.0
_problem_6_107__0,6037.787437438965,0.0,-1,-1.0
_problem_6_108__0,6570.86968421936,0.0,-1,-1.0
_problem_6_113__0,6752.596616744995,0.0,-1,-1.0
_problem_6_115__0,7982.76162147522,0.0,-1,-1.0
_problem_6_116__0,8132.147312164307,0.0,-1,-1.0
_problem_6_120__0,7246.771335601807,0.0,-1,-1.0
_problem_6_134__0,6262.210369110107,0.0,-1,-1.0
_problem_6_135__0,6531.843423843384,0.0,-1,-1.0
_problem_6_146__0,8004.138708114624,0.0,-1,-1.0
_problem_6_164__0,5262.374877929688,0.0,-1,-1.0
_problem_6_165__0,5273.656129837036,0.0,-1,-1.0
_problem_6_167__0,6061.605930328369,0.0,-1,-1.0
_problem_6_175__0,5137.198448181152,0.0,-1,-1.0
_problem_6_183__0,5413.931846618652,0.0,-1,-1.0
_problem_6_189__0,7993.162393569946,0.0,-1,-1.0
_problem_6_190__0,6033.394813537598,0.0,-1,-1.0
_problem_6_195__0,6183.0267906188965,0.0,-1,-1.0
_problem_6_196__0,6394.893646240234,0.0,-1,-1.0
_problem_6_197__0,6572.021722793579,0.0,-1,-1.0
blocksworld_problem_10_100__0,5684.963703155518,1.0,2,3.0
blocksworld_problem_10_101__0,5358.02698135376,1.0,2,3.0
blocksworld_problem_10_102__0,5675.19736289978,1.0,2,3.0
blocksworld_problem_10_103__0,5294.667959213257,1.0,2,3.0
blocksworld_problem_10_104__0,8473.26922416687,1.0,2,1.0
blocksworld_problem_10_105__0,5310.46199798584,1.0,2,3.0
blocksworld_problem_10_106__0,8923.428535461426,1.0,2,1.0
blocksworld_problem_10_107__0,5403.635740280151,1.0,2,3.0
blocksworld_problem_10_108__0,5781.037092208862,1.0,2,3.0
blocksworld_problem_10_109__0,5467.010974884033,1.0,2,3.0
blocksworld_problem_10_110__0,5698.5368728637695,1.0,2,3.0
blocksworld_problem_10_111__0,5237.059831619263,1.0,2,3.0
blocksworld_problem_10_112__0,5389.59264755249,1.0,2,3.0
blocksworld_problem_10_113__0,5452.7435302734375,1.0,2,3.0
blocksworld_problem_10_114__0,5474.97034072876,1.0,2,3.0
blocksworld_problem_10_115__0,5180.51815032959,1.0,2,3.0
blocksworld_problem_10_116__0,5533.553838729858,1.0,2,3.0
blocksworld_problem_10_117__0,5778.247833251953,1.0,2,3.0
blocksworld_problem_10_118__0,5087.28289604187,1.0,2,3.0
blocksworld_problem_10_119__0,5675.904989242554,1.0,2,3.0
blocksworld_problem_10_91__0,5152.500629425049,1.0,2,3.0
blocksworld_problem_10_92__0,5461.899280548096,1.0,2,3.0
blocksworld_problem_10_93__0,5018.571615219116,1.0,2,3.0
blocksworld_problem_10_94__0,5597.388029098511,1.0,2,3.0
blocksworld_problem_10_95__0,5573.18115234375,1.0,2,3.0
blocksworld_problem_10_97__0,5056.164264678955,1.0,2,3.0
blocksworld_problem_10_98__0,6161.821842193604,1.0,2,3.0
blocksworld_problem_10_99__0,5845.922946929932,1.0,2,3.0
blocksworld_problem_12_10__0,8050.525188446045,1.0,2,1.0
blocksworld_problem_12_11__0,14527.706146240234,1.0,2,1.0
blocksworld_problem_12_12__0,5867.068290710449,1.0,2,3.0
blocksworld_problem_12_13__0,6495.681047439575,1.0,2,1.0
blocksworld_problem_12_14__0,10934.411525726318,1.0,2,1.0
blocksworld_problem_12_15__0,6952.406883239746,1.0,2,3.0
blocksworld_problem_12_16__0,5465.436935424805,1.0,2,3.0
blocksworld_problem_12_18__0,5572.876214981079,1.0,2,3.0
blocksworld_problem_12_19__0,5238.067626953125,1.0,2,3.0
blocksworld_problem_12_1__0,5935.10627746582,1.0,2,3.0
blocksworld_problem_12_20__0,5501.614093780518,1.0,2,3.0
blocksworld_problem_12_21__0,5545.082330703735,1.0,2,3.0
blocksworld_problem_12_22__0,5368.836879730225,1.0,2,3.0
blocksworld_problem_12_23__0,6095.123291015625,1.0,2,3.0
blocksworld_problem_12_24__0,5544.636011123657,1.0,2,3.0
blocksworld_problem_12_25__0,5464.790344238281,1.0,2,3.0
blocksworld_problem_12_26__0,6161.056041717529,1.0,2,3.0
blocksworld_problem_12_27__0,15828.499794006348,1.0,2,1.0
blocksworld_problem_12_28__0,8069.801807403564,1.0,2,3.0
blocksworld_problem_12_29__0,5596.650123596191,1.0,2,3.0
blocksworld_problem_12_2__0,5888.064622879028,1.0,2,3.0
blocksworld_problem_12_30__0,5354.947805404663,1.0,2,3.0
blocksworld_problem_12_31__0,12029.644966125488,1.0,2,1.0
blocksworld_problem_12_32__0,5399.194717407227,1.0,2,3.0
blocksworld_problem_12_33__0,56249.58515167236,1.0,2,1.0
blocksworld_problem_12_35__0,5484.845876693726,1.0,2,3.0
blocksworld_problem_12_36__0,5621.15216255188,1.0,2,3.0
blocksworld_problem_12_37__0,7325.057983398437,1.0,2,1.0
blocksworld_problem_12_38__0,5636.934280395508,1.0,2,3.0
blocksworld_problem_12_39__0,5911.595821380615,1.0,2,3.0
blocksworld_problem_12_3__0,5605.2844524383545,1.0,2,3.0
blocksworld_problem_12_40__0,5487.962484359741,1.0,2,3.0
blocksworld_problem_12_41__0,5236.958980560303,1.0,2,3.0
blocksworld_problem_12_42__0,5777.620077133179,1.0,2,3.0
blocksworld_problem_12_44__0,5592.859506607056,1.0,2,3.0
blocksworld_problem_12_45__0,5666.073322296143,1.0,2,3.0
blocksworld_problem_12_46__0,7830.99102973938,1.0,2,3.0
blocksworld_problem_12_48__0,5206.096649169922,1.0,2,3.0
blocksworld_problem_12_49__0,5905.880451202393,1.0,2,3.0
blocksworld_problem_12_4__0,5621.793270111084,1.0,2,3.0
blocksworld_problem_12_50__0,6024.779319763184,1.0,2,3.0
blocksworld_problem_12_51__0,5411.27347946167,1.0,2,3.0
blocksworld_problem_12_53__0,5393.732786178589,1.0,2,3.0
blocksworld_problem_12_54__0,6298.735857009888,1.0,2,3.0
blocksworld_problem_12_55__0,5819.580078125,1.0,2,3.0
blocksworld_problem_12_57__0,5427.970170974731,1.0,2,3.0
blocksworld_problem_12_58__0,5187.772750854492,1.0,2,3.0
blocksworld_problem_12_59__0,5639.0228271484375,1.0,2,3.0
blocksworld_problem_12_5__0,7079.479455947876,1.0,2,1.0
blocksworld_problem_12_60__0,5540.208101272583,1.0,2,3.0
blocksworld_problem_12_61__0,5548.755645751953,1.0,2,3.0
blocksworld_problem_12_62__0,11809.409141540527,1.0,2,1.0
blocksworld_problem_12_63__0,46473.52910041809,1.0,2,1.0
blocksworld_problem_12_64__0,5419.126033782959,1.0,2,3.0
blocksworld_problem_12_65__0,6767.166376113892,1.0,2,3.0
blocksworld_problem_12_66__0,11387.446641921995,1.0,2,1.0
blocksworld_problem_12_67__0,5018.385410308838,1.0,2,3.0
blocksworld_problem_12_68__0,5177.599191665649,1.0,2,3.0
blocksworld_problem_12_69__0,4962.990760803223,1.0,2,3.0
blocksworld_problem_12_6__0,5799.975395202637,1.0,2,3.0
blocksworld_problem_12_70__0,15874.70555305481,1.0,2,1.0
blocksworld_problem_12_77__0,6044.241189956665,1.0,2,3.0
blocksworld_problem_12_7__0,13193.353414535522,1.0,2,1.0
blocksworld_problem_12_8__0,5768.897294998169,1.0,2,3.0
driverlog_problem_3_5_6_6112__0,6163.868427276611,1.0,1,
driverlog_problem_3_5_6_6121__0,8472.024917602539,1.0,2,1.0
driverlog_problem_3_5_6_6125__0,5911.098480224609,1.0,1,
driverlog_problem_3_5_6_6139__0,6456.337928771973,1.0,2,3.0
driverlog_problem_3_5_6_6140__0,6445.159196853638,1.0,1,
driverlog_problem_3_5_6_6146__0,6389.974594116211,1.0,1,
driverlog_problem_3_5_6_6155__0,6501.573324203491,1.0,1,
driverlog_problem_3_5_6_6168__0,7991.77074432373,1.0,2,1.0
driverlog_problem_3_5_6_6171__0,5988.2752895355225,1.0,2,3.0
driverlog_problem_3_5_6_6174__0,5869.481801986694,1.0,2,3.0
driverlog_problem_3_5_6_6175__0,6654.0937423706055,1.0,1,
driverlog_problem_3_5_6_6180__0,5992.435216903687,1.0,1,
driverlog_problem_3_5_6_6182__0,6005.01561164856,1.0,2,3.0
ferry_ferry-l6-c6__0,5722.745180130005,1.0,2,3.0
ferry_ferry-l6-c6__1,5369.3695068359375,1.0,1,
ferry_ferry-l6-c6__10,5704.527616500855,1.0,1,
ferry_ferry-l6-c6__11,5481.897830963135,1.0,1,
ferry_ferry-l6-c6__12,6192.872047424316,1.0,1,
ferry_ferry-l6-c6__13,5674.472332000732,1.0,1,
ferry_ferry-l6-c6__14,5431.668758392334,1.0,1,
ferry_ferry-l6-c6__15,5967.586755752564,1.0,1,
ferry_ferry-l6-c6__16,5051.906585693359,1.0,2,3.0
ferry_ferry-l6-c6__17,6211.152791976929,1.0,2,3.0
ferry_ferry-l6-c6__18,5688.856601715088,1.0,1,
ferry_ferry-l6-c6__19,5483.705997467041,1.0,1,
ferry_ferry-l6-c6__2,5447.453498840332,1.0,1,
ferry_ferry-l6-c6__20,5582.54861831665,1.0,1,
ferry_ferry-l6-c6__21,5655.45654296875,1.0,1,
ferry_ferry-l6-c6__22,5299.04055595398,1.0,1,
ferry_ferry-l6-c6__23,5319.797992706299,1.0,1,
ferry_ferry-l6-c6__24,5477.713823318481,1.0,1,
ferry_ferry-l6-c6__25,5437.037467956543,1.0,1,
ferry_ferry-l6-c6__26,5504.893779754639,1.0,1,
ferry_ferry-l6-c6__27,5223.170518875122,1.0,1,
ferry_ferry-l6-c6__28,5365.2520179748535,1.0,1,
ferry_ferry-l6-c6__29,5645.734071731567,1.0,1,
ferry_ferry-l6-c6__3,5717.087745666504,1.0,1,
ferry_ferry-l6-c6__30,5076.871871948242,1.0,1,
ferry_ferry-l6-c6__31,5077.037572860718,1.0,1,
ferry_ferry-l6-c6__32,5801.291942596436,1.0,1,
ferry_ferry-l6-c6__33,5168.35880279541,1.0,1,
ferry_ferry-l6-c6__34,5710.818767547607,1.0,1,
ferry_ferry-l6-c6__35,5848.79994392395,1.0,1,
ferry_ferry-l6-c6__36,5249.857664108276,1.0,1,
ferry_ferry-l6-c6__37,5534.988641738892,1.0,1,
ferry_ferry-l6-c6__38,5129.17160987854,1.0,1,
ferry_ferry-l6-c6__39,5714.580059051514,1.0,1,
ferry_ferry-l6-c6__4,5638.532400131226,1.0,1,
ferry_ferry-l6-c6__40,5820.845127105713,1.0,1,
ferry_ferry-l6-c6__41,5557.210683822632,1.0,1,
ferry_ferry-l6-c6__42,5726.311445236206,1.0,1,
ferry_ferry-l6-c6__43,5254.963159561157,1.0,1,
ferry_ferry-l6-c6__44,5942.997694015503,1.0,2,3.0
ferry_ferry-l6-c6__45,5741.511344909668,1.0,1,
ferry_ferry-l6-c6__46,5666.335582733154,1.0,1,
ferry_ferry-l6-c6__47,5268.0253982543945,1.0,1,
ferry_ferry-l6-c6__48,5435.137271881104,1.0,1,
ferry_ferry-l6-c6__49,5334.485054016113,1.0,1,
ferry_ferry-l6-c6__5,5529.250621795654,1.0,1,
ferry_ferry-l6-c6__50,5615.40412902832,1.0,1,
ferry_ferry-l6-c6__51,5463.676452636719,1.0,1,
ferry_ferry-l6-c6__52,5222.322702407837,1.0,1,
ferry_ferry-l6-c6__53,5614.61877822876,1.0,1,
ferry_ferry-l6-c6__54,5609.072208404541,1.0,1,
ferry_ferry-l6-c6__55,5790.119886398315,1.0,1,
ferry_ferry-l6-c6__56,5697.6158618927,1.0,1,
ferry_ferry-l6-c6__57,5045.916557312012,1.0,1,
ferry_ferry-l6-c6__58,5389.958620071411,1.0,2,3.0
ferry_ferry-l6-c6__59,5954.885005950928,1.0,1,
ferry_ferry-l6-c6__6,5945.846796035767,1.0,1,
ferry_ferry-l6-c6__60,6082.446336746216,1.0,1,
ferry_ferry-l6-c6__61,5746.129274368286,1.0,1,
ferry_ferry-l6-c6__62,5537.049293518066,1.0,1,
ferry_ferry-l6-c6__63,5361.787796020508,1.0,1,
ferry_ferry-l6-c6__64,5673.882961273193,1.0,1,
ferry_ferry-l6-c6__65,5536.784887313843,1.0,1,
ferry_ferry-l6-c6__66,5543.567180633545,1.0,1,
ferry_ferry-l6-c6__67,6344.914197921753,1.0,1,
ferry_ferry-l6-c6__68,5250.144481658936,1.0,1,
ferry_ferry-l6-c6__69,5337.4316692352295,1.0,1,
ferry_ferry-l6-c6__7,5205.276250839233,1.0,1,
ferry_ferry-l6-c6__70,6080.200672149658,1.0,2,3.0
ferry_ferry-l6-c6__71,5531.489133834839,1.0,1,
ferry_ferry-l6-c6__72,5270.974636077881,1.0,1,
ferry_ferry-l6-c6__73,5680.729150772095,1.0,1,
ferry_ferry-l6-c6__74,5603.4836769104,1.0,1,
ferry_ferry-l6-c6__75,5684.734582901001,1.0,1,
ferry_ferry-l6-c6__76,5637.565612792969,1.0,1,
ferry_ferry-l6-c6__77,5228.616237640381,1.0,1,
ferry_ferry-l6-c6__78,5185.9753131866455,1.0,1,
ferry_ferry-l6-c6__79,5614.967823028564,1.0,1,
ferry_ferry-l6-c6__8,5501.735687255859,1.0,2,3.0
ferry_ferry-l6-c6__80,5741.585969924927,1.0,1,
ferry_ferry-l6-c6__81,5154.761791229248,1.0,1,
ferry_ferry-l6-c6__82,5453.516006469727,1.0,1,
ferry_ferry-l6-c6__83,5547.093152999878,1.0,1,
ferry_ferry-l6-c6__84,5621.32716178894,1.0,1,
ferry_ferry-l6-c6__85,5338.279008865356,1.0,1,
ferry_ferry-l6-c6__86,5176.684379577637,1.0,1,
ferry_ferry-l6-c6__87,5505.371570587158,1.0,1,
ferry_ferry-l6-c6__88,5156.528949737549,1.0,1,
ferry_ferry-l6-c6__89,5817.171096801758,1.0,1,
ferry_ferry-l6-c6__9,4929.68487739563,1.0,1,
ferry_ferry-l6-c6__90,5625.331401824951,1.0,1,
ferry_ferry-l6-c6__91,5372.247934341431,1.0,1,
ferry_ferry-l6-c6__92,5719.8357582092285,1.0,1,
ferry_ferry-l6-c6__93,5943.942070007324,1.0,1,
ferry_ferry-l6-c6__94,5297.218561172485,1.0,1,
ferry_ferry-l6-c6__95,5793.431758880615,1.0,1,
ferry_ferry-l6-c6__96,5488.979339599609,1.0,1,
ferry_ferry-l6-c6__97,5770.850658416748,1.0,1,
ferry_ferry-l6-c6__98,5339.94197845459,1.0,1,
ferry_ferry-l6-c6__99,5589.311361312866,1.0,2,3.0
gripper-strips_problem_4_6_7_113__0,5749.420642852783,1.0,2,3.0
gripper-strips_problem_4_6_7_114__0,5774.385929107666,1.0,2,3.0
gripper-strips_problem_4_6_7_115__0,6431.44965171814,1.0,2,3.0
gripper-strips_problem_4_6_7_116__0,5634.978532791138,1.0,2,3.0
gripper-strips_problem_4_6_7_117__0,5889.1441822052,1.0,2,3.0
gripper-strips_problem_4_6_7_118__0,6170.6178188323975,1.0,2,3.0
gripper-strips_problem_4_6_7_119__0,5699.0931034088135,1.0,1,
gripper-strips_problem_4_6_7_120__0,5580.545425415039,1.0,2,3.0
gripper-strips_problem_4_6_7_121__0,6176.966667175293,1.0,2,3.0
gripper-strips_problem_4_6_7_122__0,5779.313564300537,1.0,2,3.0
gripper-strips_problem_4_6_7_123__0,6382.021903991699,1.0,2,3.0
gripper-strips_problem_4_6_7_124__0,5581.5136432647705,1.0,2,3.0
gripper-strips_problem_4_6_7_125__0,5599.760293960571,1.0,2,3.0
gripper-strips_problem_4_6_7_126__0,6139.784574508667,1.0,2,3.0
gripper-strips_problem_4_6_7_127__0,5526.835203170776,1.0,2,3.0
gripper-strips_problem_4_6_7_128__0,6032.640695571899,1.0,2,3.0
gripper-strips_problem_4_6_7_129__0,5898.2789516448975,1.0,2,3.0
gripper-strips_problem_4_6_7_130__0,5931.825637817383,1.0,2,3.0
gripper-strips_problem_4_6_7_131__0,6114.974021911621,1.0,2,3.0
gripper-strips_problem_4_6_7_132__0,5942.93737411499,1.0,2,3.0
gripper-strips_problem_4_6_7_133__0,5489.14647102356,1.0,2,3.0
gripper-strips_problem_4_6_7_134__0,5813.600778579712,1.0,2,3.0
gripper-strips_problem_4_6_7_135__0,5874.523401260376,1.0,2,3.0
gripper-strips_problem_4_6_7_136__0,5665.223598480225,1.0,2,3.0
gripper-strips_problem_4_6_7_137__0,5624.1490840911865,1.0,2,3.0
gripper-strips_problem_4_6_7_138__0,5234.520435333252,1.0,2,3.0
gripper-strips_problem_4_6_7_139__0,5026.079177856445,1.0,2,3.0
gripper-strips_problem_4_6_7_140__0,5843.94907951355,1.0,2,3.0
gripper-strips_problem_4_6_7_141__0,5651.658058166504,1.0,2,3.0
gripper-strips_problem_4_6_7_142__0,5848.7749099731445,1.0,2,3.0
gripper-strips_problem_4_6_7_143__0,5981.847047805786,1.0,2,3.0
gripper-strips_problem_4_6_7_144__0,5958.219528198242,1.0,2,3.0
gripper-strips_problem_4_6_7_145__0,5865.260362625122,1.0,2,3.0
gripper-strips_problem_4_6_7_146__0,6342.88501739502,1.0,2,3.0
gripper-strips_problem_4_6_7_147__0,5984.2188358306885,1.0,2,3.0
gripper-strips_problem_4_6_7_148__0,5867.204189300537,1.0,2,3.0
gripper-strips_problem_4_6_7_149__0,5681.768417358398,1.0,2,3.0
gripper-strips_problem_4_6_7_150__0,5765.893220901489,1.0,1,
gripper-strips_problem_4_6_7_151__0,6103.979825973511,1.0,2,3.0
gripper-strips_problem_4_6_7_152__0,5837.648868560791,1.0,2,3.0
gripper-strips_problem_4_6_7_153__0,5773.192644119263,1.0,2,3.0
gripper-strips_problem_4_6_7_154__0,5963.603019714356,1.0,2,3.0
gripper-strips_problem_4_6_7_155__0,6180.9563636779785,1.0,2,3.0
gripper-strips_problem_4_6_7_156__0,5665.714740753174,1.0,2,3.0
gripper-strips_problem_4_6_7_157__0,5921.835422515869,1.0,2,3.0
gripper-strips_problem_4_6_7_158__0,5729.159355163574,1.0,1,
gripper-strips_problem_4_6_7_159__0,5585.314989089966,1.0,2,3.0
gripper-strips_problem_4_6_7_160__0,6029.306411743164,1.0,2,3.0
gripper-strips_problem_4_6_7_161__0,5655.653238296509,1.0,2,3.0
gripper-strips_problem_4_6_7_162__0,5295.504093170166,1.0,2,3.0
gripper-strips_problem_4_6_7_163__0,5584.622859954834,1.0,2,3.0
gripper-strips_problem_4_6_7_164__0,5668.488502502441,1.0,2,3.0
gripper-strips_problem_4_6_7_165__0,5586.805105209351,1.0,2,3.0
gripper-strips_problem_4_6_7_166__0,5882.073402404785,1.0,2,3.0
gripper-strips_problem_4_6_7_167__0,6176.406383514404,1.0,2,3.0
gripper-strips_problem_4_6_7_168__0,5295.162916183472,1.0,2,3.0
gripper-strips_problem_4_6_7_169__0,5724.407434463501,1.0,1,
gripper-strips_problem_4_6_7_170__0,6402.627944946289,1.0,2,3.0
gripper-strips_problem_4_6_7_171__0,5334.488391876221,1.0,2,3.0
gripper-strips_problem_4_6_7_172__0,6201.198101043701,1.0,2,3.0
gripper-strips_problem_4_6_7_173__0,6459.400177001953,1.0,2,3.0
gripper-strips_problem_4_6_7_174__0,6123.093605041504,1.0,2,3.0
gripper-strips_problem_4_6_7_175__0,5572.136640548706,1.0,2,3.0
gripper-strips_problem_4_6_7_176__0,5307.170629501343,1.0,2,3.0
gripper-strips_problem_4_6_7_177__0,6338.660478591919,1.0,2,3.0
gripper-strips_problem_4_6_7_178__0,5826.405763626099,1.0,2,3.0
gripper-strips_problem_4_6_7_179__0,5930.218458175659,1.0,2,3.0
gripper-strips_problem_4_6_7_180__0,5672.499656677246,1.0,2,3.0
gripper-strips_problem_4_6_7_181__0,5213.378190994263,1.0,2,3.0
gripper-strips_problem_4_6_7_182__0,5767.89665222168,1.0,2,3.0
gripper-strips_problem_4_6_7_183__0,6084.215879440308,1.0,2,3.0
gripper-strips_problem_4_6_7_184__0,6351.132392883301,1.0,2,3.0
gripper-strips_problem_4_6_7_185__0,5933.592796325684,1.0,2,3.0
gripper-strips_problem_4_6_7_186__0,5459.329128265381,1.0,2,3.0
gripper-strips_problem_4_6_7_187__0,5805.708885192871,1.0,2,3.0
gripper-strips_problem_4_6_7_188__0,5868.709802627564,1.0,2,3.0
gripper-strips_problem_4_6_7_189__0,6195.922613143921,1.0,2,3.0
gripper-strips_problem_4_6_7_190__0,6177.213907241821,1.0,2,3.0
gripper-strips_problem_4_6_7_191__0,5980.54838180542,1.0,2,3.0
gripper-strips_problem_4_6_7_192__0,6136.134624481201,1.0,2,3.0
gripper-strips_problem_4_6_7_193__0,5877.694606781006,1.0,2,3.0
gripper-strips_problem_4_6_7_194__0,6003.302812576294,1.0,2,3.0
gripper-strips_problem_4_6_7_195__0,5461.0230922698975,1.0,2,3.0
gripper-strips_problem_4_6_7_196__0,5771.728992462158,1.0,2,3.0
gripper-strips_problem_4_6_7_197__0,6158.165216445923,1.0,2,3.0
gripper-strips_problem_4_6_7_198__0,5570.646524429321,1.0,2,3.0
gripper-strips_problem_4_6_7_199__0,5864.568948745728,1.0,2,3.0
gripper-strips_problem_4_6_7_200__0,5051.741123199463,1.0,2,3.0
gripper-strips_problem_5_7_9_10__0,5903.739452362061,1.0,2,3.0
gripper-strips_problem_5_7_9_11__0,5808.7029457092285,1.0,2,3.0
gripper-strips_problem_5_7_9_12__0,5563.652992248535,1.0,2,3.0
gripper-strips_problem_5_7_9_13__0,6512.5412940979,1.0,2,3.0
gripper-strips_problem_5_7_9_14__0,5293.658256530762,1.0,2,3.0
gripper-strips_problem_5_7_9_15__0,5931.032657623291,1.0,2,3.0
gripper-strips_problem_5_7_9_16__0,5719.916105270386,1.0,2,3.0
gripper-strips_problem_5_7_9_17__0,5890.221834182739,1.0,2,3.0
gripper-strips_problem_5_7_9_18__0,6071.192264556885,1.0,2,3.0
gripper-strips_problem_5_7_9_19__0,6523.848533630371,1.0,2,3.0
gripper-strips_problem_5_7_9_20__0,5863.365173339844,1.0,2,3.0
gripper-strips_problem_5_7_9_5__0,6099.496603012085,1.0,2,3.0
hanoi_problem_6_101__0,9470.762014389038,1.0,2,1.0
hanoi_problem_6_102__0,6261.180400848389,1.0,2,3.0
hanoi_problem_6_103__0,5194.8957443237305,1.0,2,3.0
hanoi_problem_6_104__0,9318.07804107666,1.0,2,3.0
hanoi_problem_6_105__0,9303.334712982178,1.0,2,3.0
hanoi_problem_6_106__0,9147.125959396362,1.0,2,1.0
hanoi_problem_6_109__0,9115.601778030396,1.0,2,3.0
hanoi_problem_6_110__0,8839.822053909302,1.0,2,3.0
hanoi_problem_6_111__0,7815.697193145752,1.0,2,3.0
hanoi_problem_6_112__0,4915.575981140137,1.0,2,3.0
hanoi_problem_6_114__0,10207.393407821655,1.0,2,3.0
hanoi_problem_6_117__0,9003.338098526001,1.0,2,3.0
hanoi_problem_6_118__0,9256.828784942629,1.0,2,3.0
hanoi_problem_6_119__0,9445.347309112549,1.0,2,3.0
hanoi_problem_6_121__0,8941.595792770386,1.0,2,1.0
hanoi_problem_6_122__0,7819.111108779907,1.0,2,3.0
hanoi_problem_6_123__0,7122.495174407959,1.0,2,3.0
hanoi_problem_6_124__0,6744.355201721191,1.0,2,3.0
hanoi_problem_6_125__0,8996.147155761719,1.0,2,3.0
hanoi_problem_6_126__0,9177.149057388306,1.0,2,3.0
hanoi_problem_6_127__0,9127.415895462036,1.0,2,3.0
hanoi_problem_6_128__0,8695.987701416016,1.0,2,3.0
hanoi_problem_6_129__0,8971.433639526367,1.0,2,3.0
hanoi_problem_6_130__0,4671.993970870972,1.0,2,3.0
hanoi_problem_6_131__0,9329.079627990724,1.0,2,3.0
hanoi_problem_6_132__0,9101.74560546875,1.0,2,3.0
hanoi_problem_6_133__0,10630.886793136597,1.0,2,3.0
hanoi_problem_6_136__0,4505.63645362854,1.0,2,3.0
hanoi_problem_6_137__0,8445.616960525513,1.0,2,3.0
hanoi_problem_6_138__0,6269.30832862854,1.0,2,3.0
hanoi_problem_6_139__0,8724.251985549927,1.0,2,3.0
hanoi_problem_6_140__0,7940.264940261841,1.0,2,3.0
hanoi_problem_6_141__0,8839.072227478027,1.0,2,3.0
hanoi_problem_6_142__0,9493.609189987184,1.0,2,3.0
hanoi_problem_6_143__0,9210.960149765016,1.0,2,1.0
hanoi_problem_6_144__0,10261.229038238524,1.0,2,3.0
hanoi_problem_6_145__0,8936.541080474854,1.0,2,1.0
hanoi_problem_6_147__0,8490.294456481934,1.0,2,3.0
hanoi_problem_6_148__0,10098.94871711731,1.0,2,3.0
hanoi_problem_6_149__0,9018.04232597351,1.0,2,3.0
hanoi_problem_6_150__0,5088.7451171875,1.0,2,3.0
hanoi_problem_6_151__0,9342.0307636261,1.0,2,1.0
hanoi_problem_6_152__0,7738.944292068481,1.0,2,3.0
hanoi_problem_6_153__0,7995.232343673706,1.0,2,3.0
hanoi_problem_6_154__0,9404.983043670654,1.0,2,3.0
hanoi_problem_6_155__0,7815.383195877075,1.0,2,3.0
hanoi_problem_6_156__0,9813.947200775146,1.0,2,3.0
hanoi_problem_6_157__0,4819.87738609314,1.0,2,3.0
hanoi_problem_6_158__0,10435.092449188232,1.0,2,3.0
hanoi_problem_6_159__0,9625.127792358398,1.0,2,3.0
hanoi_problem_6_160__0,8287.158250808716,1.0,2,3.0
hanoi_problem_6_161__0,9567.782163619995,1.0,2,3.0
hanoi_problem_6_162__0,8319.690227508545,1.0,2,3.0
hanoi_problem_6_163__0,9167.860746383669,1.0,2,3.0
hanoi_problem_6_166__0,9362.070322036743,1.0,2,1.0
hanoi_problem_6_168__0,8368.45064163208,1.0,2,3.0
hanoi_problem_6_169__0,8770.309686660767,1.0,2,1.0
hanoi_problem_6_170__0,8490.99063873291,1.0,2,3.0
hanoi_problem_6_171__0,9477.45156288147,1.0,2,3.0
hanoi_problem_6_172__0,10490.225315093994,1.0,2,3.0
hanoi_problem_6_173__0,9751.976490020752,1.0,2,3.0
hanoi_problem_6_174__0,9056.111335754396,1.0,2,3.0
hanoi_problem_6_176__0,8753.511190414429,1.0,2,3.0
hanoi_problem_6_177__0,5457.107067108154,1.0,2,3.0
hanoi_problem_6_178__0,7528.88011932373,1.0,2,3.0
hanoi_problem_6_179__0,4789.841175079346,1.0,2,3.0
hanoi_problem_6_180__0,9747.751951217651,1.0,2,3.0
hanoi_problem_6_181__0,10314.321041107178,1.0,2,3.0
hanoi_problem_6_182__0,4987.866640090942,1.0,2,3.0
hanoi_problem_6_184__0,8855.582237243652,1.0,2,1.0
hanoi_problem_6_185__0,9830.476760864258,1.0,2,3.0
hanoi_problem_6_186__0,8293.744325637817,1.0,2,3.0
hanoi_problem_6_187__0,9090.98744392395,1.0,2,1.0
hanoi_problem_6_188__0,9839.55693244934,1.0,2,3.0
hanoi_problem_6_191__0,10059.321641921995,1.0,2,3.0
hanoi_problem_6_192__0,5202.985048294067,1.0,2,3.0
hanoi_problem_6_193__0,6328.3350467681885,1.0,2,1.0
hanoi_problem_6_194__0,5391.794443130493,1.0,2,3.0
hanoi_problem_6_198__0,9257.519006729126,1.0,2,3.0
hanoi_problem_6_199__0,6318.641185760498,1.0,2,3.0
hanoi_problem_6_200__0,8853.712797164917,1.0,2,3.0
miconic_mixed-f10-p6-u0-v0-d0-a0-n0-A0-B0-N0-F0__0,5631.683826446533,1.0,1,
miconic_mixed-f10-p6-u0-v0-d0-a0-n0-A0-B0-N0-F0__1,5613.982200622559,1.0,1,
miconic_mixed-f10-p6-u0-v0-d0-a0-n0-A0-B0-N0-F0__10,5656.330108642578,1.0,1,
miconic_mixed-f10-p6-u0-v0-d0-a0-n0-A0-B0-N0-F0__11,5385.281562805176,1.0,1,
miconic_mixed-f10-p6-u0-v0-d0-a0-n0-A0-B0-N0-F0__12,5631.424188613892,1.0,1,
miconic_mixed-f10-p6-u0-v0-d0-a0-n0-A0-B0-N0-F0__13,5262.482643127441,1.0,1,
miconic_mixed-f10-p6-u0-v0-d0-a0-n0-A0-B0-N0-F0__14,5564.83793258667,1.0,1,
miconic_mixed-f10-p6-u0-v0-d0-a0-n0-A0-B0-N0-F0__15,5500.931739807129,1.0,1,
miconic_mixed-f10-p6-u0-v0-d0-a0-n0-A0-B0-N0-F0__16,5548.405170440674,1.0,1,
miconic_mixed-f10-p6-u0-v0-d0-a0-n0-A0-B0-N0-F0__17,5118.985176086426,1.0,1,
miconic_mixed-f10-p6-u0-v0-d0-a0-n0-A0-B0-N0-F0__18,5304.430723190308,1.0,1,
miconic_mixed-f10-p6-u0-v0-d0-a0-n0-A0-B0-N0-F0__19,5690.637111663818,1.0,1,
miconic_mixed-f10-p6-u0-v0-d0-a0-n0-A0-B0-N0-F0__2,5552.965402603149,1.0,1,
miconic_mixed-f10-p6-u0-v0-d0-a0-n0-A0-B0-N0-F0__20,5619.299173355103,1.0,1,
miconic_mixed-f10-p6-u0-v0-d0-a0-n0-A0-B0-N0-F0__21,5547.531366348267,1.0,1,
miconic_mixed-f10-p6-u0-v0-d0-a0-n0-A0-B0-N0-F0__22,5788.16294670105,1.0,1,
miconic_mixed-f10-p6-u0-v0-d0-a0-n0-A0-B0-N0-F0__23,5977.233171463013,1.0,2,3.0
miconic_mixed-f10-p6-u0-v0-d0-a0-n0-A0-B0-N0-F0__24,5699.170112609863,1.0,1,
miconic_mixed-f10-p6-u0-v0-d0-a0-n0-A0-B0-N0-F0__25,5512.365102767944,1.0,1,
miconic_mixed-f10-p6-u0-v0-d0-a0-n0-A0-B0-N0-F0__26,5509.933710098267,1.0,1,
miconic_mixed-f10-p6-u0-v0-d0-a0-n0-A0-B0-N0-F0__27,5351.595401763916,1.0,1,
miconic_mixed-f10-p6-u0-v0-d0-a0-n0-A0-B0-N0-F0__28,5270.467519760132,1.0,1,
miconic_mixed-f10-p6-u0-v0-d0-a0-n0-A0-B0-N0-F0__29,5273.801565170288,1.0,1,
miconic_mixed-f10-p6-u0-v0-d0-a0-n0-A0-B0-N0-F0__3,5396.121501922607,1.0,1,
miconic_mixed-f10-p6-u0-v0-d0-a0-n0-A0-B0-N0-F0__30,5471.743822097778,1.0,1,
miconic_mixed-f10-p6-u0-v0-d0-a0-n0-A0-B0-N0-F0__31,5334.908008575439,1.0,1,
miconic_mixed-f10-p6-u0-v0-d0-a0-n0-A0-B0-N0-F0__32,5300.272703170776,1.0,1,
miconic_mixed-f10-p6-u0-v0-d0-a0-n0-A0-B0-N0-F0__33,5680.623531341553,1.0,1,
miconic_mixed-f10-p6-u0-v0-d0-a0-n0-A0-B0-N0-F0__34,5177.680253982544,1.0,1,
miconic_mixed-f10-p6-u0-v0-d0-a0-n0-A0-B0-N0-F0__35,5716.140031814575,1.0,1,
miconic_mixed-f10-p6-u0-v0-d0-a0-n0-A0-B0-N0-F0__36,5758.27956199646,1.0,1,
miconic_mixed-f10-p6-u0-v0-d0-a0-n0-A0-B0-N0-F0__37,5509.611368179321,1.0,1,
miconic_mixed-f10-p6-u0-v0-d0-a0-n0-A0-B0-N0-F0__38,5713.359355926514,1.0,1,
miconic_mixed-f10-p6-u0-v0-d0-a0-n0-A0-B0-N0-F0__39,5815.945863723755,1.0,1,
miconic_mixed-f10-p6-u0-v0-d0-a0-n0-A0-B0-N0-F0__4,5879.286766052246,1.0,1,
miconic_mixed-f10-p6-u0-v0-d0-a0-n0-A0-B0-N0-F0__40,5269.305229187012,1.0,1,
miconic_mixed-f10-p6-u0-v0-d0-a0-n0-A0-B0-N0-F0__5,5621.113538742065,1.0,1,
miconic_mixed-f10-p6-u0-v0-d0-a0-n0-A0-B0-N0-F0__6,5327.8913497924805,1.0,1,
miconic_mixed-f10-p6-u0-v0-d0-a0-n0-A0-B0-N0-F0__7,5644.638538360596,1.0,1,
miconic_mixed-f10-p6-u0-v0-d0-a0-n0-A0-B0-N0-F0__8,5014.867782592773,1.0,1,
miconic_mixed-f10-p6-u0-v0-d0-a0-n0-A0-B0-N0-F0__9,5277.236461639404,1.0,1,
miconic_mixed-f6-p7-u0-v0-d0-a0-n0-A0-B0-N0-F0__0,5536.284685134888,1.0,2,3.0
miconic_mixed-f6-p7-u0-v0-d0-a0-n0-A0-B0-N0-F0__1,5580.128192901611,1.0,1,
miconic_mixed-f6-p7-u0-v0-d0-a0-n0-A0-B0-N0-F0__10,5973.120212554932,1.0,2,3.0
miconic_mixed-f6-p7-u0-v0-d0-a0-n0-A0-B0-N0-F0__11,5684.3366622924805,1.0,1,
miconic_mixed-f6-p7-u0-v0-d0-a0-n0-A0-B0-N0-F0__12,5408.866882324219,1.0,1,
miconic_mixed-f6-p7-u0-v0-d0-a0-n0-A0-B0-N0-F0__13,5520.509004592896,1.0,1,
miconic_mixed-f6-p7-u0-v0-d0-a0-n0-A0-B0-N0-F0__14,5659.846067428589,1.0,1,
miconic_mixed-f6-p7-u0-v0-d0-a0-n0-A0-B0-N0-F0__15,5931.663513183594,1.0,2,3.0
miconic_mixed-f6-p7-u0-v0-d0-a0-n0-A0-B0-N0-F0__16,5901.676893234253,1.0,1,
miconic_mixed-f6-p7-u0-v0-d0-a0-n0-A0-B0-N0-F0__17,5692.70396232605,1.0,2,3.0
miconic_mixed-f6-p7-u0-v0-d0-a0-n0-A0-B0-N0-F0__18,5286.920785903931,1.0,1,
miconic_mixed-f6-p7-u0-v0-d0-a0-n0-A0-B0-N0-F0__19,5458.759546279907,1.0,1,
miconic_mixed-f6-p7-u0-v0-d0-a0-n0-A0-B0-N0-F0__2,5612.480163574219,1.0,1,
miconic_mixed-f6-p7-u0-v0-d0-a0-n0-A0-B0-N0-F0__20,5401.882410049439,1.0,1,
miconic_mixed-f6-p7-u0-v0-d0-a0-n0-A0-B0-N0-F0__21,5952.316522598267,1.0,1,
miconic_mixed-f6-p7-u0-v0-d0-a0-n0-A0-B0-N0-F0__22,5416.756629943848,1.0,1,
miconic_mixed-f6-p7-u0-v0-d0-a0-n0-A0-B0-N0-F0__23,5443.21084022522,1.0,1,
miconic_mixed-f6-p7-u0-v0-d0-a0-n0-A0-B0-N0-F0__24,5512.855768203735,1.0,1,
miconic_mixed-f6-p7-u0-v0-d0-a0-n0-A0-B0-N0-F0__25,5747.946262359619,1.0,1,
miconic_mixed-f6-p7-u0-v0-d0-a0-n0-A0-B0-N0-F0__26,5569.048881530762,1.0,1,
miconic_mixed-f6-p7-u0-v0-d0-a0-n0-A0-B0-N0-F0__27,5402.081489562988,1.0,1,
miconic_mixed-f6-p7-u0-v0-d0-a0-n0-A0-B0-N0-F0__28,5433.083534240723,1.0,1,
miconic_mixed-f6-p7-u0-v0-d0-a0-n0-A0-B0-N0-F0__29,5329.605102539063,1.0,1,
miconic_mixed-f6-p7-u0-v0-d0-a0-n0-A0-B0-N0-F0__3,5551.125764846802,1.0,1,
miconic_mixed-f6-p7-u0-v0-d0-a0-n0-A0-B0-N0-F0__30,5808.857440948486,1.0,1,
miconic_mixed-f6-p7-u0-v0-d0-a0-n0-A0-B0-N0-F0__31,5643.613815307617,1.0,1,
miconic_mixed-f6-p7-u0-v0-d0-a0-n0-A0-B0-N0-F0__32,5599.284648895264,1.0,1,
miconic_mixed-f6-p7-u0-v0-d0-a0-n0-A0-B0-N0-F0__33,5294.703006744385,1.0,1,
miconic_mixed-f6-p7-u0-v0-d0-a0-n0-A0-B0-N0-F0__34,5467.319488525391,1.0,1,
miconic_mixed-f6-p7-u0-v0-d0-a0-n0-A0-B0-N0-F0__35,5591.42017364502,1.0,1,
miconic_mixed-f6-p7-u0-v0-d0-a0-n0-A0-B0-N0-F0__36,5605.052471160889,1.0,1,
miconic_mixed-f6-p7-u0-v0-d0-a0-n0-A0-B0-N0-F0__37,5481.861114501953,1.0,1,
miconic_mixed-f6-p7-u0-v0-d0-a0-n0-A0-B0-N0-F0__38,5635.080099105835,1.0,1,
miconic_mixed-f6-p7-u0-v0-d0-a0-n0-A0-B0-N0-F0__39,5385.764837265015,1.0,1,
miconic_mixed-f6-p7-u0-v0-d0-a0-n0-A0-B0-N0-F0__4,5421.6628074646,1.0,1,
miconic_mixed-f6-p7-u0-v0-d0-a0-n0-A0-B0-N0-F0__40,5256.605863571167,1.0,1,
miconic_mixed-f6-p7-u0-v0-d0-a0-n0-A0-B0-N0-F0__41,5465.442657470703,1.0,1,
miconic_mixed-f6-p7-u0-v0-d0-a0-n0-A0-B0-N0-F0__42,5342.617750167847,1.0,1,
miconic_mixed-f6-p7-u0-v0-d0-a0-n0-A0-B0-N0-F0__43,5440.025091171265,1.0,1,
miconic_mixed-f6-p7-u0-v0-d0-a0-n0-A0-B0-N0-F0__44,5642.473459243774,1.0,1,
miconic_mixed-f6-p7-u0-v0-d0-a0-n0-A0-B0-N0-F0__45,5914.204120635986,1.0,1,
miconic_mixed-f6-p7-u0-v0-d0-a0-n0-A0-B0-N0-F0__46,5620.913028717041,1.0,1,
miconic_mixed-f6-p7-u0-v0-d0-a0-n0-A0-B0-N0-F0__47,5583.742618560791,1.0,1,
miconic_mixed-f6-p7-u0-v0-d0-a0-n0-A0-B0-N0-F0__48,5445.604562759399,1.0,1,
miconic_mixed-f6-p7-u0-v0-d0-a0-n0-A0-B0-N0-F0__49,5442.254543304443,1.0,1,
miconic_mixed-f6-p7-u0-v0-d0-a0-n0-A0-B0-N0-F0__5,5481.890678405762,1.0,1,
miconic_mixed-f6-p7-u0-v0-d0-a0-n0-A0-B0-N0-F0__50,5426.124572753906,1.0,1,
miconic_mixed-f6-p7-u0-v0-d0-a0-n0-A0-B0-N0-F0__51,5372.052431106567,1.0,1,
miconic_mixed-f6-p7-u0-v0-d0-a0-n0-A0-B0-N0-F0__52,5330.90353012085,1.0,1,
miconic_mixed-f6-p7-u0-v0-d0-a0-n0-A0-B0-N0-F0__53,5602.203607559204,1.0,1,
miconic_mixed-f6-p7-u0-v0-d0-a0-n0-A0-B0-N0-F0__54,6004.374504089356,1.0,1,
miconic_mixed-f6-p7-u0-v0-d0-a0-n0-A0-B0-N0-F0__55,5601.212739944458,1.0,1,
miconic_mixed-f6-p7-u0-v0-d0-a0-n0-A0-B0-N0-F0__56,5294.813632965088,1.0,1,
miconic_mixed-f6-p7-u0-v0-d0-a0-n0-A0-B0-N0-F0__57,5549.906492233276,1.0,1,
miconic_mixed-f6-p7-u0-v0-d0-a0-n0-A0-B0-N0-F0__58,5601.674318313599,1.0,1,
miconic_mixed-f6-p7-u0-v0-d0-a0-n0-A0-B0-N0-F0__6,5312.64591217041,1.0,1,
miconic_mixed-f6-p7-u0-v0-d0-a0-n0-A0-B0-N0-F0__7,6152.296781539917,1.0,1,
miconic_mixed-f6-p7-u0-v0-d0-a0-n0-A0-B0-N0-F0__8,5719.099521636963,1.0,1,
miconic_mixed-f6-p7-u0-v0-d0-a0-n0-A0-B0-N0-F0__9,5424.47566986084,1.0,1,
