Name,Time-SOFAI-PF-FD,Corr-SOFAI-PF-FD,Sys-SOFAI-PF-FD,Planner-SOFAI-PF-FD
_problem_12_12__0,61084.312200546265,0.0,-1,-1
_problem_12_15__0,60235.31746864319,0.0,-1,-1
_problem_12_16__0,60948.93789291382,0.0,-1,-1
_problem_12_17__0,60311.99836730957,0.0,-1,-1
_problem_12_20__0,60924.74126815796,0.0,-1,-1
_problem_12_23__0,60231.46653175354,0.0,-1,-1
_problem_12_25__0,60766.67237281799,0.0,-1,-1
_problem_12_32__0,60387.4192237854,0.0,-1,-1
_problem_12_34__0,60710.43848991394,0.0,-1,-1
_problem_12_35__0,60816.704511642456,0.0,-1,-1
_problem_12_38__0,60649.022340774536,0.0,-1,-1
_problem_12_42__0,61050.62460899353,0.0,-1,-1
_problem_12_43__0,60277.32563018799,0.0,-1,-1
_problem_12_45__0,60145.28799057007,0.0,-1,-1
_problem_12_47__0,60263.61012458801,0.0,-1,-1
_problem_12_48__0,60845.2467918396,0.0,-1,-1
_problem_12_49__0,60406.259059906006,0.0,-1,-1
_problem_12_51__0,60574.99122619629,0.0,-1,-1
_problem_12_55__0,60215.23404121399,0.0,-1,-1
_problem_12_56__0,60450.8228302002,0.0,-1,-1
_problem_12_58__0,60257.02381134033,0.0,-1,-1
_problem_12_68__0,60935.47701835632,0.0,-1,-1
_problem_12_69__0,60238.60168457031,0.0,-1,-1
_problem_4_6_7_113__0,60931.771993637085,0.0,-1,-1
_problem_4_6_7_114__0,60731.90665245056,0.0,-1,-1
_problem_4_6_7_115__0,60749.61352348328,0.0,-1,-1
_problem_4_6_7_116__0,60374.605894088745,0.0,-1,-1
_problem_4_6_7_117__0,60681.70070648193,0.0,-1,-1
_problem_4_6_7_118__0,60510.093450546265,0.0,-1,-1
_problem_4_6_7_121__0,60514.508962631226,0.0,-1,-1
_problem_4_6_7_122__0,60442.14963912964,0.0,-1,-1
_problem_4_6_7_123__0,60913.58017921448,0.0,-1,-1
_problem_4_6_7_124__0,60783.082485198975,0.0,-1,-1
_problem_4_6_7_125__0,60697.17049598694,0.0,-1,-1
_problem_4_6_7_126__0,60413.72966766357,0.0,-1,-1
_problem_4_6_7_127__0,60263.85235786438,0.0,-1,-1
_problem_4_6_7_128__0,60835.90221405029,0.0,-1,-1
_problem_4_6_7_129__0,61028.65195274353,0.0,-1,-1
_problem_4_6_7_130__0,60720.0186252594,0.0,-1,-1
_problem_4_6_7_131__0,60577.56328582764,0.0,-1,-1
_problem_4_6_7_132__0,61067.42000579834,0.0,-1,-1
_problem_4_6_7_133__0,60285.77995300293,0.0,-1,-1
_problem_4_6_7_134__0,60969.74062919617,0.0,-1,-1
_problem_4_6_7_135__0,60487.22219467163,0.0,-1,-1
_problem_4_6_7_136__0,60406.31318092346,0.0,-1,-1
_problem_4_6_7_137__0,60429.58927154541,0.0,-1,-1
_problem_4_6_7_140__0,60830.70421218872,0.0,-1,-1
_problem_4_6_7_141__0,60719.477891922,0.0,-1,-1
_problem_4_6_7_142__0,60966.64547920227,0.0,-1,-1
_problem_4_6_7_143__0,60961.554765701294,0.0,-1,-1
_problem_4_6_7_144__0,60902.08554267883,0.0,-1,-1
_problem_4_6_7_145__0,60332.10396766663,0.0,-1,-1
_problem_4_6_7_146__0,60435.60314178467,0.0,-1,-1
_problem_4_6_7_148__0,60971.50707244873,0.0,-1,-1
_problem_4_6_7_149__0,60171.82517051697,0.0,-1,-1
_problem_4_6_7_151__0,60939.66722488403,0.0,-1,-1
_problem_4_6_7_152__0,60825.03890991211,0.0,-1,-1
_problem_4_6_7_153__0,60977.42915153504,0.0,-1,-1
_problem_4_6_7_154__0,60616.27531051636,0.0,-1,-1
_problem_4_6_7_155__0,61036.58366203308,0.0,-1,-1
_problem_4_6_7_156__0,60359.69614982605,0.0,-1,-1
_problem_4_6_7_157__0,60297.22356796265,0.0,-1,-1
_problem_4_6_7_158__0,60987.428188323975,0.0,-1,-1
_problem_4_6_7_159__0,60958.00757408142,0.0,-1,-1
_problem_4_6_7_160__0,60665.81892967224,0.0,-1,-1
_problem_4_6_7_161__0,60613.01255226135,0.0,-1,-1
_problem_4_6_7_163__0,60529.64973449707,0.0,-1,-1
_problem_4_6_7_164__0,60753.80539894104,0.0,-1,-1
_problem_4_6_7_165__0,60713.35005760193,0.0,-1,-1
_problem_4_6_7_166__0,60476.34172439575,0.0,-1,-1
_problem_4_6_7_167__0,60919.87299919128,0.0,-1,-1
_problem_4_6_7_168__0,60368.63875389099,0.0,-1,-1
_problem_4_6_7_169__0,60577.57067680359,0.0,-1,-1
_problem_4_6_7_170__0,60536.3757610321,0.0,-1,-1
_problem_4_6_7_172__0,60860.13436317444,0.0,-1,-1
_problem_4_6_7_173__0,60531.48412704468,0.0,-1,-1
_problem_4_6_7_176__0,60944.6976184845,0.0,-1,-1
_problem_4_6_7_177__0,60814.19897079468,0.0,-1,-1
_problem_4_6_7_178__0,60478.65056991577,0.0,-1,-1
_problem_4_6_7_179__0,60536.70287132263,0.0,-1,-1
_problem_4_6_7_180__0,60310.651779174805,0.0,-1,-1
_problem_4_6_7_181__0,60398.34952354431,0.0,-1,-1
_problem_4_6_7_182__0,60431.65826797485,0.0,-1,-1
_problem_4_6_7_183__0,60807.26385116577,0.0,-1,-1
_problem_4_6_7_184__0,60888.901710510254,0.0,-1,-1
_problem_4_6_7_185__0,60529.0641784668,0.0,-1,-1
_problem_4_6_7_187__0,60957.31735229492,0.0,-1,-1
_problem_4_6_7_188__0,60687.85977363586,0.0,-1,-1
_problem_4_6_7_189__0,60961.61890029907,0.0,-1,-1
_problem_4_6_7_190__0,61059.359312057495,0.0,-1,-1
_problem_4_6_7_191__0,60686.39492988586,0.0,-1,-1
_problem_4_6_7_192__0,60539.17956352234,0.0,-1,-1
_problem_4_6_7_193__0,60177.207708358765,0.0,-1,-1
_problem_4_6_7_194__0,60515.16938209534,0.0,-1,-1
_problem_4_6_7_196__0,60849.07031059265,0.0,-1,-1
_problem_4_6_7_197__0,60639.39070701599,0.0,-1,-1
_problem_4_6_7_198__0,60520.39170265198,0.0,-1,-1
_problem_4_6_7_199__0,60712.1045589447,0.0,-1,-1
_problem_5_7_9_10__0,60731.181383132935,0.0,-1,-1
_problem_5_7_9_11__0,61132.66086578369,0.0,-1,-1
_problem_5_7_9_12__0,60662.48154640198,0.0,-1,-1
_problem_5_7_9_13__0,60724.33280944824,0.0,-1,-1
_problem_5_7_9_14__0,61257.93933868408,0.0,-1,-1
_problem_5_7_9_15__0,60294.13890838623,0.0,-1,-1
_problem_5_7_9_16__0,60382.76791572571,0.0,-1,-1
_problem_5_7_9_17__0,60149.0204334259,0.0,-1,-1
_problem_5_7_9_18__0,60570.16372680664,0.0,-1,-1
_problem_5_7_9_19__0,60262.40634918213,0.0,-1,-1
_problem_5_7_9_20__0,60899.93190765381,0.0,-1,-1
_problem_5_7_9_5__0,60235.19587516785,0.0,-1,-1
blocksworld_problem_10_100__0,7414.393424987793,1.0,2,1
blocksworld_problem_10_101__0,7257.562160491943,1.0,2,1
blocksworld_problem_10_102__0,6667.340517044067,1.0,2,1
blocksworld_problem_10_103__0,6887.671709060669,1.0,2,1
blocksworld_problem_10_104__0,7083.729982376099,1.0,2,1
blocksworld_problem_10_105__0,6603.131771087647,1.0,2,1
blocksworld_problem_10_106__0,6527.099132537842,1.0,2,1
blocksworld_problem_10_107__0,6527.547359466553,1.0,2,1
blocksworld_problem_10_108__0,8016.573429107666,1.0,2,1
blocksworld_problem_10_109__0,46874.69387054443,1.0,2,1
blocksworld_problem_10_110__0,6866.987466812134,1.0,2,1
blocksworld_problem_10_111__0,7103.416442871094,1.0,2,1
blocksworld_problem_10_112__0,8125.872373580933,1.0,2,1
blocksworld_problem_10_113__0,8472.18108177185,1.0,2,1
blocksworld_problem_10_114__0,5867.774486541748,1.0,2,1
blocksworld_problem_10_115__0,8909.307956695557,1.0,2,1
blocksworld_problem_10_116__0,6209.554195404053,1.0,2,1
blocksworld_problem_10_117__0,6072.382211685181,1.0,2,1
blocksworld_problem_10_118__0,9377.708435058594,1.0,2,1
blocksworld_problem_10_119__0,6475.605010986328,1.0,2,1
blocksworld_problem_10_91__0,5924.354076385498,1.0,2,1
blocksworld_problem_10_92__0,7449.474334716797,1.0,2,1
blocksworld_problem_10_93__0,7207.3986530303955,1.0,2,1
blocksworld_problem_10_94__0,6494.662284851074,1.0,2,1
blocksworld_problem_10_95__0,6791.425943374634,1.0,2,1
blocksworld_problem_10_96__0,9667.391538619995,1.0,2,1
blocksworld_problem_10_97__0,11151.5691280365,1.0,2,1
blocksworld_problem_10_98__0,9386.17777824402,1.0,2,1
blocksworld_problem_10_99__0,7020.684003829956,1.0,2,1
blocksworld_problem_12_10__0,7964.280128479004,1.0,2,1
blocksworld_problem_12_11__0,13533.827543258669,1.0,2,1
blocksworld_problem_12_13__0,6870.3343868255615,1.0,2,1
blocksworld_problem_12_14__0,12469.102144241331,1.0,2,1
blocksworld_problem_12_18__0,8884.551286697388,1.0,2,1
blocksworld_problem_12_19__0,16208.101272583008,1.0,2,1
blocksworld_problem_12_1__0,5945.416688919067,1.0,2,1
blocksworld_problem_12_21__0,8025.551319122314,1.0,2,1
blocksworld_problem_12_22__0,6656.895160675049,1.0,2,1
blocksworld_problem_12_24__0,27324.55682754517,1.0,2,1
blocksworld_problem_12_26__0,25135.204792022705,1.0,2,1
blocksworld_problem_12_27__0,14471.046447753906,1.0,2,1
blocksworld_problem_12_28__0,35338.468074798584,1.0,2,1
blocksworld_problem_12_29__0,17783.577919006348,1.0,2,1
blocksworld_problem_12_2__0,11284.445524215698,1.0,2,1
blocksworld_problem_12_30__0,12196.365356445312,1.0,2,1
blocksworld_problem_12_31__0,12289.380073547363,1.0,2,1
blocksworld_problem_12_33__0,56099.4439125061,1.0,2,1
blocksworld_problem_12_36__0,7033.025979995728,1.0,2,1
blocksworld_problem_12_37__0,7020.187377929688,1.0,2,1
blocksworld_problem_12_39__0,10206.17961883545,1.0,2,1
blocksworld_problem_12_3__0,19395.179510116577,1.0,2,1
blocksworld_problem_12_40__0,10694.243907928469,1.0,2,1
blocksworld_problem_12_41__0,31064.33582305908,1.0,2,1
blocksworld_problem_12_44__0,13160.580158233644,1.0,2,1
blocksworld_problem_12_46__0,8385.65969467163,1.0,2,1
blocksworld_problem_12_4__0,26403.392553329468,1.0,2,1
blocksworld_problem_12_50__0,9001.980066299438,1.0,2,1
blocksworld_problem_12_52__0,9432.315587997437,1.0,2,1
blocksworld_problem_12_53__0,6859.829664230347,1.0,2,1
blocksworld_problem_12_54__0,48826.67589187622,1.0,2,1
blocksworld_problem_12_57__0,14890.14220237732,1.0,2,1
blocksworld_problem_12_59__0,9418.147802352903,1.0,2,1
blocksworld_problem_12_5__0,8208.713054656982,1.0,2,1
blocksworld_problem_12_60__0,20323.304414749146,1.0,2,1
blocksworld_problem_12_61__0,9372.366666793823,1.0,2,1
blocksworld_problem_12_63__0,45543.55883598328,1.0,2,1
blocksworld_problem_12_64__0,8130.304098129272,1.0,2,1
blocksworld_problem_12_65__0,8507.687330245972,1.0,2,1
blocksworld_problem_12_66__0,10871.567487716677,1.0,2,1
blocksworld_problem_12_67__0,7292.415618896484,1.0,2,1
blocksworld_problem_12_6__0,9044.248819351196,1.0,2,1
blocksworld_problem_12_70__0,15044.894218444824,1.0,2,1
blocksworld_problem_12_77__0,9388.003587722778,1.0,2,1
blocksworld_problem_12_7__0,13514.126539230348,1.0,2,1
blocksworld_problem_12_8__0,9442.955017089844,1.0,2,1
blocksworld_problem_12_9__0,6830.899000167847,1.0,2,1
ferry_ferry-l6-c6__0,8848.315238952637,1.0,2,1
ferry_ferry-l6-c6__1,9217.756986618042,1.0,2,1
ferry_ferry-l6-c6__10,9478.351354599,1.0,2,1
ferry_ferry-l6-c6__11,7477.013826370239,1.0,2,1
ferry_ferry-l6-c6__12,9744.714975357056,1.0,2,1
ferry_ferry-l6-c6__13,7698.155403137207,1.0,2,1
ferry_ferry-l6-c6__14,7961.555242538452,1.0,2,1
ferry_ferry-l6-c6__15,9381.579637527466,1.0,2,1
ferry_ferry-l6-c6__16,11322.247505187988,1.0,2,1
ferry_ferry-l6-c6__17,7406.296491622925,1.0,2,1
ferry_ferry-l6-c6__18,9545.721292495728,1.0,2,1
ferry_ferry-l6-c6__19,7363.969326019287,1.0,2,1
ferry_ferry-l6-c6__2,7175.498008728027,1.0,2,1
ferry_ferry-l6-c6__20,6897.44234085083,1.0,2,1
ferry_ferry-l6-c6__21,7450.412034988403,1.0,2,1
ferry_ferry-l6-c6__22,6462.6970291137695,1.0,2,1
ferry_ferry-l6-c6__23,8462.276220321655,1.0,2,1
ferry_ferry-l6-c6__24,6442.032814025879,1.0,2,1
ferry_ferry-l6-c6__25,6971.101999282837,1.0,2,1
ferry_ferry-l6-c6__26,8091.431379318237,1.0,2,1
ferry_ferry-l6-c6__27,6721.776008605957,1.0,2,1
ferry_ferry-l6-c6__28,6666.59140586853,1.0,2,1
ferry_ferry-l6-c6__29,9472.170352935793,1.0,2,1
ferry_ferry-l6-c6__3,6740.863561630249,1.0,2,1
ferry_ferry-l6-c6__30,7619.80676651001,1.0,2,1
ferry_ferry-l6-c6__31,7697.977542877197,1.0,2,1
ferry_ferry-l6-c6__32,7243.685960769653,1.0,2,1
ferry_ferry-l6-c6__33,9662.670373916626,1.0,2,1
ferry_ferry-l6-c6__34,6598.581552505493,1.0,2,1
ferry_ferry-l6-c6__35,7699.552774429321,1.0,2,1
ferry_ferry-l6-c6__36,7506.30784034729,1.0,2,1
ferry_ferry-l6-c6__37,9878.81875038147,1.0,2,1
ferry_ferry-l6-c6__38,9471.807956695557,1.0,2,1
ferry_ferry-l6-c6__39,7871.433734893799,1.0,2,1
ferry_ferry-l6-c6__4,7862.185955047607,1.0,2,1
ferry_ferry-l6-c6__40,8809.691190719604,1.0,2,1
ferry_ferry-l6-c6__41,11734.121322631836,1.0,2,1
ferry_ferry-l6-c6__42,11514.12796974182,1.0,2,1
ferry_ferry-l6-c6__43,7202.968120574951,1.0,2,1
ferry_ferry-l6-c6__44,9360.355615615845,1.0,2,1
ferry_ferry-l6-c6__45,10255.109071731567,1.0,2,1
ferry_ferry-l6-c6__46,7083.439826965332,1.0,2,1
ferry_ferry-l6-c6__47,7259.652614593506,1.0,2,1
ferry_ferry-l6-c6__48,7075.109481811523,1.0,2,1
ferry_ferry-l6-c6__49,7813.22979927063,1.0,2,1
ferry_ferry-l6-c6__5,7739.207744598389,1.0,2,1
ferry_ferry-l6-c6__50,8333.036661148071,1.0,2,1
ferry_ferry-l6-c6__51,8890.231370925903,1.0,2,1
ferry_ferry-l6-c6__52,7791.051864624023,1.0,2,1
ferry_ferry-l6-c6__53,7366.498231887817,1.0,2,1
ferry_ferry-l6-c6__54,7936.898231506348,1.0,2,1
ferry_ferry-l6-c6__55,9414.847373962402,1.0,2,1
ferry_ferry-l6-c6__56,7682.48176574707,1.0,2,1
ferry_ferry-l6-c6__57,7172.4395751953125,1.0,2,1
ferry_ferry-l6-c6__58,7426.215410232544,1.0,2,1
ferry_ferry-l6-c6__59,9583.238363265991,1.0,2,1
ferry_ferry-l6-c6__6,9898.167848587036,1.0,2,1
ferry_ferry-l6-c6__60,11149.142026901243,1.0,2,1
ferry_ferry-l6-c6__61,11390.62762260437,1.0,2,1
ferry_ferry-l6-c6__62,7125.129461288452,1.0,2,1
ferry_ferry-l6-c6__63,7901.915073394775,1.0,2,1
ferry_ferry-l6-c6__64,7018.468379974365,1.0,2,1
ferry_ferry-l6-c6__65,8002.845525741577,1.0,2,1
ferry_ferry-l6-c6__66,7342.668294906616,1.0,2,1
ferry_ferry-l6-c6__67,9797.582387924194,1.0,2,1
ferry_ferry-l6-c6__68,7491.913795471191,1.0,2,1
ferry_ferry-l6-c6__69,9388.56816291809,1.0,2,1
ferry_ferry-l6-c6__7,6996.562480926514,1.0,2,1
ferry_ferry-l6-c6__70,6727.487802505493,1.0,2,1
ferry_ferry-l6-c6__71,6319.324493408203,1.0,2,1
ferry_ferry-l6-c6__72,11471.17567062378,1.0,2,1
ferry_ferry-l6-c6__73,7073.088645935059,1.0,2,1
ferry_ferry-l6-c6__74,7393.901348114014,1.0,2,1
ferry_ferry-l6-c6__75,8916.824579238892,1.0,2,1
ferry_ferry-l6-c6__76,11215.584993362429,1.0,2,1
ferry_ferry-l6-c6__77,6542.195081710815,1.0,2,1
ferry_ferry-l6-c6__78,11194.381475448608,1.0,2,1
ferry_ferry-l6-c6__79,6342.384576797485,1.0,2,1
ferry_ferry-l6-c6__8,7906.807422637939,1.0,2,1
ferry_ferry-l6-c6__80,7328.537464141846,1.0,2,1
ferry_ferry-l6-c6__81,7168.938875198364,1.0,2,1
ferry_ferry-l6-c6__82,11617.558240890505,1.0,2,1
ferry_ferry-l6-c6__83,6937.941789627075,1.0,2,1
ferry_ferry-l6-c6__84,8613.341808319092,1.0,2,1
ferry_ferry-l6-c6__85,7056.8718910217285,1.0,2,1
ferry_ferry-l6-c6__86,10640.81358909607,1.0,2,1
ferry_ferry-l6-c6__87,10572.585344314575,1.0,2,1
ferry_ferry-l6-c6__88,6618.946552276611,1.0,2,1
ferry_ferry-l6-c6__89,7703.239917755127,1.0,2,1
ferry_ferry-l6-c6__9,6614.649057388306,1.0,2,1
ferry_ferry-l6-c6__90,6580.484867095947,1.0,2,1
ferry_ferry-l6-c6__91,7398.781776428223,1.0,2,1
ferry_ferry-l6-c6__92,10191.478729248049,1.0,2,1
ferry_ferry-l6-c6__93,7887.433290481567,1.0,2,1
ferry_ferry-l6-c6__94,5878.360033035278,1.0,2,1
ferry_ferry-l6-c6__95,7916.433334350586,1.0,2,1
ferry_ferry-l6-c6__96,9946.165800094604,1.0,2,1
ferry_ferry-l6-c6__97,5848.3076095581055,1.0,2,1
ferry_ferry-l6-c6__98,7419.345378875732,1.0,2,1
ferry_ferry-l6-c6__99,7220.236301422119,1.0,2,1
gripper-strips_problem_4_6_7_119__0,9195.24335861206,1.0,2,1
gripper-strips_problem_4_6_7_120__0,50374.7546672821,1.0,2,1
gripper-strips_problem_4_6_7_138__0,12775.435447692871,1.0,2,1
gripper-strips_problem_4_6_7_139__0,12705.66701889038,1.0,2,1
gripper-strips_problem_4_6_7_147__0,28518.63121986389,1.0,2,1
gripper-strips_problem_4_6_7_150__0,8159.665107727051,1.0,2,1
gripper-strips_problem_4_6_7_162__0,57314.94522094727,1.0,2,1
gripper-strips_problem_4_6_7_171__0,22798.04730415344,1.0,2,1
gripper-strips_problem_4_6_7_174__0,10861.158847808838,1.0,2,1
gripper-strips_problem_4_6_7_175__0,12307.332038879396,1.0,2,1
gripper-strips_problem_4_6_7_186__0,25815.24610519409,1.0,2,1
gripper-strips_problem_4_6_7_195__0,31174.5502948761,1.0,2,1
gripper-strips_problem_4_6_7_200__0,10847.83673286438,1.0,2,1
hanoi_problem_6_101__0,6143.84651184082,1.0,2,1
hanoi_problem_6_102__0,6855.814218521118,1.0,2,1
hanoi_problem_6_103__0,6520.798206329346,1.0,2,1
hanoi_problem_6_104__0,7013.376474380493,1.0,2,1
hanoi_problem_6_105__0,7201.069116592407,1.0,2,1
hanoi_problem_6_106__0,7678.622245788574,1.0,2,1
hanoi_problem_6_107__0,7052.166223526001,1.0,2,1
hanoi_problem_6_108__0,6679.955005645752,1.0,2,1
hanoi_problem_6_109__0,6340.874910354614,1.0,2,1
hanoi_problem_6_110__0,7011.084794998169,1.0,2,1
hanoi_problem_6_111__0,5822.282552719116,1.0,2,1
hanoi_problem_6_112__0,5848.40202331543,1.0,2,1
hanoi_problem_6_113__0,6101.971387863159,1.0,2,1
hanoi_problem_6_114__0,6996.732473373413,1.0,2,1
hanoi_problem_6_115__0,7637.152671813965,1.0,2,1
hanoi_problem_6_116__0,8454.672813415527,1.0,2,1
hanoi_problem_6_117__0,6960.81280708313,1.0,2,1
hanoi_problem_6_118__0,7652.513265609741,1.0,2,1
hanoi_problem_6_119__0,7508.863925933838,1.0,2,1
hanoi_problem_6_120__0,9902.551412582396,1.0,2,1
hanoi_problem_6_121__0,9367.770433425903,1.0,2,1
hanoi_problem_6_122__0,7267.063140869141,1.0,2,1
hanoi_problem_6_123__0,5708.209037780762,1.0,2,1
hanoi_problem_6_124__0,6465.507030487061,1.0,2,1
hanoi_problem_6_125__0,6875.798940658569,1.0,2,1
hanoi_problem_6_126__0,7943.771123886108,1.0,2,1
hanoi_problem_6_127__0,7812.905788421631,1.0,2,1
hanoi_problem_6_128__0,6537.598848342896,1.0,2,1
hanoi_problem_6_129__0,7088.028907775879,1.0,2,1
hanoi_problem_6_130__0,5843.048810958862,1.0,2,1
hanoi_problem_6_131__0,6796.139478683472,1.0,2,1
hanoi_problem_6_132__0,7830.541372299194,1.0,2,1
hanoi_problem_6_133__0,7252.047538757324,1.0,2,1
hanoi_problem_6_134__0,7048.499584197998,1.0,2,1
hanoi_problem_6_135__0,6682.6677322387695,1.0,2,1
hanoi_problem_6_136__0,5680.957317352295,1.0,2,1
hanoi_problem_6_137__0,7053.493499755859,1.0,2,1
hanoi_problem_6_138__0,5550.809860229492,1.0,2,1
hanoi_problem_6_139__0,7385.738849639893,1.0,2,1
hanoi_problem_6_140__0,5890.080451965332,1.0,2,1
hanoi_problem_6_141__0,6504.800319671631,1.0,2,1
hanoi_problem_6_142__0,8955.991744995117,1.0,2,1
hanoi_problem_6_143__0,6893.22566986084,1.0,2,1
hanoi_problem_6_144__0,7012.693405151367,1.0,2,1
hanoi_problem_6_145__0,8932.123899459839,1.0,2,1
hanoi_problem_6_146__0,7958.495855331421,1.0,2,1
hanoi_problem_6_147__0,6274.989604949951,1.0,2,1
hanoi_problem_6_148__0,7520.386457443237,1.0,2,1
hanoi_problem_6_149__0,7457.644462585449,1.0,2,1
hanoi_problem_6_150__0,5910.197973251343,1.0,2,1
hanoi_problem_6_151__0,7151.015758514404,1.0,2,1
hanoi_problem_6_152__0,6472.939252853394,1.0,2,1
hanoi_problem_6_153__0,7292.425632476807,1.0,2,1
hanoi_problem_6_154__0,8062.019109725952,1.0,2,1
hanoi_problem_6_155__0,6598.511457443237,1.0,2,1
hanoi_problem_6_156__0,7474.1833209991455,1.0,2,1
hanoi_problem_6_157__0,6072.201490402222,1.0,2,1
hanoi_problem_6_158__0,8834.695816040039,1.0,2,1
hanoi_problem_6_159__0,8270.187854766846,1.0,2,1
hanoi_problem_6_160__0,8206.751585006714,1.0,2,1
hanoi_problem_6_161__0,7076.650142669678,1.0,2,1
hanoi_problem_6_162__0,6188.237190246582,1.0,2,1
hanoi_problem_6_163__0,7225.868701934814,1.0,2,1
hanoi_problem_6_164__0,6732.681751251221,1.0,2,1
hanoi_problem_6_165__0,6930.377244949341,1.0,2,1
hanoi_problem_6_166__0,7976.642608642578,1.0,2,1
hanoi_problem_6_167__0,7714.278221130371,1.0,2,1
hanoi_problem_6_168__0,6699.163913726807,1.0,2,1
hanoi_problem_6_169__0,10150.959491729736,1.0,2,1
hanoi_problem_6_170__0,8527.884721755981,1.0,2,1
hanoi_problem_6_171__0,6966.695308685303,1.0,2,1
hanoi_problem_6_172__0,6260.986089706421,1.0,2,1
hanoi_problem_6_173__0,7579.145669937134,1.0,2,1
hanoi_problem_6_174__0,7105.537891387939,1.0,2,1
hanoi_problem_6_175__0,6237.045049667358,1.0,2,1
hanoi_problem_6_176__0,6604.076385498047,1.0,2,1
hanoi_problem_6_177__0,6230.970621109009,1.0,2,1
hanoi_problem_6_178__0,5961.560249328613,1.0,2,1
hanoi_problem_6_179__0,5896.020174026489,1.0,2,1
hanoi_problem_6_180__0,7112.268447875977,1.0,2,1
hanoi_problem_6_181__0,8289.328813552856,1.0,2,1
hanoi_problem_6_182__0,6173.393964767456,1.0,2,1
hanoi_problem_6_183__0,6089.422941207886,1.0,2,1
hanoi_problem_6_184__0,8772.942543029785,1.0,2,1
hanoi_problem_6_185__0,8456.608295440674,1.0,2,1
hanoi_problem_6_186__0,6607.713937759399,1.0,2,1
hanoi_problem_6_187__0,6862.500905990601,1.0,2,1
hanoi_problem_6_188__0,7631.587266921997,1.0,2,1
hanoi_problem_6_189__0,7875.15926361084,1.0,2,1
hanoi_problem_6_190__0,6858.472108840942,1.0,2,1
hanoi_problem_6_191__0,6917.683124542236,1.0,2,1
hanoi_problem_6_192__0,6135.1587772369385,1.0,2,1
hanoi_problem_6_193__0,6862.50901222229,1.0,2,1
hanoi_problem_6_194__0,5988.76166343689,1.0,2,1
hanoi_problem_6_195__0,7635.068893432617,1.0,2,1
hanoi_problem_6_196__0,7753.956317901611,1.0,2,1
hanoi_problem_6_197__0,7744.043827056885,1.0,2,1
hanoi_problem_6_198__0,8843.400478363037,1.0,2,1
hanoi_problem_6_199__0,7379.250764846802,1.0,2,1
hanoi_problem_6_200__0,6670.273780822754,1.0,2,1
miconic_mixed-f10-p6-u0-v0-d0-a0-n0-A0-B0-N0-F0__0,11243.588209152222,1.0,2,1
miconic_mixed-f10-p6-u0-v0-d0-a0-n0-A0-B0-N0-F0__1,9566.88117980957,1.0,2,1
miconic_mixed-f10-p6-u0-v0-d0-a0-n0-A0-B0-N0-F0__10,9502.114057540894,1.0,2,1
miconic_mixed-f10-p6-u0-v0-d0-a0-n0-A0-B0-N0-F0__11,9413.963317871094,1.0,2,1
miconic_mixed-f10-p6-u0-v0-d0-a0-n0-A0-B0-N0-F0__12,9832.680225372314,1.0,2,1
miconic_mixed-f10-p6-u0-v0-d0-a0-n0-A0-B0-N0-F0__13,10282.562494277954,1.0,2,1
miconic_mixed-f10-p6-u0-v0-d0-a0-n0-A0-B0-N0-F0__14,11894.915342330933,1.0,2,1
miconic_mixed-f10-p6-u0-v0-d0-a0-n0-A0-B0-N0-F0__15,11593.223333358765,1.0,2,1
miconic_mixed-f10-p6-u0-v0-d0-a0-n0-A0-B0-N0-F0__16,9895.309209823608,1.0,2,1
miconic_mixed-f10-p6-u0-v0-d0-a0-n0-A0-B0-N0-F0__17,11387.11166381836,1.0,2,1
miconic_mixed-f10-p6-u0-v0-d0-a0-n0-A0-B0-N0-F0__18,11607.948541641235,1.0,2,1
miconic_mixed-f10-p6-u0-v0-d0-a0-n0-A0-B0-N0-F0__19,9713.191032409668,1.0,2,1
miconic_mixed-f10-p6-u0-v0-d0-a0-n0-A0-B0-N0-F0__2,11757.671117782593,1.0,2,1
miconic_mixed-f10-p6-u0-v0-d0-a0-n0-A0-B0-N0-F0__20,11298.7060546875,1.0,2,1
miconic_mixed-f10-p6-u0-v0-d0-a0-n0-A0-B0-N0-F0__21,11712.04423904419,1.0,2,1
miconic_mixed-f10-p6-u0-v0-d0-a0-n0-A0-B0-N0-F0__22,11177.647590637209,1.0,2,1
miconic_mixed-f10-p6-u0-v0-d0-a0-n0-A0-B0-N0-F0__23,9844.415426254272,1.0,2,1
miconic_mixed-f10-p6-u0-v0-d0-a0-n0-A0-B0-N0-F0__24,10072.837829589844,1.0,2,1
miconic_mixed-f10-p6-u0-v0-d0-a0-n0-A0-B0-N0-F0__25,9810.768842697144,1.0,2,1
miconic_mixed-f10-p6-u0-v0-d0-a0-n0-A0-B0-N0-F0__26,9938.086986541748,1.0,2,1
miconic_mixed-f10-p6-u0-v0-d0-a0-n0-A0-B0-N0-F0__27,9407.465934753418,1.0,2,1
miconic_mixed-f10-p6-u0-v0-d0-a0-n0-A0-B0-N0-F0__28,9715.68250656128,1.0,2,1
miconic_mixed-f10-p6-u0-v0-d0-a0-n0-A0-B0-N0-F0__29,9789.71266746521,1.0,2,1
miconic_mixed-f10-p6-u0-v0-d0-a0-n0-A0-B0-N0-F0__3,9871.235132217407,1.0,2,1
miconic_mixed-f10-p6-u0-v0-d0-a0-n0-A0-B0-N0-F0__30,11354.272842407228,1.0,2,1
miconic_mixed-f10-p6-u0-v0-d0-a0-n0-A0-B0-N0-F0__31,10108.254671096802,1.0,2,1
miconic_mixed-f10-p6-u0-v0-d0-a0-n0-A0-B0-N0-F0__32,9754.100561141968,1.0,2,1
miconic_mixed-f10-p6-u0-v0-d0-a0-n0-A0-B0-N0-F0__33,10807.26957321167,1.0,2,1
miconic_mixed-f10-p6-u0-v0-d0-a0-n0-A0-B0-N0-F0__34,9689.545392990112,1.0,2,1
miconic_mixed-f10-p6-u0-v0-d0-a0-n0-A0-B0-N0-F0__35,10840.012550354004,1.0,2,1
miconic_mixed-f10-p6-u0-v0-d0-a0-n0-A0-B0-N0-F0__36,9522.30167388916,1.0,2,1
miconic_mixed-f10-p6-u0-v0-d0-a0-n0-A0-B0-N0-F0__37,9845.146656036375,1.0,2,1
miconic_mixed-f10-p6-u0-v0-d0-a0-n0-A0-B0-N0-F0__38,11104.480028152466,1.0,2,1
miconic_mixed-f10-p6-u0-v0-d0-a0-n0-A0-B0-N0-F0__39,11863.750219345093,1.0,2,1
miconic_mixed-f10-p6-u0-v0-d0-a0-n0-A0-B0-N0-F0__4,11136.221885681152,1.0,2,1
miconic_mixed-f10-p6-u0-v0-d0-a0-n0-A0-B0-N0-F0__40,10114.947319030762,1.0,2,1
miconic_mixed-f10-p6-u0-v0-d0-a0-n0-A0-B0-N0-F0__5,11131.824731826782,1.0,2,1
miconic_mixed-f10-p6-u0-v0-d0-a0-n0-A0-B0-N0-F0__6,9988.889455795288,1.0,2,1
miconic_mixed-f10-p6-u0-v0-d0-a0-n0-A0-B0-N0-F0__7,9414.315223693848,1.0,2,1
miconic_mixed-f10-p6-u0-v0-d0-a0-n0-A0-B0-N0-F0__8,9813.120365142822,1.0,2,1
miconic_mixed-f10-p6-u0-v0-d0-a0-n0-A0-B0-N0-F0__9,9368.8223361969,1.0,2,1
miconic_mixed-f6-p7-u0-v0-d0-a0-n0-A0-B0-N0-F0__0,9193.04871559143,1.0,2,1
miconic_mixed-f6-p7-u0-v0-d0-a0-n0-A0-B0-N0-F0__1,8131.883859634399,1.0,2,1
miconic_mixed-f6-p7-u0-v0-d0-a0-n0-A0-B0-N0-F0__10,8136.425971984863,1.0,2,1
miconic_mixed-f6-p7-u0-v0-d0-a0-n0-A0-B0-N0-F0__11,8215.73281288147,1.0,2,1
miconic_mixed-f6-p7-u0-v0-d0-a0-n0-A0-B0-N0-F0__12,8602.953672409058,1.0,2,1
miconic_mixed-f6-p7-u0-v0-d0-a0-n0-A0-B0-N0-F0__13,8136.388301849365,1.0,2,1
miconic_mixed-f6-p7-u0-v0-d0-a0-n0-A0-B0-N0-F0__14,9206.828594207764,1.0,2,1
miconic_mixed-f6-p7-u0-v0-d0-a0-n0-A0-B0-N0-F0__15,8218.260526657104,1.0,2,1
miconic_mixed-f6-p7-u0-v0-d0-a0-n0-A0-B0-N0-F0__16,9367.236614227297,1.0,2,1
miconic_mixed-f6-p7-u0-v0-d0-a0-n0-A0-B0-N0-F0__17,8276.994228363037,1.0,2,1
miconic_mixed-f6-p7-u0-v0-d0-a0-n0-A0-B0-N0-F0__18,9696.44045829773,1.0,2,1
miconic_mixed-f6-p7-u0-v0-d0-a0-n0-A0-B0-N0-F0__19,8082.885026931763,1.0,2,1
miconic_mixed-f6-p7-u0-v0-d0-a0-n0-A0-B0-N0-F0__2,8573.898553848267,1.0,2,1
miconic_mixed-f6-p7-u0-v0-d0-a0-n0-A0-B0-N0-F0__20,8120.638370513916,1.0,2,1
miconic_mixed-f6-p7-u0-v0-d0-a0-n0-A0-B0-N0-F0__21,8858.773469924927,1.0,2,1
miconic_mixed-f6-p7-u0-v0-d0-a0-n0-A0-B0-N0-F0__22,9898.324966430664,1.0,2,1
miconic_mixed-f6-p7-u0-v0-d0-a0-n0-A0-B0-N0-F0__23,8378.12614440918,1.0,2,1
miconic_mixed-f6-p7-u0-v0-d0-a0-n0-A0-B0-N0-F0__24,10230.875730514526,1.0,2,1
miconic_mixed-f6-p7-u0-v0-d0-a0-n0-A0-B0-N0-F0__25,8313.4765625,1.0,2,1
miconic_mixed-f6-p7-u0-v0-d0-a0-n0-A0-B0-N0-F0__26,8759.368896484375,1.0,2,1
miconic_mixed-f6-p7-u0-v0-d0-a0-n0-A0-B0-N0-F0__27,8326.305866241455,1.0,2,1
miconic_mixed-f6-p7-u0-v0-d0-a0-n0-A0-B0-N0-F0__28,8373.366594314575,1.0,2,1
miconic_mixed-f6-p7-u0-v0-d0-a0-n0-A0-B0-N0-F0__29,8726.300477981567,1.0,2,1
miconic_mixed-f6-p7-u0-v0-d0-a0-n0-A0-B0-N0-F0__3,8557.055234909058,1.0,2,1
miconic_mixed-f6-p7-u0-v0-d0-a0-n0-A0-B0-N0-F0__30,8370.700359344482,1.0,2,1
miconic_mixed-f6-p7-u0-v0-d0-a0-n0-A0-B0-N0-F0__31,9433.675050735474,1.0,2,1
miconic_mixed-f6-p7-u0-v0-d0-a0-n0-A0-B0-N0-F0__32,9906.87346458435,1.0,2,1
miconic_mixed-f6-p7-u0-v0-d0-a0-n0-A0-B0-N0-F0__33,8435.36925315857,1.0,2,1
miconic_mixed-f6-p7-u0-v0-d0-a0-n0-A0-B0-N0-F0__34,9397.992849349976,1.0,2,1
miconic_mixed-f6-p7-u0-v0-d0-a0-n0-A0-B0-N0-F0__35,9402.304649353027,1.0,2,1
miconic_mixed-f6-p7-u0-v0-d0-a0-n0-A0-B0-N0-F0__36,8677.448749542236,1.0,2,1
miconic_mixed-f6-p7-u0-v0-d0-a0-n0-A0-B0-N0-F0__37,8598.98829460144,1.0,2,1
miconic_mixed-f6-p7-u0-v0-d0-a0-n0-A0-B0-N0-F0__38,8377.942562103271,1.0,2,1
miconic_mixed-f6-p7-u0-v0-d0-a0-n0-A0-B0-N0-F0__39,9064.634323120115,1.0,2,1
miconic_mixed-f6-p7-u0-v0-d0-a0-n0-A0-B0-N0-F0__4,8515.711069107056,1.0,2,1
miconic_mixed-f6-p7-u0-v0-d0-a0-n0-A0-B0-N0-F0__40,8520.641565322876,1.0,2,1
miconic_mixed-f6-p7-u0-v0-d0-a0-n0-A0-B0-N0-F0__41,8499.584913253784,1.0,2,1
miconic_mixed-f6-p7-u0-v0-d0-a0-n0-A0-B0-N0-F0__42,8513.087749481201,1.0,2,1
miconic_mixed-f6-p7-u0-v0-d0-a0-n0-A0-B0-N0-F0__43,9518.723964691162,1.0,2,1
miconic_mixed-f6-p7-u0-v0-d0-a0-n0-A0-B0-N0-F0__44,8659.018993377686,1.0,2,1
miconic_mixed-f6-p7-u0-v0-d0-a0-n0-A0-B0-N0-F0__45,8670.470476150513,1.0,2,1
miconic_mixed-f6-p7-u0-v0-d0-a0-n0-A0-B0-N0-F0__46,9120.90277671814,1.0,2,1
miconic_mixed-f6-p7-u0-v0-d0-a0-n0-A0-B0-N0-F0__47,8700.026988983154,1.0,2,1
miconic_mixed-f6-p7-u0-v0-d0-a0-n0-A0-B0-N0-F0__48,8519.941091537476,1.0,2,1
miconic_mixed-f6-p7-u0-v0-d0-a0-n0-A0-B0-N0-F0__49,8549.081563949585,1.0,2,1
miconic_mixed-f6-p7-u0-v0-d0-a0-n0-A0-B0-N0-F0__5,8360.557079315186,1.0,2,1
miconic_mixed-f6-p7-u0-v0-d0-a0-n0-A0-B0-N0-F0__50,8319.604873657227,1.0,2,1
miconic_mixed-f6-p7-u0-v0-d0-a0-n0-A0-B0-N0-F0__51,8622.345447540283,1.0,2,1
miconic_mixed-f6-p7-u0-v0-d0-a0-n0-A0-B0-N0-F0__52,8542.65022277832,1.0,2,1
miconic_mixed-f6-p7-u0-v0-d0-a0-n0-A0-B0-N0-F0__53,8864.484071731567,1.0,2,1
miconic_mixed-f6-p7-u0-v0-d0-a0-n0-A0-B0-N0-F0__54,8535.485029220581,1.0,2,1
miconic_mixed-f6-p7-u0-v0-d0-a0-n0-A0-B0-N0-F0__55,8372.112035751343,1.0,2,1
miconic_mixed-f6-p7-u0-v0-d0-a0-n0-A0-B0-N0-F0__56,9202.066898345947,1.0,2,1
miconic_mixed-f6-p7-u0-v0-d0-a0-n0-A0-B0-N0-F0__57,8891.096115112305,1.0,2,1
miconic_mixed-f6-p7-u0-v0-d0-a0-n0-A0-B0-N0-F0__58,9559.99755859375,1.0,2,1
miconic_mixed-f6-p7-u0-v0-d0-a0-n0-A0-B0-N0-F0__6,8566.59460067749,1.0,2,1
miconic_mixed-f6-p7-u0-v0-d0-a0-n0-A0-B0-N0-F0__7,8003.124237060547,1.0,2,1
miconic_mixed-f6-p7-u0-v0-d0-a0-n0-A0-B0-N0-F0__8,8656.788110733032,1.0,2,1
miconic_mixed-f6-p7-u0-v0-d0-a0-n0-A0-B0-N0-F0__9,9207.09753036499,1.0,2,1
