Problem-JAC,Jaccard,Correctness-JAC,Sys-JAC,Problem-PF,SOFAIxPlansformers,Correctness-PF,Sys-PF,Problem-MIX,SOFAI,Correctness-MIX,Sys-MIX,Problem-FD,FD,Correctness-FD,Sys-FD
problem_04_0421,0,1,2,problem_04_0421,7694.370508,1,1,problem_04_0422,13414.89625,1,1,problem_04_0421,0,1,2
problem_04_0422,0,1,2,problem_04_0422,13136.32798,1,1,problem_04_0423,12226.69291,1,1,problem_04_0422,0,1,2
problem_04_0423,0,1,2,problem_04_0423,12027.44627,1,1,problem_04_0424,10001.22356,1,1,problem_04_0423,0,1,2
problem_04_0424,0,1,2,problem_04_0424,9745.884895,1,1,problem_04_0425,13435.16445,1,1,problem_04_0424,0,1,2
problem_04_0425,15.625,1,2,problem_04_0425,10929.56066,1,1,problem_04_0426,10033.7193,1,1,problem_04_0425,0,1,2
problem_04_0426,15.65051079,0.714285714,1,problem_04_0426,10000.52166,1,1,problem_04_0427,10050.86493,1,1,problem_04_0426,0,1,2
problem_04_0427,0,1,2,problem_04_0427,10015.46216,1,1,problem_04_0428,11989.33172,1,1,problem_04_0427,0,1,2
problem_04_0428,0,1,2,problem_04_0428,12136.56807,1,1,problem_04_0429,11152.68612,1,1,problem_04_0428,0,1,2
problem_04_0429,0,1,2,problem_04_0429,10875.38385,1,1,problem_04_0430,11318.48693,1,1,problem_04_0429,0,1,2
problem_04_0430,15.88153839,0.666666667,1,problem_04_0430,10919.41524,1,1,problem_04_0431,10230.60274,1,1,problem_04_0430,0,1,2
problem_04_0431,15.625,1,2,problem_04_0431,9879.624367,1,1,problem_04_0432,11042.33956,1,1,problem_04_0431,0,1,2
problem_04_0432,0,1,2,problem_04_0432,10916.991,1,1,problem_04_0433,11250.76389,1,1,problem_04_0432,0,1,2
problem_04_0433,0,1,2,problem_04_0433,10990.628,1,1,problem_04_0434,9733.868361,1,1,problem_04_0433,0,1,2
problem_04_0434,0,1,2,problem_04_0434,9850.622654,1,1,problem_04_0435,12036.95583,1,1,problem_04_0434,0,1,2
problem_04_0435,0,1,2,problem_04_0435,11920.34841,1,1,problem_04_0436,6615.633488,1,1,problem_04_0435,0,1,2
problem_04_0436,0,1,2,problem_04_0436,6675.941706,1,1,problem_04_0437,9014.330387,1,1,problem_04_0436,0,1,2
problem_04_0437,16.28518105,0.714285714,1,problem_04_0437,8626.251698,1,1,problem_04_0438,12167.72485,1,1,problem_04_0437,0,1,2
problem_04_0438,15.625,1,2,problem_04_0438,12017.06696,1,1,problem_04_0439,9958.282948,1,1,problem_04_0438,15.625,1,2
problem_04_0439,0,1,2,problem_04_0439,9963.617325,1,1,problem_04_0440,8772.838831,1,1,problem_04_0439,0,1,2
problem_04_0440,16.70217514,1,1,problem_04_0440,8826.399088,1,1,problem_04_0441,12152.25339,1,1,problem_04_0440,0,1,2
problem_04_0441,16.32809639,1,1,problem_04_0441,12144.72914,1,1,problem_04_0442,12169.46316,1,1,problem_04_0441,0,1,2
problem_04_0442,0,1,2,problem_04_0442,12012.1479,1,1,problem_04_0443,11136.93357,1,1,problem_04_0442,0,1,2
problem_04_0443,0,1,2,problem_04_0443,11073.6568,1,1,problem_04_0444,12079.67591,1,1,problem_04_0443,0,1,2
problem_04_0444,0,1,2,problem_04_0444,12154.27327,1,1,problem_04_0445,9826.954842,1,1,problem_04_0444,0,1,2
problem_04_0445,17.53997803,0.5,1,problem_04_0445,9811.301231,1,1,problem_04_0446,12158.54669,1,1,problem_04_0445,0,1,2
problem_04_0446,0,1,2,problem_04_0446,11960.01244,1,1,problem_04_0447,0,1,2,problem_04_0446,0,1,2
problem_04_0447,0,1,2,problem_04_0447,12362.90812,1,1,problem_04_0448,10032.95612,1,1,problem_04_0447,0,1,2
problem_04_0448,15.625,1,2,problem_04_0448,10638.96608,1,1,problem_04_0449,11425.96507,1,1,problem_04_0448,0,1,2
problem_04_0449,17.2688961,0.5,1,problem_04_0449,11403.33009,1,1,problem_04_0450,12039.96563,1,1,problem_04_0449,0,1,2
problem_04_0450,0,1,2,problem_04_0450,12074.83649,1,1,problem_04_0451,11032.09329,1,1,problem_04_0450,0,1,2
problem_04_0451,16.49260521,0.5,1,problem_04_0451,11246.76013,1,1,problem_04_0452,12257.35426,1,1,problem_04_0451,0,1,2
problem_04_0452,0,1,2,problem_04_0452,12018.3146,1,1,problem_04_0453,11846.62175,1,1,problem_04_0452,0,1,2
problem_04_0453,15.625,1,2,problem_04_0453,12278.73611,1,1,problem_04_0454,11204.35381,1,1,problem_04_0453,0,1,2
problem_04_0454,0,1,2,problem_04_0454,11001.49918,1,1,problem_04_0455,11233.18291,1,1,problem_04_0454,15.625,1,2
problem_04_0455,0,1,2,problem_04_0455,11075.29545,1,1,problem_04_0456,9928.161621,1,1,problem_04_0455,0,1,2
problem_04_0456,0,1,2,problem_04_0456,9877.365351,1,1,problem_04_0457,9968.285322,1,1,problem_04_0456,0,1,2
problem_04_0457,0,1,2,problem_04_0457,10031.25644,1,1,problem_04_0458,11126.42145,1,1,problem_04_0457,0,1,2
problem_04_0458,16.6785717,1,1,problem_04_0458,11398.99993,1,1,problem_04_0459,11124.43185,1,1,problem_04_0458,0,1,2
problem_04_0459,16.9532299,0.8,1,problem_04_0459,11133.70299,1,1,problem_04_0460,8663.017035,1,1,problem_04_0459,15.625,1,2
problem_04_0460,0,1,2,problem_04_0460,8994.843245,1,1,problem_04_0461,12316.63871,1,1,problem_04_0460,0,1,2
problem_04_0461,0,1,2,problem_04_0461,12182.88803,1,1,problem_04_0462,10760.73933,1,1,problem_04_0461,0,1,2
problem_04_0462,16.05772972,0.666666667,1,problem_04_0462,10861.43541,1,1,problem_04_0463,8844.763041,1,1,problem_04_0462,0,1,2
problem_04_0463,16.89291,0.666666667,1,problem_04_0463,9094.296455,1,1,problem_04_0464,12010.20312,1,1,problem_04_0463,0,1,2
problem_04_0464,16.35789871,0.8,1,problem_04_0464,12000.58889,1,1,problem_04_0465,11886.90329,1,1,problem_04_0464,15.625,1,2
problem_04_0465,0,1,2,problem_04_0465,11999.71128,1,1,problem_04_0466,9905.197859,1,1,problem_04_0465,15.625,1,2
problem_04_0466,0,1,2,problem_04_0466,10074.23186,1,1,problem_04_0467,10850.06809,1,1,problem_04_0466,0,1,2
problem_04_0467,0,1,2,problem_04_0467,10953.5439,1,1,problem_04_0468,10879.68922,1,1,problem_04_0467,0,1,2
problem_04_0468,0,1,2,problem_04_0468,12635.25152,1,1,problem_04_0469,11035.06756,1,1,problem_04_0468,15.625,1,2
problem_04_0469,16.93797112,0.666666667,1,problem_04_0469,11166.95809,1,1,problem_04_0470,10918.58029,1,1,problem_04_0469,15.625,1,2
problem_04_0470,0,1,2,problem_04_0470,11324.39923,1,1,problem_04_0471,9990.597248,1,1,problem_04_0470,0,1,2
problem_04_0471,16.49045944,0.5,1,problem_04_0471,9951.743364,1,1,problem_04_0472,7775.521755,1,1,problem_04_0471,0,1,2
problem_04_0472,0,1,2,problem_04_0472,7935.731173,1,1,problem_04_0473,0,1,2,problem_04_0472,0,1,2
problem_04_0473,0,1,2,problem_04_0473,10465.71207,1,1,problem_04_0474,10970.91937,1,1,problem_04_0473,15.625,1,2
problem_04_0474,0,1,2,problem_04_0474,11350.41857,1,1,problem_04_0475,11978.73497,1,1,problem_04_0474,0,1,2
problem_04_0475,16.8569088,0.8,1,problem_04_0475,12169.76261,1,1,problem_04_0476,10192.21187,1,1,problem_04_0475,0,1,2
problem_04_0476,0,1,2,problem_04_0476,9965.141535,1,1,problem_04_0477,8697.651625,1,1,problem_04_0476,0,1,2
problem_04_0477,17.2188282,0.5,1,problem_04_0477,8985.547543,1,1,problem_04_0478,10909.00207,1,1,problem_04_0477,0,1,2
problem_04_0478,0,1,2,problem_04_0478,11131.46448,1,1,problem_04_0479,10837.59761,1,1,problem_04_0478,0,1,2
problem_04_0479,16.5886879,0.5,1,problem_04_0479,11360.40497,1,1,problem_04_0480,9967.355728,1,1,problem_04_0479,0,1,2
problem_04_0480,16.9916153,0.5,1,problem_04_0480,10056.40578,1,1,problem_04_0481,9836.650133,1,1,problem_04_0480,0,1,2
problem_04_0481,0,1,2,problem_04_0481,10366.37235,1,1,problem_04_0482,10563.13181,1,1,problem_04_0481,0,1,2
problem_04_0482,16.96419716,0.8,1,problem_04_0482,11232.6498,1,1,problem_04_0483,10654.86813,1,1,problem_04_0482,0,1,2
problem_04_0483,17.48037338,0.5,1,problem_04_0483,11252.841,1,1,problem_04_0484,9786.647558,1,1,problem_04_0483,0,1,2
problem_04_0484,0,1,2,problem_04_0484,9982.044935,1,1,problem_04_0485,9623.037577,1,1,problem_04_0484,0,1,2
problem_04_0485,16.35479927,0.5,1,problem_04_0485,10213.30142,1,1,problem_04_0486,10788.23709,1,1,problem_04_0485,0,1,2
problem_04_0486,17.25578308,0.666666667,1,problem_04_0486,11258.03924,1,1,problem_04_0487,9611.937523,1,1,problem_04_0486,0,1,2
problem_04_0487,0,1,2,problem_04_0487,10246.48666,1,1,problem_04_0488,9813.675165,1,1,problem_04_0487,0,1,2
problem_04_0488,17.61412621,0.714285714,1,problem_04_0488,10091.55631,1,1,problem_04_0489,9842.789412,1,1,problem_04_0488,0,1,2
problem_04_0489,0,1,2,problem_04_0489,9914.870024,1,1,problem_04_0490,10896.87538,1,1,problem_04_0489,0,1,2
problem_04_0490,0,1,2,problem_04_0490,10018.50247,1,1,problem_04_0491,10738.28936,1,1,problem_04_0490,0,1,2
problem_04_0491,0,1,2,problem_04_0491,11365.35859,1,1,problem_04_0492,10906.7533,1,1,problem_04_0491,0,1,2
problem_04_0492,20.40791512,0.666666667,1,problem_04_0492,11092.98277,1,1,problem_04_0493,10922.68801,1,1,problem_04_0492,0,1,2
problem_04_0493,0,1,2,problem_04_0493,11351.07875,1,1,problem_04_0494,11818.90345,1,1,problem_04_0493,0,1,2
problem_04_0494,17.81535149,1,1,problem_04_0494,12632.514,1,1,problem_04_0495,10953.50146,1,1,problem_04_0494,0,1,2
problem_04_0495,0,1,2,problem_04_0495,11084.79691,1,1,problem_04_0496,9806.85997,1,1,problem_04_0495,0,1,2
problem_04_0496,0,1,2,problem_04_0496,10180.92656,1,1,problem_04_0497,7759.456873,1,1,problem_04_0496,0,1,2
problem_04_0497,17.04359055,1,1,problem_04_0497,8112.755537,1,1,problem_04_0498,9017.092228,1,1,problem_04_0497,0,1,2
problem_04_0498,17.33803749,0.714285714,1,problem_04_0498,9032.277584,1,1,problem_04_0499,10088.16648,1,1,problem_04_0498,0,1,2
problem_04_0499,17.15564728,0.714285714,1,problem_04_0499,10067.64889,1,1,problem_04_0500,11199.65219,1,1,problem_04_0499,0,1,2
problem_04_0500,17.23766327,0.8,1,problem_04_0500,11225.98672,1,1,problem_04_0501,11021.95573,1,1,problem_04_0500,0,1,2
problem_04_0501,17.67921448,0.5,1,problem_04_0501,11616.61148,1,1,problem_04_0502,10055.01413,1,1,problem_04_0501,0,1,2
problem_04_0502,16.92080498,0.666666667,1,problem_04_0502,10943.24684,1,1,problem_04_0503,8958.601952,1,1,problem_04_0502,0,1,2
problem_04_0503,0,1,2,problem_04_0503,9450.412512,1,1,problem_04_0504,10128.19958,1,1,problem_04_0503,0,1,2
problem_04_0504,17.01068878,0.666666667,1,problem_04_0504,10081.57992,1,1,problem_04_0505,10046.74959,1,1,problem_04_0504,0,1,2
problem_04_0505,0,1,2,problem_04_0505,10130.54895,1,1,problem_04_0506,11174.19624,1,1,problem_04_0505,0,1,2
problem_04_0506,0,1,2,problem_04_0506,11353.10364,1,1,problem_04_0507,12066.45632,1,1,problem_04_0506,0,1,2
problem_04_0507,20.5757618,1,1,problem_04_0507,12233.72602,1,1,problem_04_0508,8916.502714,1,1,problem_04_0507,0,1,2
problem_04_0508,0,1,2,problem_04_0508,8825.851917,1,1,problem_04_0509,7853.856564,1,1,problem_04_0508,0,1,2
problem_04_0509,0,1,2,problem_04_0509,7711.477041,1,1,problem_04_0510,11082.24988,1,1,problem_04_0509,0,1,2
problem_04_0510,0,1,2,problem_04_0510,11203.12309,1,1,problem_04_0511,0,1,2,problem_04_0510,15.625,1,2
problem_04_0511,0,1,2,problem_04_0511,10079.52976,1,1,problem_04_0512,9898.28229,1,1,problem_04_0511,0,1,2
problem_04_0512,0,1,2,problem_04_0512,10054.33154,1,1,problem_04_0513,11455.22285,1,1,problem_04_0512,0,1,2
problem_04_0513,0,1,2,problem_04_0513,11158.3364,1,1,problem_04_0514,12157.49693,1,1,problem_04_0513,0,1,2
problem_04_0514,17.10939407,0.8,1,problem_04_0514,11931.27227,1,1,problem_04_0515,11012.41541,1,1,problem_04_0514,0,1,2
problem_04_0515,17.59076118,0.666666667,1,problem_04_0515,11136.09672,1,1,problem_04_0516,12131.50883,1,1,problem_04_0515,15.625,1,2
problem_04_0516,0,1,2,problem_04_0516,12169.1854,1,1,problem_04_0517,8908.845425,1,1,problem_04_0516,15.625,1,2
problem_04_0517,0,1,2,problem_04_0517,8747.065306,1,1,problem_04_0518,12190.30237,1,1,problem_04_0517,0,1,2
problem_04_0518,0,1,2,problem_04_0518,12092.87357,1,1,problem_04_0519,0,1,2,problem_04_0518,0,1,2
problem_04_0519,0,1,2,problem_04_0519,11949.62335,1,1,problem_04_0520,8924.642086,1,1,problem_04_0519,0,1,2
problem_04_0520,0,1,2,problem_04_0520,9275.849581,1,1,problem_04_0521,10945.56355,1,1,problem_04_0520,0,1,2
problem_04_0521,17.75693893,0.5,1,problem_04_0521,11070.58215,1,1,problem_04_0522,12020.01762,1,1,problem_04_0521,0,1,2
problem_04_0522,15.625,1,2,problem_04_0522,12131.69074,1,1,problem_04_0523,9981.333017,1,1,problem_04_0522,0,1,2
problem_04_0523,0,1,2,problem_04_0523,10110.69894,1,1,problem_04_0524,11018.42952,1,1,problem_04_0523,0,1,2
problem_04_0524,0,1,2,problem_04_0524,11079.1626,1,1,problem_04_0525,10936.00154,1,1,problem_04_0524,0,1,2
problem_04_0525,17.40098,0.8,1,problem_04_0525,11110.62288,1,1,problem_04_0526,10001.66154,1,1,problem_04_0525,0,1,2
problem_04_0526,0,1,2,problem_04_0526,9913.761139,1,1,problem_04_0527,11093.43958,1,1,problem_04_0526,0,1,2
problem_04_0527,0,1,2,problem_04_0527,11033.02121,1,1,problem_04_0528,11092.7577,1,1,problem_04_0527,0,1,2
problem_04_0528,0,1,2,problem_04_0528,11005.74613,1,1,problem_04_0529,9856.430769,1,1,problem_04_0528,0,1,2
problem_04_0529,17.41313934,0.714285714,1,problem_04_0529,10094.70248,1,1,problem_04_0530,12088.63568,1,1,problem_04_0529,0,1,2
problem_04_0530,19.24538612,1,1,problem_04_0530,12339.92124,1,1,problem_04_0531,12378.94464,1,1,problem_04_0530,15.625,1,2
problem_04_0531,0,1,2,problem_04_0531,12119.2801,1,1,problem_04_0532,10253.02291,1,1,problem_04_0531,0,1,2
problem_04_0532,17.68326759,0.666666667,1,problem_04_0532,10037.82296,1,1,problem_04_0533,11100.1389,1,1,problem_04_0532,0,1,2
problem_04_0533,17.4612999,0.6,1,problem_04_0533,10900.17462,1,1,problem_04_0534,11251.74093,1,1,problem_04_0533,0,1,2
problem_04_0534,17.76146889,0.5,1,problem_04_0534,10805.29118,1,1,problem_04_0535,6715.411425,1,1,problem_04_0534,0,1,2
problem_04_0535,0,1,2,problem_04_0535,6669.460058,1,1,problem_04_0536,12331.8572,1,1,problem_04_0535,0,1,2
problem_04_0536,20.98345757,0.8,1,problem_04_0536,12078.42088,1,1,problem_04_0537,12052.80304,1,1,problem_04_0536,0,1,2
problem_04_0537,0,1,2,problem_04_0537,12023.09179,1,1,problem_04_0538,9853.991985,1,1,problem_04_0537,0,1,2
problem_04_0538,22.18341827,0.714285714,1,problem_04_0538,9852.729321,1,1,problem_04_0539,10060.57858,1,1,problem_04_0538,0,1,2
problem_04_0539,0,1,2,problem_04_0539,9908.751726,1,1,problem_04_0540,11301.85032,1,1,problem_04_0539,0,1,2
problem_04_0540,17.57836342,0.666666667,1,problem_04_0540,10877.17724,1,1,problem_04_0541,11183.59184,1,1,problem_04_0540,0,1,2
problem_04_0541,17.77458191,0.666666667,1,problem_04_0541,10852.07558,1,1,problem_04_0542,11180.71198,1,1,problem_04_0541,0,1,2
problem_04_0542,18.15104485,0.666666667,1,problem_04_0542,10998.45719,1,1,problem_04_0543,11005.95331,1,1,problem_04_0542,0,1,2
problem_04_0543,17.85874367,1,1,problem_04_0543,10876.23525,1,1,problem_04_0544,8986.862421,1,1,problem_04_0543,0,1,2
problem_04_0544,17.95363426,0.714285714,1,problem_04_0544,8856.838465,1,1,problem_04_0545,9874.871016,1,1,problem_04_0544,0,1,2
problem_04_0545,15.625,1,2,problem_04_0545,10065.08827,1,1,problem_04_0546,12145.68353,1,1,problem_04_0545,0,1,2
problem_04_0546,0,1,2,problem_04_0546,12463.43231,1,1,problem_04_0547,12047.49823,1,1,problem_04_0546,15.625,1,2
problem_04_0547,0,1,2,problem_04_0547,13043.84446,1,1,problem_04_0548,11037.6091,1,1,problem_04_0547,0,1,2
problem_04_0548,21.74973488,0.666666667,1,problem_04_0548,10929.6999,1,1,problem_04_0549,9125.221968,1,1,problem_04_0548,0,1,2
problem_04_0549,21.8231678,0.5,1,problem_04_0549,9078.829765,1,1,problem_04_0550,9952.764511,1,1,problem_04_0549,0,1,2
problem_04_0550,19.00458336,0.5,1,problem_04_0550,10008.06022,1,1,problem_04_0551,9877.50268,1,1,problem_04_0550,0,1,2
problem_04_0551,22.46832848,1,1,problem_04_0551,9920.537233,1,1,problem_04_0552,7768.367529,1,1,problem_04_0551,0,1,2
problem_04_0552,0,1,2,problem_04_0552,7738.29627,1,1,problem_04_0553,11479.63977,1,1,problem_04_0552,0,1,2
problem_04_0553,23.72193336,0.666666667,1,problem_04_0553,10873.30055,1,1,problem_04_0554,10110.2035,1,1,problem_04_0553,0,1,2
problem_04_0554,0,1,2,problem_04_0554,9844.53702,1,1,problem_04_0555,11232.85747,1,2,problem_04_0554,0,1,2
problem_04_0555,23.35047722,0.5,1,problem_04_0555,11064.50105,1,1,problem_04_0556,9987.658978,1,2,problem_04_0555,0,1,2
problem_04_0556,19.59228516,0.714285714,1,problem_04_0556,10027.19831,1,1,problem_04_0557,10031.40044,1,1,problem_04_0556,0,1,2
problem_04_0557,19.72126961,0.5,1,problem_04_0557,9906.027317,1,1,problem_04_0558,10024.33634,1,1,problem_04_0557,0,1,2
problem_04_0558,0,1,2,problem_04_0558,9761.931419,1,1,problem_04_0559,10068.49217,1,1,problem_04_0558,0,1,2
problem_04_0559,0,1,2,problem_04_0559,9996.295929,1,1,problem_04_0560,8985.767126,1,1,problem_04_0559,0,1,2
problem_04_0560,20.1177597,0.714285714,1,problem_04_0560,8832.039595,1,1,problem_04_0561,10946.99907,1,1,problem_04_0560,0,1,2
problem_04_0561,19.42181587,1,1,problem_04_0561,11073.11678,1,1,problem_04_0562,11265.94663,1,1,problem_04_0561,0,1,2
problem_04_0562,0,1,2,problem_04_0562,10952.98696,1,1,problem_04_0563,10230.73697,1,1,problem_04_0562,0,1,2
problem_04_0563,0,1,2,problem_04_0563,10093.23597,1,1,problem_04_0564,10987.04362,1,1,problem_04_0563,0,1,2
problem_04_0564,20.66612244,0.5,1,problem_04_0564,10876.52588,1,1,problem_04_0565,9717.119455,1,1,problem_04_0564,0,1,2
problem_04_0565,25.7897377,0.5,1,problem_04_0565,9839.791298,1,1,problem_04_0566,11937.04581,1,1,problem_04_0565,0,1,2
problem_04_0566,0,1,2,problem_04_0566,13844.87128,1,1,problem_04_0567,12043.14899,1,1,problem_04_0566,0,1,2
problem_04_0567,0,1,2,problem_04_0567,14041.8222,1,1,problem_04_0568,11040.49516,1,1,problem_04_0567,0,1,2
problem_04_0568,18.57161522,1,1,problem_04_0568,11016.53266,1,1,problem_04_0569,7733.172894,1,1,problem_04_0568,0,1,2
problem_04_0569,0,1,2,problem_04_0569,7708.931684,1,1,problem_04_0570,9810.784101,1,1,problem_04_0569,0,1,2
problem_04_0570,0,1,2,problem_04_0570,9817.299604,1,1,problem_04_0571,9925.093651,1,1,problem_04_0570,0,1,2
problem_05_0001,0,1,2,problem_05_0001,11605.22652,1,1,problem_05_0002,14586.28964,1,1,problem_05_0001,0,1,2
problem_05_0002,0,1,2,problem_05_0002,13751.20091,1,1,problem_05_0003,18150.29001,1,1,problem_05_0002,0,1,2
problem_05_0003,0,1,2,problem_05_0003,16827.41046,1,1,problem_05_0004,19520.97464,1,2,problem_05_0003,0,1,2
problem_05_0004,0,1,2,problem_05_0004,15818.33172,1,1,problem_05_0005,15541.00227,1,1,problem_05_0004,0,1,2
problem_05_0005,0,1,2,problem_05_0005,14705.8804,1,1,problem_05_0006,14332.72934,1,1,problem_05_0005,0,1,2
problem_05_0006,38.48671913,0.833333333,1,problem_05_0006,14324.7447,1,1,problem_05_0007,13048.49863,1,1,problem_05_0006,15.625,1,2
problem_05_0007,0,1,2,problem_05_0007,13292.76896,1,1,problem_05_0008,19496.77277,1,1,problem_05_0007,0,1,2
problem_05_0008,0,1,2,problem_05_0008,18767.04645,1,1,problem_05_0009,12041.44216,1,1,problem_05_0008,0,1,2
problem_05_0009,38.09905052,0.714285714,1,problem_05_0009,12118.11185,1,1,problem_05_0010,12042.87267,1,1,problem_05_0009,0,1,2
problem_05_0010,0,1,2,problem_05_0010,11469.46073,1,1,problem_05_0011,14468.79125,1,1,problem_05_0010,0,1,2
problem_05_0011,0,1,2,problem_05_0011,13624.90273,1,1,problem_05_0012,16864.3527,1,1,problem_05_0011,0,1,2
problem_05_0012,28.90229225,0.5,1,problem_05_0012,14529.6948,1,1,problem_05_0013,13307.60765,1,1,problem_05_0012,0,1,2
problem_05_0013,0,1,2,problem_05_0013,12516.08896,1,1,problem_05_0014,12321.4438,1,1,problem_05_0013,0,1,2
problem_05_0014,0,1,2,problem_05_0014,11346.55166,1,1,problem_05_0015,13503.70955,1,1,problem_05_0014,0,1,2
problem_05_0015,31.95118904,1,1,problem_05_0015,13364.45522,1,1,problem_05_0016,13323.29702,1,1,problem_05_0015,0,1,2
problem_05_0016,29.65354919,0.714285714,1,problem_05_0016,12771.2512,1,1,problem_05_0017,13814.78214,1,1,problem_05_0016,0,1,2
problem_05_0017,30.27367592,0.714285714,1,problem_05_0017,13247.73026,1,1,problem_05_0018,12245.65148,1,1,problem_05_0017,0,1,2
problem_05_0018,0,1,2,problem_05_0018,11857.78093,1,1,problem_05_0019,13332.61299,1,1,problem_05_0018,0,1,2
problem_05_0019,32.04488754,0.571428571,1,problem_05_0019,12601.86505,1,1,problem_05_0020,14837.87513,1,1,problem_05_0019,15.625,1,2
problem_05_0020,0,1,2,problem_05_0020,13718.23049,1,1,problem_05_0021,13486.51123,1,1,problem_05_0020,0,1,2
problem_05_0021,0,1,2,problem_05_0021,12427.3479,1,1,problem_05_0022,13319.14663,1,1,problem_05_0021,0,1,2
problem_05_0022,31.3539505,1,1,problem_05_0022,12420.73774,1,1,problem_05_0023,15655.33042,1,1,problem_05_0022,15.625,1,2
problem_05_0023,0,1,2,problem_05_0023,14999.10665,1,1,problem_05_0024,12121.66429,1,1,problem_05_0023,0,1,2
problem_05_0024,30.78556061,0.571428571,1,problem_05_0024,11537.52518,1,1,problem_05_0025,18912.2777,1,1,problem_05_0024,0,1,2
problem_05_0025,0,1,2,problem_05_0025,18214.9384,1,1,problem_05_0026,15525.31433,1,1,problem_05_0025,0,1,2
problem_05_0026,15.625,1,2,problem_05_0026,14384.36818,1,1,problem_05_0027,13362.68377,1,1,problem_05_0026,0,1,2
problem_05_0027,34.72518921,0.833333333,1,problem_05_0027,12509.86457,1,1,problem_05_0028,13197.28827,1,1,problem_05_0027,15.625,1,2
problem_05_0028,0,1,2,problem_05_0028,12844.21754,1,1,problem_05_0029,15815.5241,1,1,problem_05_0028,0,1,2
problem_05_0029,0,1,2,problem_05_0029,12714.27059,1,1,problem_05_0030,12207.39722,1,1,problem_05_0029,0,1,2
problem_05_0030,31.7606926,0.75,1,problem_05_0030,11554.66604,1,1,problem_05_0031,12065.21344,1,1,problem_05_0030,0,1,2
problem_05_0031,0,1,2,problem_05_0031,11409.96242,1,1,problem_05_0032,15651.22604,1,1,problem_05_0031,0,1,2
problem_05_0032,0,1,2,problem_05_0032,14653.39875,1,1,problem_05_0033,14507.71332,1,1,problem_05_0032,0,1,2
problem_05_0033,34.09719467,0.833333333,1,problem_05_0033,13242.18726,1,1,problem_05_0034,11040.95292,1,1,problem_05_0033,15.625,1,2
problem_05_0034,0,1,2,problem_05_0034,10954.60987,1,1,problem_05_0035,14662.21523,1,1,problem_05_0034,0,1,2
problem_05_0035,0,1,2,problem_05_0035,15799.91841,1,1,problem_05_0036,13219.31767,1,1,problem_05_0035,0,1,2
problem_05_0036,0,1,2,problem_05_0036,12864.54344,1,1,problem_05_0037,14330.14083,1,1,problem_05_0036,0,1,2
problem_05_0037,39.66808319,0.833333333,1,problem_05_0037,13483.97708,1,1,problem_05_0038,16647.69697,1,1,problem_05_0037,0,1,2
problem_05_0038,0,1,2,problem_05_0038,15852.78702,1,1,problem_05_0039,11168.59746,1,1,problem_05_0038,15.625,1,2
problem_05_0039,35.37750244,0.571428571,1,problem_05_0039,10861.69052,1,1,problem_05_0040,15785.04372,1,1,problem_05_0039,0,1,2
problem_05_0040,0,1,2,problem_05_0040,14590.00921,1,1,problem_05_0041,12303.73549,1,1,problem_05_0040,0,1,2
problem_05_0041,34.41286087,0.714285714,1,problem_05_0041,11613.70444,1,1,problem_05_0042,13438.64989,1,1,problem_05_0041,0,1,2
problem_05_0042,34.93857384,0.571428571,1,problem_05_0042,12500.18215,1,1,problem_05_0043,13255.35035,1,1,problem_05_0042,0,1,2
problem_05_0043,35.69889069,0.5,1,problem_05_0043,12494.56239,1,1,problem_05_0044,16946.52319,1,1,problem_05_0043,0,1,2
problem_05_0044,35.18819809,0.857142857,1,problem_05_0044,15671.58818,1,1,problem_05_0045,20329.58388,1,1,problem_05_0044,0,1,2
problem_05_0045,38.36750984,0.666666667,1,problem_05_0045,18901.18933,1,1,problem_05_0046,12142.75479,1,1,problem_05_0045,15.625,1,2
problem_05_0046,41.60737991,0.833333333,1,problem_05_0046,11567.36588,1,1,problem_05_0047,13079.93913,1,1,problem_05_0046,0,1,2
problem_05_0047,34.85679626,0.833333333,1,problem_05_0047,12564.06283,1,1,problem_05_0048,14195.261,1,1,problem_05_0047,0,1,2
problem_05_0048,34.09433365,0.833333333,1,problem_05_0048,13420.68982,1,1,problem_05_0049,13251.53637,1,1,problem_05_0048,0,1,2
problem_05_0049,15.625,1,2,problem_05_0049,12710.25538,1,1,problem_05_0050,13107.94806,1,1,problem_05_0049,0,1,2
problem_05_0050,0,1,2,problem_05_0050,12628.03626,1,1,problem_05_0051,12200.44923,1,2,problem_05_0050,15.625,1,2
problem_05_0051,33.88738632,0.5,1,problem_05_0051,11626.55783,0.833333333,1,problem_05_0052,12298.90513,1,1,problem_05_0051,15.625,1,2
problem_05_0052,37.24718094,0.714285714,1,problem_05_0052,11691.52665,1,1,problem_05_0053,12317.82722,1,1,problem_05_0052,0,1,2
problem_05_0053,34.55066681,0.571428571,1,problem_05_0053,11542.95802,1,1,problem_05_0054,12049.79396,1,1,problem_05_0053,0,1,2
problem_05_0054,34.16228294,0.5,1,problem_05_0054,11515.78069,1,1,problem_05_0055,14109.07173,1,1,problem_05_0054,15.625,1,2
problem_05_0055,0,1,2,problem_05_0055,12604.64525,1,1,problem_05_0056,14764.41622,1,1,problem_05_0055,0,1,2
problem_05_0056,39.99590874,0.714285714,1,problem_05_0056,13775.50435,1,1,problem_05_0057,13434.89242,1,1,problem_05_0056,0,1,2
problem_05_0057,0,1,2,problem_05_0057,12505.99885,1,1,problem_05_0058,13185.19306,1,1,problem_05_0057,0,1,2
problem_05_0058,0,1,2,problem_05_0058,12826.23911,1,1,problem_05_0059,12273.05198,1,1,problem_05_0058,0,1,2
problem_05_0059,34.99174118,0.571428571,1,problem_05_0059,12058.65765,1,1,problem_05_0060,12159.02591,1,1,problem_05_0059,0,1,2
problem_05_0060,0,1,2,problem_05_0060,12144.24348,1,1,problem_05_0061,12290.51757,1,2,problem_05_0060,0,1,2
problem_05_0061,0,1,2,problem_05_0061,12136.4758,0.833333333,1,problem_05_0062,12739.69316,1,1,problem_05_0061,0,1,2
problem_05_0062,37.18519211,0.5,1,problem_05_0062,12366.75501,1,1,problem_05_0063,13124.1188,1,1,problem_05_0062,0,1,2
problem_05_0063,40.08793831,0.571428571,1,problem_05_0063,13023.85378,1,1,problem_05_0064,11983.75726,1,1,problem_05_0063,0,1,2
problem_05_0064,0,1,2,problem_05_0064,12084.17177,1,1,problem_05_0065,12908.86593,1,1,problem_05_0064,0,1,2
problem_05_0065,0,1,2,problem_05_0065,13316.99419,1,1,problem_05_0066,12983.3293,1,1,problem_05_0065,0,1,2
problem_05_0066,33.85853767,0.833333333,1,problem_05_0066,13187.41965,1,1,problem_05_0067,15150.30837,1,1,problem_05_0066,0,1,2
problem_05_0067,44.28744316,0.666666667,1,problem_05_0067,15948.46559,1,1,problem_05_0068,14155.19452,1,1,problem_05_0067,15.625,1,2
problem_05_0068,0,1,2,problem_05_0068,14291.01396,1,1,problem_05_0069,10922.26577,1,1,problem_05_0068,0,1,2
problem_05_0069,34.57045555,0.5,1,problem_05_0069,10927.91748,1,1,problem_05_0070,11927.44565,1,1,problem_05_0069,0,1,2
problem_05_0070,0,1,2,problem_05_0070,12227.49376,1,1,problem_05_0071,13531.8172,1,2,problem_05_0070,0,1,2
problem_05_0071,36.35501862,0.571428571,1,problem_05_0071,13080.73258,0.857142857,1,problem_05_0072,13547.20902,1,1,problem_05_0071,0,1,2
problem_05_0072,34.05213356,0.666666667,1,problem_05_0072,13199.17393,1,1,problem_05_0073,13324.80669,1,1,problem_05_0072,0,1,2
problem_05_0073,36.15283966,0.714285714,1,problem_05_0073,13137.6586,1,1,problem_05_0074,18766.95776,1,1,problem_05_0073,0,1,2
problem_05_0074,44.86918449,1,1,problem_05_0074,18957.93653,1,1,problem_05_0075,13066.21575,1,1,problem_05_0074,0,1,2
problem_05_0075,40.86232185,0.857142857,1,problem_05_0075,13361.53746,1,1,problem_05_0076,12185.75525,1,1,problem_05_0075,15.625,1,2
problem_05_0076,38.01321983,0.714285714,1,problem_05_0076,11986.65428,1,1,problem_05_0077,13092.37814,1,1,problem_05_0076,0,1,2
problem_05_0077,15.625,1,2,problem_05_0077,12992.24234,1,1,problem_05_0078,13245.06307,1,1,problem_05_0077,0,1,2
problem_05_0078,37.96863556,0.5,1,problem_05_0078,12935.58264,1,1,problem_05_0079,15527.34804,1,1,problem_05_0078,15.625,1,2
problem_05_0079,36.21697426,0.571428571,1,problem_05_0079,15605.82018,1,1,problem_05_0080,10872.35403,1,1,problem_05_0079,0,1,2
problem_05_0080,0,1,2,problem_05_0080,10774.02925,1,1,problem_05_0081,13145.56766,1,1,problem_05_0080,0,1,2
problem_05_0081,34.03902054,0.833333333,1,problem_05_0081,13063.12847,1,1,problem_05_0082,12171.38243,1,1,problem_05_0081,15.625,1,2
problem_05_0082,35.69722176,0.75,1,problem_05_0082,12044.59786,1,1,problem_05_0083,14869.00735,1,1,problem_05_0082,0,1,2
problem_05_0083,0,1,2,problem_05_0083,14436.78617,1,1,problem_05_0084,21175.78268,1,1,problem_05_0083,0,1,2
problem_05_0084,15.625,1,2,problem_05_0084,18222.11599,1,1,problem_05_0085,11916.51583,1,1,problem_05_0084,0,1,2
problem_05_0085,40.2636528,0.714285714,1,problem_05_0085,12042.36054,1,1,problem_05_0086,13162.51445,1,1,problem_05_0085,15.625,1,2
problem_05_0086,35.41088104,0.833333333,1,problem_05_0086,13048.19822,1,1,problem_05_0087,12016.47139,1,1,problem_05_0086,0,1,2
problem_05_0087,0,1,2,problem_05_0087,12175.65322,1,1,problem_05_0088,11003.0005,1,1,problem_05_0087,0,1,2
problem_05_0088,36.03959084,0.5,1,problem_05_0088,11001.95718,1,1,problem_05_0089,13377.9428,1,1,problem_05_0088,0,1,2
problem_05_0089,36.5395546,0.5,1,problem_05_0089,13334.47027,1,1,problem_05_0090,16475.35014,1,2,problem_05_0089,0,1,2
problem_05_0090,35.71629524,0.666666667,1,problem_05_0090,16292.04798,0.833333333,1,problem_05_0091,13583.19569,1,1,problem_05_0090,0,1,2
problem_05_0091,37.06812859,0.5,1,problem_05_0091,13599.6964,1,1,problem_05_0092,13161.00836,1,1,problem_05_0091,0,1,2
problem_05_0092,38.08712959,0.714285714,1,problem_05_0092,13165.46106,1,1,problem_05_0093,11019.21058,1,1,problem_05_0092,15.625,1,2
problem_05_0093,38.13934326,0.571428571,1,problem_05_0093,11005.25999,1,1,problem_05_0094,11029.87766,1,1,problem_05_0093,0,1,2
problem_05_0094,36.67831421,0.571428571,1,problem_05_0094,10976.83358,1,1,problem_05_0095,12296.95296,1,1,problem_05_0094,0,1,2
problem_05_0095,36.89527512,0.75,1,problem_05_0095,12779.02126,1,1,problem_05_0096,11097.34154,1,1,problem_05_0095,0,1,2
problem_05_0096,37.67371178,0.857142857,1,problem_05_0096,10984.49898,1,1,problem_05_0097,14270.96534,1,1,problem_05_0096,0,1,2
problem_05_0097,37.94789314,0.666666667,1,problem_05_0097,14237.22911,1,1,problem_05_0098,12959.97453,1,1,problem_05_0097,0,1,2
problem_05_0098,38.45334053,0.571428571,1,problem_05_0098,13003.76463,1,1,problem_05_0099,16696.51842,1,1,problem_05_0098,0,1,2
problem_05_0099,0,1,2,problem_05_0099,21511.64007,1,1,problem_05_0100,12148.25559,1,1,problem_05_0099,0,1,2
problem_05_0100,0,1,2,problem_05_0100,11363.95931,1,1,problem_05_0101,11036.09204,1,1,problem_05_0100,0,1,2
problem_05_0101,0,1,2,problem_05_0101,10370.46695,1,1,problem_05_0102,11189.20684,1,1,problem_05_0101,0,1,2
problem_05_0102,0,1,2,problem_05_0102,10471.33255,1,1,problem_05_0103,14483.52098,1,1,problem_05_0102,15.625,1,2
problem_05_0103,0,1,2,problem_05_0103,13543.63847,1,1,problem_05_0104,17808.32338,1,1,problem_05_0103,0,1,2
problem_05_0104,0,1,2,problem_05_0104,16531.01134,1,1,problem_05_0105,12106.72569,1,1,problem_05_0104,0,1,2
problem_05_0105,0,1,2,problem_05_0105,11493.36028,1,1,problem_05_0106,12127.31576,1,1,problem_05_0105,0,1,2
problem_05_0106,0,1,2,problem_05_0106,11544.38162,1,1,problem_05_0107,14364.79831,1,1,problem_05_0106,0,1,2
problem_05_0107,15.625,1,2,problem_05_0107,13664.91485,1,1,problem_05_0108,14261.23857,1,1,problem_05_0107,0,1,2
problem_05_0108,0,1,2,problem_05_0108,13326.67661,1,1,problem_05_0109,13665.3192,1,1,problem_05_0108,15.625,1,2
problem_05_0109,0,1,2,problem_05_0109,12518.24737,1,1,problem_05_0110,12322.56341,1,1,problem_05_0109,0,1,2
problem_05_0110,0,1,2,problem_05_0110,11590.9214,1,1,problem_05_0111,14815.40728,1,1,problem_05_0110,0,1,2
problem_05_0111,28.01823616,0.714285714,1,problem_05_0111,13564.7254,1,1,problem_05_0112,12324.79167,1,1,problem_05_0111,15.625,1,2
problem_05_0112,0,1,2,problem_05_0112,11338.80186,1,1,problem_05_0113,12246.57679,1,1,problem_05_0112,0,1,2
problem_05_0113,0,1,2,problem_05_0113,11312.60514,1,1,problem_05_0114,12492.66434,1,1,problem_05_0113,0,1,2
problem_05_0114,15.625,1,2,problem_05_0114,11582.41367,1,1,problem_05_0115,13437.12234,1,1,problem_05_0114,0,1,2
problem_05_0115,0,1,2,problem_05_0115,12627.12455,1,1,problem_05_0116,13585.71219,1,1,problem_05_0115,0,1,2
problem_05_0116,0,1,2,problem_05_0116,12341.09569,1,1,problem_05_0117,13426.49913,1,1,problem_05_0116,0,1,2
problem_05_0117,15.625,1,2,problem_05_0117,12458.88257,1,1,problem_05_0118,12241.22143,1,1,problem_05_0117,0,1,2
problem_05_0118,0,1,2,problem_05_0118,11463.77683,1,1,problem_05_0119,12414.78586,1,1,problem_05_0118,0,1,2
problem_05_0119,28.32150459,0.75,1,problem_05_0119,11593.46962,1,1,problem_05_0120,12366.37115,1,1,problem_05_0119,0,1,2
problem_05_0120,0,1,2,problem_05_0120,11642.91811,1,1,problem_05_0121,14661.25774,1,1,problem_05_0120,0,1,2
problem_05_0121,0,1,2,problem_05_0121,12608.2375,1,1,problem_05_0122,9081.156015,1,1,problem_05_0121,0,1,2
problem_05_0122,0,1,2,problem_05_0122,8494.933844,1,1,problem_05_0123,11166.22782,1,1,problem_05_0122,15.625,1,2
problem_05_0123,29.00648117,0.714285714,1,problem_05_0123,10545.2044,1,1,problem_05_0124,13375.50473,1,1,problem_05_0123,0,1,2
problem_05_0124,0,1,2,problem_05_0124,12211.308,1,1,problem_05_0125,13665.65633,1,1,problem_05_0124,0,1,2
problem_05_0125,30.05433083,0.571428571,1,problem_05_0125,12499.22109,1,1,problem_05_0126,13436.83457,1,1,problem_05_0125,0,1,2
problem_05_0126,29.84571457,0.5,1,problem_05_0126,15704.11611,1,1,problem_05_0127,17997.88904,1,1,problem_05_0126,0,1,2
problem_05_0127,29.69145775,0.833333333,1,problem_05_0127,18562.3517,1,1,problem_05_0128,12364.00795,1,1,problem_05_0127,0,1,2
problem_05_0128,0,1,2,problem_05_0128,11531.52823,1,1,problem_05_0129,8979.677916,1,1,problem_05_0128,0,1,2
problem_05_0129,0,1,2,problem_05_0129,8407.71389,1,1,problem_05_0130,12041.45932,1,1,problem_05_0129,15.625,1,2
problem_05_0130,0,1,2,problem_05_0130,11265.38157,1,1,problem_05_0131,11128.53718,1,1,problem_05_0130,0,1,2
problem_05_0131,29.37054634,0.625,1,problem_05_0131,10518.24784,1,1,problem_05_0132,16815.36984,1,1,problem_05_0131,0,1,2
problem_05_0132,0,1,2,problem_05_0132,14287.55522,1,1,problem_05_0133,15952.02422,1,2,problem_05_0132,0,1,2
problem_05_0133,15.625,1,2,problem_05_0133,14658.72049,0.857142857,1,problem_05_0134,12251.8363,1,1,problem_05_0133,15.625,1,2
problem_05_0134,0,1,2,problem_05_0134,11383.51059,1,1,problem_05_0135,16984.6189,1,1,problem_05_0134,0,1,2
problem_05_0135,34.948349,0.714285714,1,problem_05_0135,15650.52962,1,1,problem_05_0136,14708.26626,1,1,problem_05_0135,0,1,2
problem_05_0136,0,1,2,problem_05_0136,13358.71935,1,1,problem_05_0137,18197.5565,1,1,problem_05_0136,0,1,2
problem_05_0137,0,1,2,problem_05_0137,16570.46485,1,1,problem_05_0138,14240.68117,1,1,problem_05_0137,0,1,2
problem_05_0138,29.86526489,0.625,1,problem_05_0138,14105.32832,1,1,problem_05_0139,13486.21082,1,1,problem_05_0138,0,1,2
problem_05_0139,0,1,2,problem_05_0139,12434.94749,1,1,problem_05_0140,15786.51309,1,1,problem_05_0139,0,1,2
problem_05_0140,0,1,2,problem_05_0140,17676.3103,1,1,problem_05_0141,8980.47781,1,1,problem_05_0140,0,1,2
problem_05_0141,0,1,2,problem_05_0141,8664.72888,1,1,problem_05_0142,12542.69099,1,1,problem_05_0141,0,1,2
problem_05_0142,28.18202972,0.714285714,1,problem_05_0142,11514.13369,1,1,problem_05_0143,13379.59743,1,1,problem_05_0142,0,1,2
problem_05_0143,33.91575813,1,1,problem_05_0143,15181.42438,1,1,problem_05_0144,11103.55067,1,1,problem_05_0143,0,1,2
problem_05_0144,0,1,2,problem_05_0144,12416.19706,1,1,problem_05_0145,13737.17737,1,1,problem_05_0144,0,1,2
problem_05_0145,0,1,2,problem_05_0145,13129.30489,1,1,problem_05_0146,12403.22399,1,1,problem_05_0145,0,1,2
problem_05_0146,29.54769135,0.714285714,1,problem_05_0146,12128.98612,1,1,problem_05_0147,11369.03644,1,1,problem_05_0146,0,1,2
problem_05_0147,0,1,2,problem_05_0147,11002.37417,1,1,problem_05_0148,12374.53794,1,1,problem_05_0147,0,1,2
problem_05_0148,0,1,2,problem_05_0148,15125.30732,1,1,problem_05_0149,12236.39107,1,1,problem_05_0148,0,1,2
problem_05_0149,36.36956215,0.857142857,1,problem_05_0149,12100.42882,1,1,problem_05_0150,12539.21318,1,1,problem_05_0149,15.625,1,2
problem_05_0150,29.73508835,0.833333333,1,problem_05_0150,11881.47259,1,1,problem_05_0151,12421.24891,1,1,problem_05_0150,15.625,1,2
problem_10_0001,7.395267487,1,1,problem_10_0001,28232.41949,1,1,problem_10_0002,21278.43952,1,2,problem_10_0001,1609.38,1,2
problem_10_0002,3.157615662,1,1,problem_10_0002,22022.26162,0.916666667,1,problem_10_0003,19324.39947,1,1,problem_10_0002,828.125,1,2
problem_10_0003,3.537654877,1,1,problem_10_0003,21987.29253,1,1,problem_10_0004,16054.06618,1,1,problem_10_0003,859.375,1,2
problem_10_0004,9.981870651,1,1,problem_10_0004,15844.31434,1,1,problem_10_0005,23054.22926,1,1,problem_10_0004,15.625,1,2
problem_10_0005,7.395267487,1,1,problem_10_0005,23179.1656,1,1,problem_10_0006,6046.88,1,2,problem_10_0005,18625,1,2
problem_10_0006,5984.38,1,2,problem_10_0006,6000,1,2,problem_10_0007,23410.99143,1,1,problem_10_0006,6703.12,1,2
problem_10_0007,15.625,1,2,problem_10_0007,18179.58474,1,1,problem_10_0008,19344.46907,1,2,problem_10_0007,31.25,1,2
problem_10_0008,484.375,1,2,problem_10_0008,19662.44888,0.923076923,1,problem_10_0009,17651.49665,1,2,problem_10_0008,484.375,1,2
problem_10_0009,15.625,1,2,problem_10_0009,18492.65742,0.928571429,1,problem_10_0010,1437.5,1,2,problem_10_0009,15.625,1,2
problem_10_0010,1500,1,2,problem_10_0010,1468.75,1,2,problem_10_0011,15.625,1,2,problem_10_0010,1390.62,1,2
problem_10_0011,15.625,1,2,problem_10_0011,15.625,1,2,problem_10_0012,33409.73735,1,2,problem_10_0011,15.625,1,2
problem_10_0012,8218.75,1,2,problem_10_0012,25628.93677,0.909090909,1,problem_10_0013,17608.35791,1,2,problem_10_0012,8031.25,1,2
problem_10_0013,0,1,2,problem_10_0013,17380.8496,0.846153846,1,problem_10_0014,18514.35518,1,2,problem_10_0013,15.625,1,2
problem_10_0014,78.125,1,2,problem_10_0014,18619.7927,0.916666667,1,problem_10_0015,16069.47351,1,2,problem_10_0014,62.5,1,2
problem_10_0015,46.875,1,2,problem_10_0015,16036.13257,0.916666667,1,problem_10_0016,25313.58195,1,2,problem_10_0015,46.875,1,2
problem_10_0016,4468.75,1,2,problem_10_0016,22243.62183,1,1,problem_10_0017,57689.15316,1,2,problem_10_0016,4203.12,1,2
problem_10_0017,35781.2,1,2,problem_10_0017,36093.8,1,2,problem_10_0018,625,1,2,problem_10_0017,35359.4,1,2
problem_10_0018,656.25,1,2,problem_10_0018,24719.2297,0.916666667,1,problem_10_0019,21435.26053,1,2,problem_10_0018,625,1,2
problem_10_0019,609.375,1,2,problem_10_0019,19516.48164,0.916666667,1,problem_10_0020,60000,0,-1,problem_10_0019,625,1,2
problem_10_0020,47046.9,1,2,problem_10_0020,21796.73839,0.909090909,1,problem_10_0021,18298.03228,1,2,problem_10_0020,47046.9,1,2
problem_10_0021,15.625,1,2,problem_10_0021,18564.55255,0.923076923,1,problem_10_0022,19815.42158,1,2,problem_10_0021,31.25,1,2
problem_10_0022,1812.5,1,2,problem_10_0022,17374.19748,0.916666667,1,problem_10_0023,22219.10024,1,2,problem_10_0022,1843.75,1,2
problem_10_0023,375,1,2,problem_10_0023,22352.91266,0.923076923,1,problem_10_0024,22052.35982,1,1,problem_10_0023,375,1,2
problem_10_0024,750,1,2,problem_10_0024,22433.39968,1,1,problem_10_0025,23487.11658,1,2,problem_10_0024,718.75,1,2
problem_10_0025,2562.5,1,2,problem_10_0025,21287.79936,0.833333333,1,problem_10_0026,22553.8168,1,2,problem_10_0025,2531.25,1,2
problem_10_0026,15.625,1,2,problem_10_0026,23326.38001,0.818181818,1,problem_10_0027,24906.27551,1,2,problem_10_0026,31.25,1,2
problem_10_0027,203.125,1,2,problem_10_0027,25543.39314,0.916666667,1,problem_10_0028,15882.30252,1,1,problem_10_0027,187.5,1,2
problem_10_0028,62.5,1,2,problem_10_0028,15574.99576,1,1,problem_10_0029,23917.43112,1,2,problem_10_0028,62.5,1,2
problem_10_0029,984.375,1,2,problem_10_0029,23005.64599,0.923076923,1,problem_10_0030,20145.02192,1,1,problem_10_0029,1000,1,2
problem_10_0030,4718.75,1,2,problem_10_0030,20231.91428,1,1,problem_10_0031,25461.81273,1,1,problem_10_0030,4625,1,2
problem_10_0031,921.875,1,2,problem_10_0031,25940.51003,1,1,problem_10_0032,5437.5,1,2,problem_10_0031,890.625,1,2
problem_10_0032,5375,1,2,problem_10_0032,5390.62,1,2,problem_10_0033,14908.45394,1,2,problem_10_0032,5437.5,1,2
problem_10_0033,0,1,2,problem_10_0033,15809.76653,0.933333333,1,problem_10_0034,16252.80952,1,2,problem_10_0033,15.625,1,2
problem_10_0034,406.25,1,2,problem_10_0034,15759.91154,0.833333333,1,problem_10_0035,18965.83414,1,2,problem_10_0034,390.625,1,2
problem_10_0035,890.625,1,2,problem_10_0035,18164.76011,0.916666667,1,problem_10_0036,23450.68908,1,2,problem_10_0035,906.25,1,2
problem_10_0036,1765.62,1,2,problem_10_0036,21826.65277,0.916666667,1,problem_10_0037,14714.41531,1,2,problem_10_0036,1718.75,1,2
problem_10_0037,0,1,2,problem_10_0037,14476.66788,0.923076923,1,problem_10_0038,24800.71425,1,2,problem_10_0037,0,1,2
problem_10_0038,2421.88,1,2,problem_10_0038,22014.89949,0.916666667,1,problem_10_0039,20426.98288,1,2,problem_10_0038,2296.88,1,2
problem_10_0039,890.625,1,2,problem_10_0039,18398.96941,0.928571429,1,problem_10_0040,19490.50093,1,1,problem_10_0039,890.625,1,2
problem_10_0040,15.625,1,2,problem_10_0040,19366.58096,1,1,problem_10_0041,21834.06687,1,1,problem_10_0040,15.625,1,2
problem_10_0041,125,1,2,problem_10_0041,22951.64418,1,1,problem_10_0042,4906.25,1,2,problem_10_0041,187.5,1,2
problem_10_0042,4875,1,2,problem_10_0042,23405.00331,0.818181818,1,problem_10_0043,19512.53343,1,2,problem_10_0042,7171.88,1,2
problem_10_0043,31.25,1,2,problem_10_0043,20991.7407,0.923076923,1,problem_10_0044,19591.20131,1,1,problem_10_0043,31.25,1,2
problem_10_0044,187.5,1,2,problem_10_0044,19537.16302,1,1,problem_10_0045,15976.07517,1,2,problem_10_0044,234.375,1,2
problem_10_0045,31.25,1,2,problem_10_0045,16155.36308,0.923076923,1,problem_10_0046,25547.63556,1,2,problem_10_0045,15.625,1,2
problem_10_0046,3031.25,1,2,problem_10_0046,22300.54164,0.916666667,1,problem_10_0047,18475.64745,1,2,problem_10_0046,3750,1,2
problem_10_0047,15.625,1,2,problem_10_0047,18614.96258,0.769230769,1,problem_10_0048,21916.69798,1,2,problem_10_0047,15.625,1,2
problem_10_0048,78.125,1,2,problem_10_0048,62.5,1,2,problem_10_0049,32259.15409,1,2,problem_10_0048,109.375,1,2
problem_10_0049,5640.62,1,2,problem_10_0049,23102.97966,0.846153846,1,problem_10_0050,4859.38,1,2,problem_10_0049,9140.62,1,2
problem_10_0050,5031.25,1,2,problem_10_0050,4796.88,1,2,problem_10_0051,1328.12,1,2,problem_10_0050,6000,1,2
problem_10_0051,1281.25,1,2,problem_10_0051,1281.25,1,2,problem_10_0052,10593.8,1,2,problem_10_0051,1218.75,1,2
problem_10_0052,10515.6,1,2,problem_10_0052,23887.69627,0.818181818,1,problem_10_0053,20952.58117,1,2,problem_10_0052,10546.9,1,2
problem_10_0053,515.625,1,2,problem_10_0053,20595.43633,0.916666667,1,problem_10_0054,24594.23256,1,1,problem_10_0053,500,1,2
problem_10_0054,703.125,1,2,problem_10_0054,24364.89534,1,1,problem_10_0055,31546.9,1,2,problem_10_0054,703.125,1,2
problem_10_0055,31375,1,2,problem_10_0055,23484.42125,0.727272727,1,problem_10_0056,20990.47375,1,2,problem_10_0055,31609.4,1,2
problem_10_0056,1343.75,1,2,problem_10_0056,21846.14158,0.769230769,1,problem_10_0057,1281.25,1,2,problem_10_0056,1437.5,1,2
problem_10_0057,1203.12,1,2,problem_10_0057,1250,1,2,problem_10_0058,23493.35933,1,1,problem_10_0057,1218.75,1,2
problem_10_0058,2062.5,1,2,problem_10_0058,23198.40407,1,1,problem_10_0059,359.375,1,2,problem_10_0058,2000,1,2
problem_10_0059,359.375,1,2,problem_10_0059,359.375,1,2,problem_10_0060,21093.78147,1,2,problem_10_0059,343.75,1,2
problem_10_0060,765.625,1,2,problem_10_0060,20836.39097,0.916666667,1,problem_10_0061,18471.74931,1,2,problem_10_0060,750,1,2
problem_10_0061,125,1,2,problem_10_0061,18311.11431,0.833333333,1,problem_10_0062,58232.9309,1,2,problem_10_0061,109.375,1,2
problem_10_0062,31687.5,1,2,problem_10_0062,27231.90761,0.818181818,1,problem_10_0063,19235.22115,1,2,problem_10_0062,31187.5,1,2
problem_10_0063,78.125,1,2,problem_10_0063,19536.56077,0.916666667,1,problem_10_0064,22470.13855,1,2,problem_10_0063,93.75,1,2
problem_10_0064,796.875,1,2,problem_10_0064,22575.24133,0.916666667,1,problem_10_0065,35593.8,1,2,problem_10_0064,812.5,1,2
problem_10_0065,35640.6,1,2,problem_10_0065,22473.50049,0.818181818,1,problem_10_0066,22222.00918,1,2,problem_10_0065,34984.4,1,2
problem_10_0066,187.5,1,2,problem_10_0066,22664.61611,0.928571429,1,problem_10_0067,6593.75,1,2,problem_10_0066,171.875,1,2
problem_10_0067,6531.25,1,2,problem_10_0067,6593.75,1,2,problem_10_0068,15913.33914,1,2,problem_10_0067,6515.62,1,2
problem_10_0068,109.375,1,2,problem_10_0068,15904.742,0.916666667,1,problem_10_0069,23884.34935,1,1,problem_10_0068,109.375,1,2
problem_10_0069,8546.88,1,2,problem_10_0069,24194.98634,1,1,problem_10_0070,21400.06375,1,2,problem_10_0069,8343.75,1,2
problem_10_0070,1015.62,1,2,problem_10_0070,20427.50478,0.833333333,1,problem_10_0071,19349.5059,1,2,problem_10_0070,1031.25,1,2
problem_10_0071,31.25,1,2,problem_10_0071,19416.00084,0.833333333,1,problem_10_0072,1140.62,1,2,problem_10_0071,46.875,1,2
problem_10_0072,1109.38,1,2,problem_10_0072,1140.62,1,2,problem_10_0073,60000,0,-1,problem_10_0072,1109.38,1,2
problem_10_0073,39203.1,1,2,problem_10_0073,27814.56327,0.727272727,1,problem_10_0074,55000,0.818181818,1,problem_10_0073,40328.1,1,2
problem_10_0074,60000,0,-1,problem_10_0074,27361.27591,0.818181818,1,problem_10_0075,22394.15669,1,2,problem_10_0074,60000,0,-1
problem_10_0075,625,1,2,problem_10_0075,22032.74059,0.769230769,1,problem_10_0076,23703.58324,1,2,problem_10_0075,593.75,1,2
problem_10_0076,3031.25,1,2,problem_10_0076,20742.43665,0.923076923,1,problem_10_0077,14092.06557,1,2,problem_10_0076,3000,1,2
problem_10_0077,484.375,1,2,problem_10_0077,13420.00151,0.75,1,problem_10_0078,20343.42647,1,1,problem_10_0077,453.125,1,2
problem_10_0078,140.625,1,2,problem_10_0078,20768.84604,1,1,problem_10_0079,13710.95467,1,2,problem_10_0078,125,1,2
problem_10_0079,46.875,1,2,problem_10_0079,15820.77813,0.923076923,1,problem_10_0080,18042.00912,1,2,problem_10_0079,46.875,1,2
problem_10_0080,0,1,2,problem_10_0080,18708.04548,0.923076923,1,problem_10_0081,93.75,1,2,problem_10_0080,0,1,2
problem_10_0081,109.375,1,2,problem_10_0081,109.375,1,2,problem_10_0082,21286.61704,1,2,problem_10_0081,109.375,1,2
problem_10_0082,31.25,1,2,problem_10_0082,24430.6941,0.727272727,1,problem_10_0083,18802.80042,1,1,problem_10_0082,31.25,1,2
problem_10_0083,125,1,2,problem_10_0083,19723.58513,1,1,problem_10_0084,562.5,1,2,problem_10_0083,93.75,1,2
problem_10_0084,562.5,1,2,problem_10_0084,593.75,1,2,problem_10_0085,18194.75365,1,2,problem_10_0084,515.625,1,2
problem_10_0085,421.875,1,2,problem_10_0085,18503.00622,1,1,problem_10_0086,19823.75288,1,2,problem_10_0085,421.875,1,2
problem_10_0086,46.875,1,2,problem_10_0086,19369.52424,0.916666667,1,problem_10_0087,20038.29217,1,2,problem_10_0086,46.875,1,2
problem_10_0087,109.375,1,2,problem_10_0087,20693.8355,0.833333333,1,problem_10_0088,26855.09776,1,2,problem_10_0087,125,1,2
problem_10_0088,3109.38,1,2,problem_10_0088,3140.62,1,2,problem_10_0089,20373.19565,1,1,problem_10_0088,3046.88,1,2
problem_10_0089,562.5,1,2,problem_10_0089,20607.97787,1,1,problem_10_0090,18367.29169,1,2,problem_10_0089,562.5,1,2
problem_10_0090,500,1,2,problem_10_0090,14946.81954,0.785714286,1,problem_10_0091,3890.62,1,2,problem_10_0090,500,1,2
problem_10_0091,3906.25,1,2,problem_10_0091,23287.54139,1,1,problem_10_0092,23323.20857,1,1,problem_10_0091,3859.38,1,2
problem_10_0092,156.25,1,2,problem_10_0092,27182.92546,1,1,problem_10_0093,26447.34144,1,2,problem_10_0092,156.25,1,2
problem_10_0093,2406.25,1,2,problem_10_0093,24819.67926,0.909090909,1,problem_10_0094,17747.5605,1,2,problem_10_0093,2406.25,1,2
problem_10_0094,31.25,1,2,problem_10_0094,18547.50061,0.923076923,1,problem_10_0095,24288.0509,1,2,problem_10_0094,31.25,1,2
problem_10_0095,1734.38,1,2,problem_10_0095,1781.25,1,2,problem_10_0096,734.375,1,2,problem_10_0095,1765.62,1,2
problem_10_0096,781.25,1,2,problem_10_0096,812.5,1,2,problem_10_0097,17208.03142,1,2,problem_10_0096,750,1,2
problem_10_0097,718.75,1,2,problem_10_0097,17147.40753,0.923076923,1,problem_10_0098,26312.21294,1,1,problem_10_0097,687.5,1,2
problem_10_0098,2250,1,2,problem_10_0098,29009.39226,0.818181818,1,problem_10_0099,18784.43313,1,1,problem_10_0098,2296.88,1,2
problem_10_0099,0,1,2,problem_10_0099,20212.39209,1,1,problem_10_0100,17989.30836,1,2,problem_10_0099,0,1,2
problem_10_0100,140.625,1,2,problem_10_0100,19697.18385,0.916666667,1,problem_11_0001,22500.06723,1,2,problem_10_0100,140.625,1,2
problem_11_0001,187.5,1,2,problem_11_0001,22642.83824,0.916666667,1,problem_11_0002,23343.05716,1,1,problem_11_0001,171.875,1,2
problem_11_0002,15.625,1,2,problem_11_0002,18515.06734,0.785714286,1,problem_11_0003,32263.68164,1,2,problem_11_0002,15.625,1,2
problem_11_0003,9109.38,1,2,problem_11_0003,23684.61537,0.928571429,1,problem_11_0004,23190.91988,1,1,problem_11_0003,8796.88,1,2
problem_11_0004,8765.62,1,2,problem_11_0004,23203.60994,1,1,problem_11_0005,18716.85028,1,2,problem_11_0004,8562.5,1,2
problem_11_0005,31.25,1,2,problem_11_0005,21292.23776,0.933333333,1,problem_11_0006,55000,0.75,1,problem_11_0005,46.875,1,2
problem_11_0006,60000,0,-1,problem_11_0006,24880.09238,0.75,1,problem_11_0007,21015.58042,1,1,problem_11_0006,60000,0,-1
problem_11_0007,10.78891754,1,1,problem_11_0007,21830.72758,0.916666667,1,problem_11_0008,21121.67501,1,1,problem_11_0007,43656.2,1,2
problem_11_0008,12.41350174,1,1,problem_11_0008,22018.33844,1,1,problem_11_0009,25505.70488,1,2,problem_11_0008,3937.5,1,2
problem_11_0009,13.37981224,1,1,problem_11_0009,23973.56582,0.857142857,1,problem_11_0010,27103.13082,1,2,problem_11_0009,2375,1,2
problem_11_0010,9.009838104,1,1,problem_11_0010,23815.2225,0.857142857,1,problem_11_0011,16823.19999,1,1,problem_11_0010,4328.12,1,2
problem_11_0011,9.103298187,1,1,problem_11_0011,17244.97819,1,1,problem_11_0012,18916.63742,1,2,problem_11_0011,2828.12,1,2
problem_11_0012,125,1,2,problem_11_0012,20286.33404,0.928571429,1,problem_11_0013,46589.13854,1,2,problem_11_0012,140.625,1,2
problem_11_0013,21062.5,1,2,problem_11_0013,27341.49647,0.785714286,1,problem_11_0014,27450.20651,1,2,problem_11_0013,20515.6,1,2
problem_11_0014,9796.88,1,2,problem_11_0014,18424.15547,0.923076923,1,problem_11_0015,60000,0,-1,problem_11_0014,9796.88,1,2
problem_11_0015,60000,0,-1,problem_11_0015,60000,0,-1,problem_11_0016,29178.26915,1,2,problem_11_0015,60000,0,-1
problem_11_0016,2531.25,1,2,problem_11_0016,2562.5,1,2,problem_11_0017,8687.5,1,2,problem_11_0016,2406.25,1,2
problem_11_0017,8703.12,1,2,problem_11_0017,8750,1,2,problem_11_0018,17427.41299,1,2,problem_11_0017,8593.75,1,2
problem_11_0018,687.5,1,2,problem_11_0018,17651.92103,0.928571429,1,problem_11_0019,23416.62407,1,2,problem_11_0018,640.625,1,2
problem_11_0019,1156.25,1,2,problem_11_0019,22936.6889,0.928571429,1,problem_11_0020,22550.11082,1,2,problem_11_0019,1156.25,1,2
problem_11_0020,1843.75,1,2,problem_11_0020,20750.4847,0.769230769,1,problem_11_0021,54399.55902,1,2,problem_11_0020,1828.12,1,2
problem_11_0021,29296.9,1,2,problem_11_0021,26320.07217,0.916666667,1,problem_11_0022,33833.21643,1,2,problem_11_0021,28562.5,1,2
problem_11_0022,13578.1,1,2,problem_11_0022,21088.00673,0.923076923,1,problem_11_0023,55000,0.75,1,problem_11_0022,13250,1,2
problem_11_0023,60000,0,-1,problem_11_0023,28617.43021,0.916666667,1,problem_11_0024,20696.70916,1,2,problem_11_0023,60000,0,-1
problem_11_0024,109.375,1,2,problem_11_0024,22278.68128,0.928571429,1,problem_11_0025,60000,0,-1,problem_11_0024,109.375,1,2
problem_11_0025,60000,0,-1,problem_11_0025,60000,0,-1,problem_11_0026,26852.03195,1,2,problem_11_0025,60000,0,-1
problem_11_0026,6015.62,1,2,problem_11_0026,21256.71196,0.928571429,1,problem_11_0027,18671.24701,1,2,problem_11_0026,5875,1,2
problem_11_0027,140.625,1,2,problem_11_0027,18948.65179,0.9375,1,problem_11_0028,25345.69335,1,2,problem_11_0027,140.625,1,2
problem_11_0028,2390.62,1,2,problem_11_0028,23538.70511,0.692307692,1,problem_11_0029,21120.01586,1,2,problem_11_0028,2281.25,1,2
problem_11_0029,265.625,1,2,problem_11_0029,21133.84104,0.846153846,1,problem_11_0030,60000,0,-1,problem_11_0029,250,1,2
problem_11_0030,60000,0,-1,problem_11_0030,60000,0,-1,problem_11_0031,30210.61205,1,2,problem_11_0030,60000,0,-1
problem_11_0031,1906.25,1,2,problem_11_0031,30220.4752,0.846153846,1,problem_11_0032,22686.30433,1,1,problem_11_0031,1859.38,1,2
problem_11_0032,29375,1,2,problem_11_0032,21912.7841,0.846153846,1,problem_11_0033,45359.09745,1,2,problem_11_0032,28250,1,2
problem_11_0033,19437.5,1,2,problem_11_0033,23425.39406,0.923076923,1,problem_11_0034,11140.6,1,2,problem_11_0033,19609.4,1,2
problem_11_0034,10875,1,2,problem_11_0034,10796.9,1,2,problem_11_0035,22972.43667,1,2,problem_11_0034,10359.4,1,2
problem_11_0035,2171.88,1,2,problem_11_0035,20812.7625,0.857142857,1,problem_11_0036,12937.5,1,2,problem_11_0035,2078.12,1,2
problem_11_0036,12921.9,1,2,problem_11_0036,25732.04637,1,1,problem_11_0037,22186.55944,1,2,problem_11_0036,12562.5,1,2
problem_11_0037,171.875,1,2,problem_11_0037,19830.29103,0.923076923,1,problem_11_0038,26052.48284,1,2,problem_11_0037,171.875,1,2
problem_11_0038,156.25,1,2,problem_11_0038,24712.41117,1,1,problem_11_0039,13782.24635,1,2,problem_11_0038,140.625,1,2
problem_11_0039,0,1,2,problem_11_0039,13559.82399,0.866666667,1,problem_11_0040,25117.04349,1,2,problem_11_0039,0,1,2
problem_11_0040,3343.75,1,2,problem_11_0040,21105.21054,0.928571429,1,problem_11_0041,42648.10422,1,2,problem_11_0040,3296.88,1,2
problem_11_0041,17468.8,1,2,problem_11_0041,25799.39771,0.923076923,1,problem_11_0042,24854.16865,1,2,problem_11_0041,17140.6,1,2
problem_11_0042,1359.38,1,2,problem_11_0042,23165.4489,0.857142857,1,problem_11_0043,48248.96237,1,2,problem_11_0042,1343.75,1,2
problem_11_0043,26593.8,1,2,problem_11_0043,21582.05795,0.928571429,1,problem_11_0044,25626.63913,1,1,problem_11_0043,26734.4,1,2
problem_11_0044,28890.6,1,2,problem_11_0044,25772.089,1,1,problem_11_0045,21042.49334,1,1,problem_11_0044,29031.2,1,2
problem_11_0045,3734.38,1,2,problem_11_0045,19970.98613,1,1,problem_11_0046,22176.14055,1,1,problem_11_0045,3640.62,1,2
problem_11_0046,4328.12,1,2,problem_11_0046,21832.82518,0.846153846,1,problem_11_0047,18218.8,1,2,problem_11_0046,4328.12,1,2
problem_11_0047,18328.1,1,2,problem_11_0047,25147.89605,0.833333333,1,problem_11_0048,27297.74546,1,2,problem_11_0047,17781.2,1,2
problem_11_0048,2046.88,1,2,problem_11_0048,25758.67939,0.923076923,1,problem_11_0049,55000,0.916666667,1,problem_11_0048,2046.88,1,2
problem_11_0049,60000,0,-1,problem_11_0049,24639.67514,1,1,problem_11_0050,18266.37053,1,2,problem_11_0049,60000,0,-1
problem_11_0050,15.625,1,2,problem_11_0050,18774.66536,0.846153846,1,problem_11_0051,55000,0.666666667,1,problem_11_0050,15.625,1,2
problem_11_0051,60000,0,-1,problem_11_0051,24966.96424,0.666666667,1,problem_11_0052,19531.2,1,2,problem_11_0051,60000,0,-1
problem_11_0052,19359.4,1,2,problem_11_0052,19156.2,1,2,problem_11_0053,16829.60105,1,1,problem_11_0052,20015.6,1,2
problem_11_0053,15.625,1,2,problem_11_0053,17273.57483,1,1,problem_11_0054,17390.02371,1,2,problem_11_0053,46.875,1,2
problem_11_0054,31.25,1,2,problem_11_0054,19707.74937,1,1,problem_11_0055,21720.46018,1,2,problem_11_0054,15.625,1,2
problem_11_0055,171.875,1,2,problem_11_0055,23355.18074,0.928571429,1,problem_11_0056,31847.98649,1,2,problem_11_0055,171.875,1,2
problem_11_0056,12109.4,1,2,problem_11_0056,21852.55861,0.583333333,1,problem_11_0057,23645.89667,1,1,problem_11_0056,11890.6,1,2
problem_11_0057,9218.75,1,2,problem_11_0057,24791.07261,0.923076923,1,problem_11_0058,20519.52386,1,2,problem_11_0057,9171.88,1,2
problem_11_0058,281.25,1,2,problem_11_0058,21066.91289,0.875,1,problem_11_0059,19856.08435,1,1,problem_11_0058,250,1,2
problem_11_0059,390.625,1,2,problem_11_0059,20982.37348,1,1,problem_11_0060,17623.78026,1,2,problem_11_0059,375,1,2
problem_11_0060,1484.38,1,2,problem_11_0060,17118.25275,0.923076923,1,problem_11_0061,1140.62,1,2,problem_11_0060,1453.12,1,2
problem_11_0061,1125,1,2,problem_11_0061,26558.73251,0.833333333,1,problem_11_0062,55000,0.583333333,1,problem_11_0061,1062.5,1,2
problem_11_0062,60000,0,-1,problem_11_0062,28114.61496,0.583333333,1,problem_11_0063,24755.81169,1,2,problem_11_0062,60000,0,-1
problem_11_0063,296.875,1,2,problem_11_0063,18590.81769,0.769230769,1,problem_11_0064,25697.1817,1,1,problem_11_0063,296.875,1,2
problem_11_0064,11.48939133,0.571428571,1,problem_11_0064,25996.82522,1,1,problem_11_0065,24795.5265,1,2,problem_11_0064,60000,0,-1
problem_11_0065,5640.62,1,2,problem_11_0065,19221.76576,0.769230769,1,problem_11_0066,23350.98147,1,1,problem_11_0065,5562.5,1,2
problem_11_0066,2546.88,1,2,problem_11_0066,27192.42096,1,1,problem_11_0067,20027.23217,1,2,problem_11_0066,2453.12,1,2
problem_11_0067,46.875,1,2,problem_11_0067,21265.84888,0.928571429,1,problem_11_0068,26053.07746,1,2,problem_11_0067,62.5,1,2
problem_11_0068,3031.25,1,2,problem_11_0068,23525.91348,0.846153846,1,problem_11_0069,1171.88,1,2,problem_11_0068,2906.25,1,2
problem_11_0069,1140.62,1,2,problem_11_0069,1140.62,1,2,problem_11_0070,21760.47039,1,1,problem_11_0069,1140.62,1,2
problem_11_0070,3109.38,1,2,problem_11_0070,20844.98382,0.928571429,1,problem_11_0071,437.5,1,2,problem_11_0070,2984.38,1,2
problem_11_0071,453.125,1,2,problem_11_0071,437.5,1,2,problem_11_0072,19838.6476,1,1,problem_11_0071,437.5,1,2
problem_11_0072,109.375,1,2,problem_11_0072,19893.27288,1,1,problem_11_0073,23732.3389,1,2,problem_11_0072,109.375,1,2
problem_11_0073,1843.75,1,2,problem_11_0073,22100.76857,0.923076923,1,problem_11_0074,29386.70826,1,2,problem_11_0073,1734.38,1,2
problem_11_0074,2828.12,1,2,problem_11_0074,27026.05081,0.923076923,1,problem_11_0075,60000,0,-1,problem_11_0074,2718.75,1,2
problem_11_0075,60000,0,-1,problem_11_0075,60000,0,-1,problem_11_0076,60000,0,-1,problem_11_0075,60000,0,-1
problem_11_0076,60000,0,-1,problem_11_0076,60000,0,-1,problem_11_0077,36232.13243,1,2,problem_11_0076,60000,0,-1
problem_11_0077,13984.4,1,2,problem_11_0077,24377.2459,0.846153846,1,problem_11_0078,921.875,1,2,problem_11_0077,13562.5,1,2
problem_11_0078,921.875,1,2,problem_11_0078,906.25,1,2,problem_11_0079,28730.93724,1,2,problem_11_0078,906.25,1,2
problem_11_0079,3796.88,1,2,problem_11_0079,3828.12,1,2,problem_11_0080,35927.36741,1,2,problem_11_0079,3671.88,1,2
problem_11_0080,12187.5,1,2,problem_11_0080,25020.06817,0.923076923,1,problem_11_0081,5078.12,1,2,problem_11_0080,12109.4,1,2
problem_11_0081,5093.75,1,2,problem_11_0081,5078.12,1,2,problem_11_0082,21490.5436,1,1,problem_11_0081,5062.5,1,2
problem_11_0082,5671.88,1,2,problem_11_0082,25575.40464,0.833333333,1,problem_11_0083,27557.58905,1,2,problem_11_0082,5546.88,1,2
problem_11_0083,2531.25,1,2,problem_11_0083,24396.33584,0.928571429,1,problem_11_0084,22747.88237,1,2,problem_11_0083,2531.25,1,2
problem_11_0084,468.75,1,2,problem_11_0084,23651.968,0.928571429,1,problem_11_0085,953.125,1,2,problem_11_0084,453.125,1,2
problem_11_0085,906.25,1,2,problem_11_0085,937.5,1,2,problem_11_0086,22682.28817,1,2,problem_11_0085,859.375,1,2
problem_11_0086,109.375,1,2,problem_11_0086,23581.54583,0.857142857,1,problem_11_0087,24992.75517,1,1,problem_11_0086,93.75,1,2
problem_11_0087,60000,0,-1,problem_11_0087,60000,0,-1,problem_11_0088,23427.52194,1,2,problem_11_0087,60000,0,-1
problem_11_0088,765.625,1,2,problem_11_0088,23179.86059,0.923076923,1,problem_11_0089,14405.0529,1,2,problem_11_0088,718.75,1,2
problem_11_0089,15.625,1,2,problem_11_0089,14793.95795,0.846153846,1,problem_11_0090,22570.88327,1,2,problem_11_0089,31.25,1,2
problem_11_0090,2437.5,1,2,problem_11_0090,20995.45479,0.857142857,1,problem_11_0091,44417.45114,1,2,problem_11_0090,2406.25,1,2
problem_11_0091,22203.1,1,2,problem_11_0091,18302.93489,0.75,1,problem_11_0092,20208.20236,1,1,problem_11_0091,21625,1,2
problem_11_0092,3671.88,1,2,problem_11_0092,22474.35594,1,1,problem_11_0093,18003.76916,1,2,problem_11_0092,3640.62,1,2
problem_11_0093,31.25,1,2,problem_11_0093,18806.37169,0.9375,1,problem_11_0094,23708.55665,1,2,problem_11_0093,31.25,1,2
problem_11_0094,328.125,1,2,problem_11_0094,24155.66754,0.923076923,1,problem_11_0095,22738.54303,1,2,problem_11_0094,296.875,1,2
problem_11_0095,125,1,2,problem_11_0095,23756.53982,0.928571429,1,problem_11_0096,17719.09285,1,2,problem_11_0095,109.375,1,2
problem_11_0096,109.375,1,2,problem_11_0096,18978.83964,0.615384615,1,problem_11_0097,22312.26897,1,2,problem_11_0096,109.375,1,2
problem_11_0097,1265.62,1,2,problem_11_0097,23085.95324,0.785714286,1,problem_11_0098,17627.67935,1,2,problem_11_0097,1218.75,1,2
problem_11_0098,31.25,1,2,problem_11_0098,18654.66022,0.9375,1,problem_11_0099,32028.69987,1,2,problem_11_0098,31.25,1,2
problem_11_0099,9734.38,1,2,problem_11_0099,23612.25271,0.923076923,1,problem_11_0100,22469.90895,1,1,problem_11_0099,9437.5,1,2
problem_11_0100,10734.4,1,2,problem_11_0100,23501.72234,1,1,problem_12_0001,49128.50472,1,2,problem_11_0100,11734.4,1,2
problem_12_0001,23578.1,1,2,problem_12_0001,28658.43368,0.923076923,1,problem_12_0002,55000,0.769230769,1,problem_12_0001,23171.9,1,2
problem_12_0002,60000,0,-1,problem_12_0002,28014.98532,0.692307692,1,problem_12_0003,52234.02664,1,2,problem_12_0002,60000,0,-1
problem_12_0003,26531.2,1,2,problem_12_0003,27058.67481,0.857142857,1,problem_12_0004,55000,0.857142857,1,problem_12_0003,25859.4,1,2
problem_12_0004,60000,0,-1,problem_12_0004,25829.22173,0.857142857,1,problem_12_0005,31379.28534,1,2,problem_12_0004,60000,0,-1
problem_12_0005,6843.75,1,2,problem_12_0005,26306.39887,0.857142857,1,problem_12_0006,24074.51057,1,1,problem_12_0005,6718.75,1,2
problem_12_0006,562.5,1,2,problem_12_0006,25085.93535,1,1,problem_12_0007,25506.54291,1,2,problem_12_0006,562.5,1,2
problem_12_0007,1109.38,1,2,problem_12_0007,1140.62,1,2,problem_12_0008,55000,0.928571429,1,problem_12_0007,1109.38,1,2
problem_12_0008,60000,0,-1,problem_12_0008,26840.78193,0.857142857,1,problem_12_0009,28162.9715,1,1,problem_12_0008,60000,0,-1
problem_12_0009,60000,0,-1,problem_12_0009,60000,0,-1,problem_12_0010,20174.08777,1,2,problem_12_0009,60000,0,-1
problem_12_0010,1015.62,1,2,problem_12_0010,27629.68445,0.933333333,1,problem_12_0011,60000,0,-1,problem_12_0010,1015.62,1,2
problem_12_0011,60000,0,-1,problem_12_0011,60000,0,-1,problem_12_0012,24903.29456,1,2,problem_12_0011,60000,0,-1
problem_12_0012,203.125,1,2,problem_12_0012,25113.81555,0.857142857,1,problem_12_0013,16453.1,1,2,problem_12_0012,203.125,1,2
problem_12_0013,16187.5,1,2,problem_12_0013,16140.6,1,2,problem_12_0014,32130.16367,1,2,problem_12_0013,15578.1,1,2
problem_12_0014,9843.75,1,2,problem_12_0014,21106.57287,0.866666667,1,problem_12_0015,23384.81545,1,2,problem_12_0014,9375,1,2
problem_12_0015,125,1,2,problem_12_0015,23639.75978,0.933333333,1,problem_12_0016,60000,0,-1,problem_12_0015,109.375,1,2
problem_12_0016,45734.4,1,2,problem_12_0016,22202.81506,1,1,problem_12_0017,29933.08567,1,2,problem_12_0016,43921.9,1,2
problem_12_0017,1343.75,1,2,problem_12_0017,28043.45441,0.857142857,1,problem_12_0018,55000,0.714285714,1,problem_12_0017,1296.88,1,2
problem_12_0018,60000,0,-1,problem_12_0018,24171.24796,0.857142857,1,problem_12_0019,55000,0.692307692,1,problem_12_0018,60000,0,-1
problem_12_0019,60000,0,-1,problem_12_0019,28298.76709,0.769230769,1,problem_12_0020,59948.00966,1,2,problem_12_0019,60000,0,-1
problem_12_0020,39843.8,1,2,problem_12_0020,21334.75161,0.846153846,1,problem_12_0021,25323.89045,1,2,problem_12_0020,38968.8,1,2
problem_12_0021,1843.75,1,2,problem_12_0021,22554.76117,0.8125,1,problem_12_0022,55000,0.769230769,1,problem_12_0021,1750,1,2
problem_12_0022,60000,0,-1,problem_12_0022,23829.56004,0.692307692,1,problem_12_0023,57002.03936,1,2,problem_12_0022,60000,0,-1
problem_12_0023,32781.2,1,2,problem_12_0023,25546.62848,0.857142857,1,problem_12_0024,55000,0.785714286,1,problem_12_0023,31718.8,1,2
problem_12_0024,60000,0,-1,problem_12_0024,27329.94509,0.857142857,1,problem_12_0025,28467.3326,1,2,problem_12_0024,60000,0,-1
problem_12_0025,4031.25,1,2,problem_12_0025,24636.73234,0.866666667,1,problem_12_0026,25692.16657,1,2,problem_12_0025,3968.75,1,2
problem_12_0026,1312.5,1,2,problem_12_0026,23629.38428,0.928571429,1,problem_12_0027,26358.53433,1,2,problem_12_0026,1328.12,1,2
problem_12_0027,1687.5,1,2,problem_12_0027,1687.5,1,2,problem_12_0028,24975.22998,1,2,problem_12_0027,1609.38,1,2
problem_12_0028,2031.25,1,2,problem_12_0028,2062.5,1,2,problem_12_0029,55000,0.769230769,1,problem_12_0028,1937.5,1,2
problem_12_0029,60000,0,-1,problem_12_0029,60000,0,-1,problem_12_0030,21264.03022,1,1,problem_12_0029,60000,0,-1
problem_12_0030,375,1,2,problem_12_0030,21220.38674,1,1,problem_12_0031,55000,0.928571429,1,problem_12_0030,359.375,1,2
problem_12_0031,60000,0,-1,problem_12_0031,23677.4497,0.928571429,1,problem_12_0032,26687.5,1,2,problem_12_0031,60000,0,-1
problem_12_0032,26734.4,1,2,problem_12_0032,26750,1,2,problem_12_0033,60000,0,-1,problem_12_0032,26140.6,1,2
problem_12_0033,12.2127533,0.5,1,problem_12_0033,60000,0,-1,problem_12_0034,22494.48681,1,2,problem_12_0033,60000,0,-1
problem_12_0034,296.875,1,2,problem_12_0034,20818.79044,1,1,problem_12_0035,60000,0,-1,problem_12_0034,281.25,1,2
problem_12_0035,60000,0,-1,problem_12_0035,26098.45161,0.769230769,1,problem_12_0036,29628.92723,1,2,problem_12_0035,60000,0,-1
problem_12_0036,6906.25,1,2,problem_12_0036,22123.57736,0.785714286,1,problem_12_0037,60000,0,-1,problem_12_0036,6812.5,1,2
problem_12_0037,44484.4,1,2,problem_12_0037,44406.2,1,2,problem_12_0038,26730.30329,1,2,problem_12_0037,43265.6,1,2
problem_12_0038,3578.12,1,2,problem_12_0038,25820.64891,1,1,problem_12_0039,28718.17565,1,2,problem_12_0038,3531.25,1,2
problem_12_0039,1437.5,1,2,problem_12_0039,1500,1,2,problem_12_0040,17335.45041,1,2,problem_12_0039,1375,1,2
problem_12_0040,156.25,1,2,problem_12_0040,17306.6299,0.733333333,1,problem_12_0041,4406.25,1,2,problem_12_0040,156.25,1,2
problem_12_0041,4375,1,2,problem_12_0041,26413.07545,0.714285714,1,problem_12_0042,19388.47923,1,2,problem_12_0041,4312.5,1,2
problem_12_0042,31.25,1,2,problem_12_0042,31.25,1,2,problem_12_0043,19202.88658,1,2,problem_12_0042,31.25,1,2
problem_12_0043,218.75,1,2,problem_12_0043,18447.3536,0.866666667,1,problem_12_0044,55000,0.866666667,1,problem_12_0043,203.125,1,2
problem_12_0044,60000,0,-1,problem_12_0044,23275.141,0.933333333,1,problem_12_0045,26227.18811,1,1,problem_12_0044,60000,0,-1
problem_12_0045,60000,0,-1,problem_12_0045,28274.41764,1,1,problem_12_0046,27774.61623,1,2,problem_12_0045,60000,0,-1
problem_12_0046,8953.12,1,2,problem_12_0046,22338.5253,0.875,1,problem_12_0047,33841.24752,1,2,problem_12_0046,8734.38,1,2
problem_12_0047,10750,1,2,problem_12_0047,10765.6,1,2,problem_12_0048,60000,0,-1,problem_12_0047,10421.9,1,2
problem_12_0048,60000,0,-1,problem_12_0048,28827.55232,0.769230769,1,problem_12_0049,60000,0,-1,problem_12_0048,60000,0,-1
problem_12_0049,57500,1,2,problem_12_0049,57203.1,1,2,problem_12_0050,26240.96107,1,2,problem_12_0049,54812.5,1,2
problem_12_0050,843.75,1,2,problem_12_0050,28391.05773,0.769230769,1,problem_12_0051,19552.07253,1,2,problem_12_0050,859.375,1,2
problem_12_0051,234.375,1,2,problem_12_0051,20497.88451,0.933333333,1,problem_12_0052,28320.3938,1,2,problem_12_0051,265.625,1,2
problem_12_0052,2906.25,1,2,problem_12_0052,26294.27624,0.866666667,1,problem_12_0053,60000,0,-1,problem_12_0052,2843.75,1,2
problem_12_0053,60000,0,-1,problem_12_0053,60000,0,-1,problem_12_0054,38316.7319,1,2,problem_12_0053,60000,0,-1
problem_12_0054,17687.5,1,2,problem_12_0054,22247.47992,0.769230769,1,problem_12_0055,60000,0,-1,problem_12_0054,17046.9,1,2
problem_12_0055,60000,0,-1,problem_12_0055,60000,0,-1,problem_12_0056,32174.99591,1,2,problem_12_0055,60000,0,-1
problem_12_0056,7937.5,1,2,problem_12_0056,26074.16797,0.8,1,problem_12_0057,55000,0.846153846,1,problem_12_0056,7828.12,1,2
problem_12_0057,60000,0,-1,problem_12_0057,24983.3672,1,1,problem_12_0058,17830.02138,1,2,problem_12_0057,60000,0,-1
problem_12_0058,31.25,1,2,problem_12_0058,18769.15407,0.882352941,1,problem_12_0059,22437.23798,1,1,problem_12_0058,15.625,1,2
problem_12_0059,750,1,2,problem_12_0059,23513.92508,1,1,problem_12_0060,21704.0596,1,2,problem_12_0059,703.125,1,2
problem_12_0060,1109.38,1,2,problem_12_0060,21461.69925,0.8125,1,problem_12_0061,58546.78794,1,2,problem_12_0060,1093.75,1,2
problem_12_0061,31437.5,1,2,problem_12_0061,28570.48321,0.857142857,1,problem_12_0062,45904.83141,1,2,problem_12_0061,31296.9,1,2
problem_12_0062,24921.9,1,2,problem_12_0062,22418.0963,0.733333333,1,problem_12_0063,21821.38777,1,2,problem_12_0062,24500,1,2
problem_12_0063,1203.12,1,2,problem_12_0063,21389.08434,0.857142857,1,problem_12_0064,60000,0,-1,problem_12_0063,1218.75,1,2
problem_12_0064,52421.9,1,2,problem_12_0064,25819.59701,0.928571429,1,problem_12_0065,34847.47434,1,2,problem_12_0064,51843.8,1,2
problem_12_0065,8593.75,1,2,problem_12_0065,28044.69109,0.692307692,1,problem_12_0066,16344.4345,1,2,problem_12_0065,8187.5,1,2
problem_12_0066,156.25,1,2,problem_12_0066,16175.95148,0.941176471,1,problem_12_0067,55000,0.875,1,problem_12_0066,156.25,1,2
problem_12_0067,60000,0,-1,problem_12_0067,22606.51708,0.875,1,problem_12_0068,55000,0.857142857,1,problem_12_0067,60000,0,-1
problem_12_0068,60000,0,-1,problem_12_0068,29011.7023,0.857142857,1,problem_12_0069,56708.15819,1,2,problem_12_0068,60000,0,-1
problem_12_0069,33890.6,1,2,problem_12_0069,23336.11202,0.785714286,1,problem_12_0070,23140.83909,1,2,problem_12_0069,34093.8,1,2
problem_12_0070,2640.62,1,2,problem_12_0070,21035.61378,0.785714286,1,problem_12_0071,23960.97206,1,2,problem_12_0070,2609.38,1,2
problem_12_0071,1234.38,1,2,problem_12_0071,22671.24271,0.733333333,1,problem_12_0072,21890.6,1,2,problem_12_0071,1296.88,1,2
problem_12_0072,21687.5,1,2,problem_12_0072,21750,1,2,problem_12_0073,23321.01035,1,2,problem_12_0072,20796.9,1,2
problem_12_0073,1875,1,2,problem_12_0073,23585.13808,0.928571429,1,problem_12_0074,43816.24096,1,2,problem_12_0073,1843.75,1,2
problem_12_0074,17921.9,1,2,problem_12_0074,24116.49299,0.857142857,1,problem_12_0075,60000,0,-1,problem_12_0074,17343.8,1,2
problem_12_0075,40937.5,1,2,problem_12_0075,29635.25224,0.785714286,1,problem_12_0076,21369.53068,1,2,problem_12_0075,40328.1,1,2
problem_12_0076,125,1,2,problem_12_0076,22762.13765,0.866666667,1,problem_12_0077,55000,0.846153846,1,problem_12_0076,125,1,2
problem_12_0077,60000,0,-1,problem_12_0077,60000,0,-1,problem_12_0078,22278.24616,1,2,problem_12_0077,60000,0,-1
problem_12_0078,828.125,1,2,problem_12_0078,22495.63837,0.866666667,1,problem_12_0079,60000,0,-1,problem_12_0078,781.25,1,2
problem_12_0079,60000,0,-1,problem_12_0079,26203.10998,0.923076923,1,problem_12_0080,29231.22525,1,2,problem_12_0079,60000,0,-1
problem_12_0080,8437.5,1,2,problem_12_0080,22327.83008,0.785714286,1,problem_12_0081,55000,0.857142857,1,problem_12_0080,8171.88,1,2
problem_12_0081,14.42217827,1,1,problem_12_0081,25130.00083,0.928571429,1,problem_12_0082,22302.42586,1,1,problem_12_0081,60000,0,-1
problem_12_0082,13.68260384,1,1,problem_12_0082,22440.01389,0.933333333,1,problem_12_0083,60000,0,-1,problem_12_0082,125,1,2
problem_12_0083,13.62252235,1,1,problem_12_0083,60000,0,-1,problem_12_0084,55000,0.846153846,1,problem_12_0083,60000,0,-1
problem_12_0084,60000,0,-1,problem_12_0084,23702.40808,0.846153846,1,problem_12_0085,55000,0.769230769,1,problem_12_0084,60000,0,-1
problem_12_0085,60000,0,-1,problem_12_0085,29583.29391,0.769230769,1,problem_12_0086,55000,0.714285714,1,problem_12_0085,60000,0,-1
problem_12_0086,60000,0,-1,problem_12_0086,23905.89476,0.857142857,1,problem_12_0087,55000,0.933333333,1,problem_12_0086,60000,0,-1
problem_12_0087,60000,0,-1,problem_12_0087,26078.97353,0.933333333,1,problem_12_0088,55000,0.785714286,1,problem_12_0087,60000,0,-1
problem_12_0088,14.09339905,0.5,1,problem_12_0088,27584.51343,0.857142857,1,problem_12_0089,44971.54737,1,2,problem_12_0088,60000,0,-1
problem_12_0089,20906.2,1,2,problem_12_0089,24866.26625,0.8,1,problem_12_0090,640.625,1,2,problem_12_0089,20562.5,1,2
problem_12_0090,625,1,2,problem_12_0090,640.625,1,2,problem_12_0091,671.875,1,2,problem_12_0090,593.75,1,2
problem_12_0091,640.625,1,2,problem_12_0091,22514.51635,1,1,problem_12_0092,30150.3675,1,2,problem_12_0091,609.375,1,2
problem_12_0092,8140.62,1,2,problem_12_0092,22542.11545,0.8,1,problem_12_0093,26464.62536,1,1,problem_12_0092,7968.75,1,2
problem_12_0093,60000,0,-1,problem_12_0093,24771.08693,0.928571429,1,problem_12_0094,10343.8,1,2,problem_12_0093,60000,0,-1
problem_12_0094,10343.8,1,2,problem_12_0094,10375,1,2,problem_12_0095,22322.07608,1,2,problem_12_0094,10218.8,1,2
problem_12_0095,2000,1,2,problem_12_0095,21650.66957,0.8,1,problem_12_0096,55000,0.857142857,1,problem_12_0095,1937.5,1,2
problem_12_0096,60000,0,-1,problem_12_0096,23018.75615,0.857142857,1,problem_12_0097,22704.61798,1,1,problem_12_0096,60000,0,-1
problem_12_0097,31.25,1,2,problem_12_0097,26711.04383,0.933333333,1,problem_12_0098,24516.73269,1,2,problem_12_0097,46.875,1,2
problem_12_0098,1140.62,1,2,problem_12_0098,25436.90777,0.9375,1,problem_12_0099,55000,0.857142857,1,problem_12_0098,1125,1,2
problem_12_0099,60000,0,-1,problem_12_0099,23460.65569,0.857142857,1,problem_12_0100,55000,0.692307692,1,problem_12_0099,60000,0,-1
problem_12_0100,60000,0,-1,problem_12_0100,25056.18453,0.846153846,1,problem_13_0001,11875,1,2,problem_12_0100,60000,0,-1
problem_13_0001,11781.2,1,2,problem_13_0001,27954.42224,0.533333333,1,problem_13_0002,60000,0,-1,problem_13_0001,11359.4,1,2
problem_13_0002,60000,0,-1,problem_13_0002,26303.23601,0.8,1,problem_13_0003,55000,0.9375,1,problem_13_0002,60000,0,-1
problem_13_0003,60000,0,-1,problem_13_0003,26194.37408,0.9375,1,problem_13_0004,55000,0.75,1,problem_13_0003,60000,0,-1
problem_13_0004,60000,0,-1,problem_13_0004,25059.84998,0.8125,1,problem_13_0005,21544.1668,1,2,problem_13_0004,60000,0,-1
problem_13_0005,796.875,1,2,problem_13_0005,781.25,1,2,problem_13_0006,24902.56,1,2,problem_13_0005,765.625,1,2
problem_13_0006,265.625,1,2,problem_13_0006,28889.48798,0.75,1,problem_13_0007,60000,0,-1,problem_13_0006,250,1,2
problem_13_0007,45703.1,1,2,problem_13_0007,21154.69813,0.764705882,1,problem_13_0008,55000,0.857142857,1,problem_13_0007,45671.9,1,2
problem_13_0008,60000,0,-1,problem_13_0008,60000,0,-1,problem_13_0009,60000,0,-1,problem_13_0008,60000,0,-1
problem_13_0009,60000,0,-1,problem_13_0009,31068.76016,0.642857143,1,problem_13_0010,43980.0258,1,2,problem_13_0009,60000,0,-1
problem_13_0010,21718.8,1,2,problem_13_0010,23569.35406,0.8125,1,problem_13_0011,1796.88,1,2,problem_13_0010,21015.6,1,2
problem_13_0011,1796.88,1,2,problem_13_0011,28540.09819,0.6,1,problem_13_0012,55000,0.866666667,1,problem_13_0011,1781.25,1,2
problem_13_0012,60000,0,-1,problem_13_0012,27711.39812,0.866666667,1,problem_13_0013,19118.47401,1,2,problem_13_0012,60000,0,-1
problem_13_0013,234.375,1,2,problem_13_0013,21854.11525,0.823529412,1,problem_13_0014,60000,0,-1,problem_13_0013,234.375,1,2
problem_13_0014,38953.1,1,2,problem_13_0014,28862.56957,0.8,1,problem_13_0015,55000,0.6,1,problem_13_0014,38218.8,1,2
problem_13_0015,60000,0,-1,problem_13_0015,27017.2894,0.733333333,1,problem_13_0016,55000,0.733333333,1,problem_13_0015,60000,0,-1
problem_13_0016,60000,0,-1,problem_13_0016,60000,0,-1,problem_13_0017,55000,0.733333333,1,problem_13_0016,60000,0,-1
problem_13_0017,60000,0,-1,problem_13_0017,23742.70034,0.8,1,problem_13_0018,55000,0.571428571,1,problem_13_0017,60000,0,-1
problem_13_0018,60000,0,-1,problem_13_0018,27863.38973,0.571428571,1,problem_13_0019,55000,0.9375,1,problem_13_0018,60000,0,-1
problem_13_0019,60000,0,-1,problem_13_0019,25100.14176,0.9375,1,problem_13_0020,55000,0.571428571,1,problem_13_0019,60000,0,-1
problem_13_0020,60000,0,-1,problem_13_0020,28460.22081,0.642857143,1,problem_13_0021,55000,0.733333333,1,problem_13_0020,60000,0,-1
problem_13_0021,60000,0,-1,problem_13_0021,22890.01536,0.733333333,1,problem_13_0022,13656.2,1,2,problem_13_0021,60000,0,-1
problem_13_0022,13625,1,2,problem_13_0022,13671.9,1,2,problem_13_0023,60000,0,-1,problem_13_0022,13500,1,2
problem_13_0023,60000,0,-1,problem_13_0023,28506.06775,0.6,1,problem_13_0024,55000,0.8,1,problem_13_0023,60000,0,-1
problem_13_0024,60000,0,-1,problem_13_0024,28030.96294,0.8,1,problem_13_0025,55000,0.857142857,1,problem_13_0024,60000,0,-1
problem_13_0025,60000,0,-1,problem_13_0025,60000,0,-1,problem_13_0026,55000,0.642857143,1,problem_13_0025,60000,0,-1
problem_13_0026,60000,0,-1,problem_13_0026,26764.80818,0.714285714,1,problem_13_0027,55000,0.866666667,1,problem_13_0026,60000,0,-1
problem_13_0027,60000,0,-1,problem_13_0027,29846.29273,0.8,1,problem_13_0028,23874.29881,1,1,problem_13_0027,60000,0,-1
problem_13_0028,6640.62,1,2,problem_13_0028,29030.89929,0.933333333,1,problem_13_0029,55000,0.866666667,1,problem_13_0028,6578.12,1,2
problem_13_0029,60000,0,-1,problem_13_0029,27768.30697,0.866666667,1,problem_13_0030,60000,0,-1,problem_13_0029,60000,0,-1
problem_13_0030,60000,0,-1,problem_13_0030,28072.50118,0.714285714,1,problem_13_0031,55000,0.866666667,1,problem_13_0030,60000,0,-1
problem_13_0031,60000,0,-1,problem_13_0031,25102.3519,0.8,1,problem_13_0032,60000,0,-1,problem_13_0031,60000,0,-1
problem_13_0032,60000,0,-1,problem_13_0032,60000,0,-1,problem_13_0033,60000,0,-1,problem_13_0032,60000,0,-1
problem_13_0033,60000,0,-1,problem_13_0033,23365.08417,0.571428571,1,problem_13_0034,60000,0,-1,problem_13_0033,60000,0,-1
problem_13_0034,60000,0,-1,problem_13_0034,26630.65028,0.642857143,1,problem_13_0035,21079.46968,1,2,problem_13_0034,60000,0,-1
problem_13_0035,109.375,1,2,problem_13_0035,23513.56697,0.875,1,problem_13_0036,55000,0.733333333,1,problem_13_0035,109.375,1,2
problem_13_0036,60000,0,-1,problem_13_0036,26148.31543,0.733333333,1,problem_13_0037,18250,1,2,problem_13_0036,60000,0,-1
problem_13_0037,18234.4,1,2,problem_13_0037,21088.4583,0.733333333,1,problem_13_0038,60000,0,-1,problem_13_0037,17953.1,1,2
problem_13_0038,60000,0,-1,problem_13_0038,60000,0,-1,problem_13_0039,55000,0.882352941,1,problem_13_0038,60000,0,-1
problem_13_0039,11.79599762,0.941176471,1,problem_13_0039,24169.86537,0.882352941,1,problem_13_0040,55000,0.866666667,1,problem_13_0039,60000,0,-1
problem_13_0040,60000,0,-1,problem_13_0040,26263.18359,0.733333333,1,problem_13_0041,60000,0,-1,problem_13_0040,60000,0,-1
problem_13_0041,60000,0,-1,problem_13_0041,31481.22549,0.571428571,1,problem_13_0042,51554.81175,1,2,problem_13_0041,60000,0,-1
problem_13_0042,30484.4,1,2,problem_13_0042,22882.37572,0.764705882,1,problem_13_0043,60000,0,-1,problem_13_0042,29640.6,1,2
problem_13_0043,60000,0,-1,problem_13_0043,60000,0,-1,problem_13_0044,49110.69179,1,2,problem_13_0043,60000,0,-1
problem_13_0044,24359.4,1,2,problem_13_0044,21547.05143,0.705882353,1,problem_13_0045,60000,0,-1,problem_13_0044,25000,1,2
problem_13_0045,60000,0,-1,problem_13_0045,60000,0,-1,problem_13_0046,60000,0,-1,problem_13_0045,60000,0,-1
problem_13_0046,60000,0,-1,problem_13_0046,25415.63535,0.8,1,problem_13_0047,55000,0.666666667,1,problem_13_0046,60000,0,-1
problem_13_0047,60000,0,-1,problem_13_0047,25218.79339,0.666666667,1,problem_13_0048,55000,0.8125,1,problem_13_0047,60000,0,-1
problem_13_0048,10.92410088,0.5,1,problem_13_0048,20995.86034,0.6875,1,problem_13_0049,55000,0.875,1,problem_13_0048,60000,0,-1
problem_13_0049,60000,0,-1,problem_13_0049,24864.39919,0.875,1,problem_13_0050,55000,0.875,1,problem_13_0049,60000,0,-1
problem_13_0050,60000,0,-1,problem_13_0050,23730.79252,0.875,1,problem_13_0051,51895.74763,1,2,problem_13_0050,60000,0,-1
problem_13_0051,25234.4,1,2,problem_13_0051,28431.53119,0.714285714,1,problem_13_0052,60000,0,-1,problem_13_0051,24859.4,1,2
problem_13_0052,47078.1,1,2,problem_13_0052,17694.14926,0.75,1,problem_13_0053,55000,0.857142857,1,problem_13_0052,46984.4,1,2
problem_13_0053,60000,0,-1,problem_13_0053,31264.57763,0.642857143,1,problem_13_0054,55000,0.571428571,1,problem_13_0053,60000,0,-1
problem_13_0054,60000,0,-1,problem_13_0054,27840.72018,0.642857143,1,problem_13_0055,22972.66699,1,2,problem_13_0054,60000,0,-1
problem_13_0055,1718.75,1,2,problem_13_0055,22484.59864,0.875,1,problem_13_0056,25196.38467,1,1,problem_13_0055,1640.62,1,2
problem_13_0056,60000,0,-1,problem_13_0056,26269.72771,1,1,problem_13_0057,21875,1,2,problem_13_0056,60000,0,-1
problem_13_0057,22078.1,1,2,problem_13_0057,22448.32444,0.733333333,1,problem_13_0058,55000,0.875,1,problem_13_0057,21671.9,1,2
problem_13_0058,60000,0,-1,problem_13_0058,23720.07656,0.6875,1,problem_13_0059,55000,0.866666667,1,problem_13_0058,60000,0,-1
problem_13_0059,60000,0,-1,problem_13_0059,25867.10596,0.866666667,1,problem_13_0060,50234.4,1,2,problem_13_0059,60000,0,-1
problem_13_0060,49796.9,1,2,problem_13_0060,50046.9,1,2,problem_13_0061,55000,0.6,1,problem_13_0060,48796.9,1,2
problem_13_0061,60000,0,-1,problem_13_0061,26278.3761,0.733333333,1,problem_13_0062,55000,0.866666667,1,problem_13_0061,60000,0,-1
problem_13_0062,60000,0,-1,problem_13_0062,28813.13372,1,1,problem_13_0063,55000,0.8125,1,problem_13_0062,60000,0,-1
problem_13_0063,60000,0,-1,problem_13_0063,24989.38274,0.8125,1,problem_13_0064,55000,0.8,1,problem_13_0063,60000,0,-1
problem_13_0064,60000,0,-1,problem_13_0064,24031.70705,0.8,1,problem_13_0065,55000,0.8125,1,problem_13_0064,60000,0,-1
problem_13_0065,60000,0,-1,problem_13_0065,26879.85587,0.875,1,problem_13_0066,55000,0.785714286,1,problem_13_0065,60000,0,-1
problem_13_0066,60000,0,-1,problem_13_0066,31542.24539,0.785714286,1,problem_13_0067,55000,0.928571429,1,problem_13_0066,60000,0,-1
problem_13_0067,60000,0,-1,problem_13_0067,26833.51207,0.928571429,1,problem_13_0068,23105.41725,1,2,problem_13_0067,60000,0,-1
problem_13_0068,234.375,1,2,problem_13_0068,24603.84965,0.8,1,problem_13_0069,39156.2,1,2,problem_13_0068,218.75,1,2
problem_13_0069,39203.1,1,2,problem_13_0069,39125,1,2,problem_13_0070,31462.75139,1,2,problem_13_0069,37875,1,2
problem_13_0070,3843.75,1,2,problem_13_0070,19893.86916,0.75,1,problem_13_0071,27789.11448,1,2,problem_13_0070,3750,1,2
problem_13_0071,687.5,1,2,problem_13_0071,27578.65715,0.8125,1,problem_13_0072,21358.02579,1,2,problem_13_0071,687.5,1,2
problem_13_0072,296.875,1,2,problem_13_0072,21296.12589,0.8,1,problem_13_0073,55000,0.857142857,1,problem_13_0072,296.875,1,2
problem_13_0073,60000,0,-1,problem_13_0073,29215.30986,0.857142857,1,problem_13_0074,60000,0,-1,problem_13_0073,60000,0,-1
problem_13_0074,39390.6,1,2,problem_13_0074,25364.47263,0.8,1,problem_13_0075,60000,0,-1,problem_13_0074,39437.5,1,2
problem_13_0075,60000,0,-1,problem_13_0075,25300.74215,0.866666667,1,problem_13_0076,6593.75,1,2,problem_13_0075,60000,0,-1
problem_13_0076,6546.88,1,2,problem_13_0076,6562.5,1,2,problem_13_0077,22484.5407,1,2,problem_13_0076,6437.5,1,2
problem_13_0077,687.5,1,2,problem_13_0077,23163.93709,0.8125,1,problem_13_0078,55000,0.785714286,1,problem_13_0077,640.625,1,2
problem_13_0078,60000,0,-1,problem_13_0078,27691.50996,0.785714286,1,problem_13_0079,18272.61233,1,2,problem_13_0078,60000,0,-1
problem_13_0079,31.25,1,2,problem_13_0079,22940.26637,0.6875,1,problem_13_0080,55000,0.666666667,1,problem_13_0079,31.25,1,2
problem_13_0080,60000,0,-1,problem_13_0080,27814.87489,0.8,1,problem_13_0081,55000,0.666666667,1,problem_13_0080,60000,0,-1
problem_13_0081,60000,0,-1,problem_13_0081,29712.8365,0.666666667,1,problem_13_0082,22934.04984,1,2,problem_13_0081,60000,0,-1
problem_13_0082,125,1,2,problem_13_0082,24514.69302,0.888888889,1,problem_13_0083,24823.62915,1,2,problem_13_0082,125,1,2
problem_13_0083,5703.12,1,2,problem_13_0083,15433.81691,0.6875,1,problem_13_0084,55000,0.8,1,problem_13_0083,5640.62,1,2
problem_13_0084,60000,0,-1,problem_13_0084,60000,0,-1,problem_13_0085,20549.27111,1,2,problem_13_0084,60000,0,-1
problem_13_0085,78.125,1,2,problem_13_0085,15939.56232,0.842105263,1,problem_13_0086,55000,0.8,1,problem_13_0085,78.125,1,2
problem_13_0086,60000,0,-1,problem_13_0086,27105.45921,0.8,1,problem_13_0087,55000,0.5,1,problem_13_0086,60000,0,-1
problem_13_0087,60000,0,-1,problem_13_0087,30739.81571,0.5,1,problem_13_0088,55000,0.875,1,problem_13_0087,60000,0,-1
problem_13_0088,60000,0,-1,problem_13_0088,29962.66961,0.875,1,problem_13_0089,22365.50355,1,2,problem_13_0088,60000,0,-1
problem_13_0089,531.25,1,2,problem_13_0089,24480.68285,0.733333333,1,problem_13_0090,55000,0.75,1,problem_13_0089,515.625,1,2
problem_13_0090,60000,0,-1,problem_13_0090,27595.30616,0.875,1,problem_13_0091,55000,0.866666667,1,problem_13_0090,60000,0,-1
problem_13_0091,60000,0,-1,problem_13_0091,25708.8778,0.866666667,1,problem_13_0092,49481.64133,1,2,problem_13_0091,60000,0,-1
problem_13_0092,22359.4,1,2,problem_13_0092,24483.33716,0.785714286,1,problem_13_0093,55000,0.933333333,1,problem_13_0092,21703.1,1,2
problem_13_0093,60000,0,-1,problem_13_0093,28845.08395,0.866666667,1,problem_13_0094,55000,0.866666667,1,problem_13_0093,60000,0,-1
problem_13_0094,60000,0,-1,problem_13_0094,60000,0,-1,problem_13_0095,28555.78446,1,2,problem_13_0094,60000,0,-1
problem_13_0095,7375,1,2,problem_13_0095,23196.35057,0.8125,1,problem_13_0096,55000,0.785714286,1,problem_13_0095,7312.5,1,2
problem_13_0096,60000,0,-1,problem_13_0096,28876.1251,0.714285714,1,problem_13_0097,60000,0,-1,problem_13_0096,60000,0,-1
problem_13_0097,60000,0,-1,problem_13_0097,25622.65086,0.6,1,problem_13_0098,55000,0.785714286,1,problem_13_0097,60000,0,-1
problem_13_0098,60000,0,-1,problem_13_0098,23991.77575,0.928571429,1,problem_13_0099,55000,0.6875,1,problem_13_0098,60000,0,-1
problem_13_0099,60000,0,-1,problem_13_0099,23932.88279,0.75,1,problem_13_0100,48524.3938,1,2,problem_13_0099,60000,0,-1
